unit,shift_samples,feature_move,move_frac_of_between
0,-0.5,0.09454439311050845,0.09704592786539244
0,-0.25,0.04841864840836702,0.049699749569347196
0,-0.1,0.02009388901115212,0.02062554995971229
0,0.1,0.020155938748775616,0.02068924146127429
0,0.25,0.05036239783452078,0.05169492834614078
0,0.5,0.101833971036157,0.1045283795504413
1,-0.5,0.09436885590877138,0.09686574615332033
1,-0.25,0.0481286911049259,0.049402120332667866
1,-0.1,0.019903930534070417,0.020430565402111467
1,0.1,0.019878371626209177,0.020404330235254762
1,0.25,0.0496320784306075,0.05094528553963375
1,0.5,0.10018597001051681,0.10283677433309717
2,-0.5,0.09433765198107236,0.09683371660596202
2,-0.25,0.04835883840023118,0.049638357057911905
2,-0.1,0.020164876904748597,0.020698416110465696
2,0.1,0.02012011366089214,0.020652468483204112
2,0.25,0.05034884268229861,0.051681014540345654
2,0.5,0.10213795803121407,0.10484040968807033
3,-0.5,0.09517187101063315,0.097690008101451
3,-0.25,0.048796491897476355,0.05008759035801938
3,-0.1,0.020219723813515268,0.020754714204691008
3,0.1,0.020459059821623386,0.02100038276539881
3,0.25,0.051075637270514146,0.05242703926862838
3,0.5,0.10319376530596246,0.10592415239616754
4,-0.5,0.09429682633197813,0.0967918107576435
4,-0.25,0.04782197052264164,0.04908728428027079
4,-0.1,0.01978730425333175,0.020310853325536556
4,0.1,0.019316674511949957,0.019827771268200154
4,0.25,0.04829577517048093,0.04957362524839943
4,0.5,0.09749106516526909,0.10007056543787143
5,-0.5,0.09454846326860143,0.0970501057151379
5,-0.25,0.04789675373644916,0.04916404617099682
5,-0.1,0.019776995611759347,0.020300271929289647
5,0.1,0.01930428677040517,0.019815055761412088
5,0.25,0.048244780131065326,0.04952128093951128
5,0.5,0.09726431883001778,0.09983781965813153
6,-0.5,0.138211703707632,0.14186862474738365
6,-0.25,0.06937059416060122,0.07120605945421056
6,-0.1,0.027869054948451866,0.028606437750812622
6,0.1,0.027733789897945012,0.02846759374428488
6,0.25,0.06947394119969737,0.07131214093584325
6,0.5,0.13895564277898062,0.14263224758189652
7,-0.5,0.09918322959326724,0.10180750256986978
7,-0.25,0.050059798533340874,0.051384322619156
7,-0.1,0.020400873214043217,0.020940656607811053
7,0.1,0.020225037481578913,0.02076016846623566
7,0.25,0.05046536743151617,0.05180062239899341
7,0.5,0.10124649039401774,0.10392535485332656
8,-0.5,0.09413038331206203,0.09662096384887339
8,-0.25,0.04818579784200231,0.04946073804763344
8,-0.1,0.01997841378875229,0.02050701939714201
8,0.1,0.02004641101780549,0.020576815753844308
8,0.25,0.05003335667784504,0.05135718114289652
8,0.5,0.10106710123538948,0.10374121926606097
9,-0.5,0.09491373180891335,0.09742503883648307
9,-0.25,0.0484090377371801,0.04968988461097093
9,-0.1,0.019964308576778264,0.020492540977653323
9,0.1,0.02000867449702646,0.020538080768585775
9,0.25,0.04990615241098639,0.05122661119898345
9,0.5,0.10053167759878144,0.10319162894233913
10,-0.5,0.4024188956362201,0.41306643189232983
10,-0.25,0.19333199784724486,0.19844733780485346
10,-0.1,0.07527291982356459,0.07726455379407567
10,0.1,0.07286463885362021,0.07479255250875733
10,0.25,0.1801837714612711,0.1849512246305944
10,0.5,0.35850470647514693,0.36799032432652834
11,-0.5,0.26527622733658146,0.2722951279873193
11,-0.25,0.13211761585676754,0.13561329441500644
11,-0.1,0.052834067185378544,0.05423199519525658
11,0.1,0.052816772043012626,0.054214242443525414
11,0.25,0.13266512134763822,0.13617528626481226
11,0.5,0.2671586193162239,0.2742273258708813
12,-0.5,0.3418763949694702,0.3509220470251236
12,-0.25,0.1704707086779726,0.17498116549532408
12,-0.1,0.0679653174624412,0.0697636007679387
12,0.1,0.06782438451575534,0.06961893889928672
12,0.25,0.16939215564308607,0.17387407520071238
12,0.5,0.3381147258073724,0.34706084846910007
13,-0.5,0.12229875343989928,0.12553463631083064
13,-0.25,0.061447805910908995,0.06307364343590993
13,-0.1,0.024789236826759844,0.02544513122122391
13,0.1,0.024469370212902887,0.025116801308538064
13,0.25,0.06134409131705953,0.06296718467445234
13,0.5,0.12282594288663304,0.12607577457758454
14,-0.5,0.09745113126804798,0.10002957493614413
14,-0.25,0.04919156499257122,0.050493116628025886
14,-0.1,0.02037484078415085,0.020913935390080643
14,0.1,0.01969321845497527,0.020214278126309368
14,0.25,0.049471053555792524,0.05078000013378676
14,0.5,0.10044530116740537,0.10310296709098223
15,-0.5,0.23307396313000545,0.23924082929780416
15,-0.25,0.11361387764664661,0.11661996879832416
15,-0.1,0.044821842304035464,0.0460077761559818
15,0.1,0.0434812597839695,0.04463172338056378
15,0.25,0.10833818069522465,0.11120468303739138
15,0.5,0.21632239174180745,0.22204603080064883
16,-0.5,0.25994150329609456,0.2668192533491508
16,-0.25,0.1295629194776359,0.1329910037389491
16,-0.1,0.051786735440213914,0.053156952269405006
16,0.1,0.051867175310297775,0.053239520484957836
16,0.25,0.13006208803070918,0.13350337971176432
16,0.5,0.2612994593865755,0.26821313937946406
17,-0.5,0.2731475023054781,0.2803746677432872
17,-0.25,0.13688546746390828,0.14050729783410554
17,-0.1,0.05470066921924978,0.05614798534943452
17,0.1,0.05448784354976336,0.055929528560095976
17,0.25,0.13620524936909148,0.13980908195910205
17,0.5,0.2712890878901714,0.27846708184254476
18,-0.5,0.1845522566884658,0.18943529489950864
18,-0.25,0.09214253847879612,0.09458052295174657
18,-0.1,0.03682950661342113,0.03780397255230569
18,0.1,0.036505524280237456,0.03747141802314335
18,0.25,0.09119657500414083,0.09360953038302396
18,0.5,0.18155172615522025,0.1863553738158025
19,-0.5,0.12067444362733667,0.12386734914852636
19,-0.25,0.06053456040895497,0.06213623451941889
19,-0.1,0.024287212972495097,0.024929824399266345
19,0.1,0.024358138275835217,0.025002626303697963
19,0.25,0.060900404827309004,0.06251175875586984
19,0.5,0.12183895977832068,0.12506267704337448
20,-0.5,0.0954122065922169,0.09793670268318681
20,-0.25,0.04832620709320508,0.04960486236442853
20,-0.1,0.01978825140639368,0.020311825539167647
20,0.1,0.019712959462924996,0.020234541458384915
20,0.25,0.04910003793875862,0.05039916787474924
20,0.5,0.09857188394340874,0.10117998142466932
21,-0.5,0.1133591162217951,0.11635846668227455
21,-0.25,0.056978875327185034,0.05848647014307806
21,-0.1,0.02305647593233983,0.02366652348748653
21,0.1,0.022835341541788436,0.02343953813798067
21,0.25,0.05710841495084614,0.05861943723462025
21,0.5,0.11449356940074977,0.11752293617379496
22,-0.5,0.2687959694670155,0.2759079984036076
22,-0.25,0.13346701225140428,0.13699839426987223
22,-0.1,0.05326691547895751,0.05467629615159382
22,0.1,0.05298290775293058,0.054384773911232004
22,0.25,0.1328895630310247,0.13640566641427762
22,0.5,0.2672222113484179,0.2742926004743355
23,-0.5,0.3514577354557903,0.3607568986445353
23,-0.25,0.1660721633508954,0.17046623977122263
23,-0.1,0.06382243555121181,0.06551110301651657
23,0.1,0.06046516936139211,0.06206500746538917
23,0.25,0.14756977966456328,0.15147430451745428
23,0.5,0.2891748548363065,0.29682608539385025
24,-0.5,0.32974157182947195,0.3384661505688728
24,-0.25,0.16465061354216204,0.16900707740678556
24,-0.1,0.0657271351446216,0.06746619874737853
24,0.1,0.0657735462471787,0.0675138378337667
24,0.25,0.16421439987341063,0.16855932203136031
24,0.5,0.3277501930573484,0.33642208222897363
25,-0.5,0.12108398354009478,0.12428772501137703
25,-0.25,0.06080900212655539,0.06241793764588959
25,-0.1,0.024535639948423043,0.025184824464236262
25,0.1,0.02420929892236615,0.024849848833928732
25,0.25,0.0606651043346389,0.06227023248564815
25,0.5,0.12147040016398165,0.1246843657700086
26,-0.5,0.21807249563673126,0.22384244041052595
26,-0.25,0.10648797472330074,0.10930552276590312
26,-0.1,0.042065136625035235,0.043178131248772185
26,0.1,0.04097066555256085,0.04205470174379922
26,0.25,0.10199763259551083,0.10469637140443548
26,0.5,0.2037353634218055,0.20912596434091932
27,-0.5,0.09427325008458759,0.09676761071014914
27,-0.25,0.048000908940251365,0.049270957200434375
27,-0.1,0.01978053149163047,0.020303901364432487
27,0.1,0.01984536251737953,0.020370447743771225
27,0.25,0.04945158026294164,0.050760011600240414
27,0.5,0.09958444618929223,0.10221933489070058
28,-0.5,0.09411947744652886,0.09660976942681386
28,-0.25,0.047947536920804015,0.04921617301938555
28,-0.1,0.019815551403224073,0.020339847862184002
28,0.1,0.019728789421273204,0.02025079025903221
28,0.25,0.04923268333613573,0.05053532291517019
28,0.5,0.09929243742486349,0.10191959991376028
29,-0.5,0.0942391415831939,0.09673259973745212
29,-0.25,0.047938851401010306,0.04920725769083308
29,-0.1,0.019777613649955946,0.020300906320058598
29,0.1,0.01966346680170063,0.020183739278868757
29,0.25,0.0490483942068039,0.050346157709671345
29,0.5,0.09881414382332794,0.10142865121943798
30,-0.5,0.09776069822034492,0.10034733267019613
30,-0.25,0.049533854646937894,0.050844462868811544
30,-0.1,0.020302298377902487,0.020839473596077355
30,0.1,0.020125164314344697,0.02065765277107676
30,0.25,0.050255673529683395,0.05158538024024065
30,0.5,0.10103988462217994,0.10371328253289917
31,-0.5,0.12569315754677157,0.12901885240513128
31,-0.25,0.06304782320129206,0.06471599532413244
31,-0.1,0.02527613796396012,0.025944915196600273
31,0.1,0.02536394256673793,0.026035043007114272
31,0.25,0.06343503430323062,0.06511345158178156
31,0.5,0.12688418824124045,0.13024139638746765
32,-0.5,0.28671745612421845,0.29430366676801956
32,-0.25,0.14075242931598636,0.14447657500230687
32,-0.1,0.055528110029765494,0.05699731928208065
32,0.1,0.0545557205834574,0.05599920154120961
32,0.25,0.13510389501502598,0.13867858704890737
32,0.5,0.26752788062240024,0.27460635740203493
33,-0.5,0.1823174346578883,0.18714134207548538
33,-0.25,0.09154503741310507,0.09396721270231938
33,-0.1,0.03659085933755679,0.037559010946896336
33,0.1,0.036886942980210384,0.037862928618603194
33,0.25,0.09243478873037964,0.0948805058053111
33,0.5,0.18487044841124942,0.18976190560545003
34,-0.5,0.24120221143216392,0.24758414160275768
34,-0.25,0.11966506598337795,0.12283126454528541
34,-0.1,0.047616351546038695,0.048876224864533246
34,0.1,0.047034180578135056,0.04827865032946309
34,0.25,0.11683261246397018,0.11992386759785108
34,0.5,0.23141285899874686,0.23753577428189643
35,-0.5,0.3215660442215438,0.33007430800267057
35,-0.25,0.15607004639624894,0.16019947842719165
35,-0.1,0.06130922117192797,0.06293139190580939
35,0.1,0.059718167042600856,0.06129824033346668
35,0.25,0.1486593976124461,0.15259275248979964
35,0.5,0.29738778894261786,0.30525632419090615
36,-0.5,0.25767773182449955,0.264495585115548
36,-0.25,0.12487495373345851,0.12817899986989784
36,-0.1,0.04878137218821259,0.05007207059882179
36,0.1,0.04707351515671916,0.04831902565527883
36,0.25,0.11598427739740445,0.11905308657142477
36,0.5,0.2281645246534542,0.2342014927852932
37,-0.5,0.30129774861971753,0.30926973685660375
37,-0.25,0.15068738449574542,0.15467439754894757
37,-0.1,0.060192466049417845,0.06178508874073699
37,0.1,0.06014112464787002,0.06173238890537716
37,0.25,0.15016787626862366,0.15414114373794888
37,0.5,0.2993353371622269,0.30725540227281456
38,-0.5,0.3782325882349346,0.38824018290840706
38,-0.25,0.18260471203529818,0.18743622047840552
38,-0.1,0.07127754647618213,0.07316346751165398
38,0.1,0.06899943438061427,0.07082507921783582
38,0.25,0.1707064259808818,0.17522311960409934
38,0.5,0.33876308150382733,0.347726358903714
39,-0.5,0.29886725466756164,0.30677493485938223
39,-0.25,0.14599023719537924,0.14985296919040228
39,-0.1,0.057553857306576695,0.05907666547735581
39,0.1,0.05626368812033696,0.05775235991398278
39,0.25,0.14023377188928426,0.1439441945029181
39,0.5,0.2801840585091017,0.2875974030456278
40,-0.5,0.29576783843982307,0.3035935116806394
40,-0.25,0.14742383336821446,0.15132449665173417
40,-0.1,0.05886833648397456,0.06042592424599806
40,0.1,0.05881869994858166,0.060374974385570095
40,0.25,0.14733237179601402,0.15123061511263702
40,0.5,0.2952043334069402,0.30301509695953566
41,-0.5,0.24561846665179182,0.25211724580258293
41,-0.25,0.12475222148325231,0.1280530202670001
41,-0.1,0.05027687063886112,0.05160713820029029
41,0.1,0.050828313358793654,0.05217317145366278
41,0.25,0.127816055209399,0.13119791947251566
41,0.5,0.2565253187212957,0.2633126805010572
42,-0.5,0.2889926854522248,0.2966390960195971
42,-0.25,0.1439722108233099,0.14778154818603464
42,-0.1,0.05743344543750997,0.05895306765018559
42,0.1,0.05752246389221402,0.05904444142973696
42,0.25,0.14376724450560138,0.14757115869778728
42,0.5,0.2874642718348877,0.29507024235438606
43,-0.5,0.321689618434527,0.33020115184570176
43,-0.25,0.16040218556356006,0.16464624096172198
43,-0.1,0.0640209589536064,0.06571487911739925
43,0.1,0.06420757640877306,0.06590643425352834
43,0.25,0.16069006962307797,0.16494174209885357
43,0.5,0.32183731147897315,0.3303527526764437
44,-0.5,0.20483659761878,0.21025633591480605
44,-0.25,0.1029663719940395,0.10569074252150523
44,-0.1,0.041283690258071326,0.04237600871919594
44,0.1,0.04103512826047859,0.042120870060044904
44,0.25,0.10292247057280952,0.10564567951969514
44,0.5,0.2054363694205772,0.21087197698137752
45,-0.5,0.2846831654612048,0.2922155511384728
45,-0.25,0.14170907119776094,0.14545852851638988
45,-0.1,0.05665583466423164,0.058154882199645805
45,0.1,0.05652549490523828,0.058021093802120456
45,0.25,0.14205247988330824,0.14581102339662058
45,0.5,0.28606917767966006,0.2936382356292976
46,-0.5,0.18795784044164315,0.19293098644056172
46,-0.25,0.09191474815778318,0.09434670556359519
46,-0.1,0.036343409696977275,0.03730501407643223
46,0.1,0.03498514873085542,0.03591081510382294
46,0.25,0.08711260332278081,0.08941750155768352
46,0.5,0.17303843438034366,0.1776168302353701
47,-0.5,0.17410851061755722,0.1787152194460948
47,-0.25,0.08727660179950164,0.08958583924348663
47,-0.1,0.03496274246579003,0.03588781599502622
47,0.1,0.03477035659544175,0.03569033981815429
47,0.25,0.08674744833076985,0.08904268498899537
47,0.5,0.1725134522994746,0.17707795773881607
48,-0.5,0.3179614180021276,0.32637430756306457
48,-0.25,0.15847186675050118,0.16266484815643567
48,-0.1,0.06332908679447612,0.0650047008250858
48,0.1,0.06352437766385056,0.06520515886388173
48,0.25,0.15949893336751556,0.16371908976239982
48,0.5,0.32100239541084424,0.32949574569955625
49,-0.5,0.3250895500171243,0.3336910416663107
49,-0.25,0.15867947860798404,0.16287795318236492
49,-0.1,0.06273932987521232,0.06439933962319948
49,0.1,0.061749334943652916,0.06338315057639984
49,0.25,0.15486881643645775,0.15896646531882694
49,0.5,0.31291840554052186,0.3211978628531046
50,-0.5,0.3828253045057059,0.3929544171136922
50,-0.25,0.1847106193253697,0.18959784762772366
50,-0.1,0.07214452415898029,0.07405338441627034
50,0.1,0.06999907113967697,0.071851165203688
50,0.25,0.1735131017109073,0.1781040567118053
50,0.5,0.34564851595068424,0.35479397394324924
51,-0.5,0.3454945141722271,0.3546358974567269
51,-0.25,0.17236803409945667,0.17692869194224198
51,-0.1,0.06889178784145031,0.07071458447636071
51,0.1,0.06920370997305345,0.071034759705026
51,0.25,0.17377997064039957,0.17837798668299618
51,0.5,0.349626515764384,0.3588772270084799
52,-0.5,0.158657662788234,0.16285556014138036
52,-0.25,0.07942814288082105,0.0815297192239049
52,-0.1,0.031914533015920885,0.03275895446597877
52,0.1,0.03163800553212599,0.03247511038636434
52,0.25,0.07934768685485476,0.08144713442500377
52,0.5,0.1590430085239223,0.1632511016773563
53,-0.5,0.25485520849394533,0.26159838109822264
53,-0.25,0.12746888958757593,0.13084156825184196
53,-0.1,0.05094026564260373,0.052288085864782854
53,0.1,0.05096696352281878,0.052315490139878046
53,0.25,0.12725358421049468,0.13062056614472772
53,0.5,0.25367697414565404,0.26038897203851086
54,-0.5,0.14412283133452594,0.1479361539409146
54,-0.25,0.07226616200485361,0.07417824065816854
54,-0.1,0.028897785093324548,0.029662386899648743
54,0.1,0.029024468434710342,0.02979242213500641
54,0.25,0.07268368207560441,0.07460680782471722
54,0.5,0.14534656041707744,0.14919226147267764
55,-0.5,0.21528197089684536,0.22097808162938676
55,-0.25,0.10760049378394917,0.11044747778784046
55,-0.1,0.04301484977225098,0.04415297270203304
55,0.1,0.042828180310917924,0.04396136418371483
55,0.25,0.1069699540650604,0.109800254720852
55,0.5,0.2130950779485412,0.21873332603544693
56,-0.5,0.4068872646136684,0.4176530287194368
56,-0.25,0.19509775830481088,0.20025981823182304
56,-0.1,0.0755746145723236,0.07757423103523384
56,0.1,0.07237622842880148,0.07429121931176634
56,0.25,0.17705412508984153,0.18173877145369435
56,0.5,0.3461448188139544,0.35530340840343994
57,-0.5,0.339375430726833,0.3483549101754407
57,-0.25,0.16201331514978579,0.1662999991642196
57,-0.1,0.06267476169525468,0.06433306304424631
57,0.1,0.059733523818673355,0.061314003431985224
57,0.25,0.14635736152368814,0.1502298072017379
57,0.5,0.28707424722408426,0.29466989814569755
58,-0.5,0.12528097081840978,0.12859575969501238
58,-0.25,0.06278986216769461,0.06445120894140831
58,-0.1,0.025086954766657645,0.025750726431780547
58,0.1,0.025367748836164185,0.026038949986005606
58,0.25,0.06349084682148617,0.06517074083440051
58,0.5,0.12715726456920265,0.13052169799767724
59,-0.5,0.3661704083176178,0.3758588517300783
59,-0.25,0.18108224144355667,0.18587346708433983
59,-0.1,0.0719745921070589,0.0738789561597633
59,0.1,0.0721301231387801,0.07403860236181363
59,0.25,0.1811116267883431,0.18590362993119539
59,0.5,0.36553628864672016,0.37520795398971174
60,-0.5,0.2894344262630642,0.29709252477886594
60,-0.25,0.14409174520856702,0.1479042453121935
60,-0.1,0.05745246778117406,0.05897259330295379
60,0.1,0.057905566457019546,0.05943768044313575
60,0.25,0.14513790458443607,0.14897808484922057
60,0.5,0.2917565945858686,0.2994761349764878
61,-0.5,0.34971139691655295,0.3589643540172797
61,-0.25,0.1742359607497919,0.17884604176069596
61,-0.1,0.06964493779414148,0.07148766190143085
61,0.1,0.070138255151385,0.07199403186257539
61,0.25,0.1766269078002442,0.1813002504911593
61,0.5,0.35709481247458,0.3665431261693945
62,-0.5,0.09812867295339969,0.1007250435869988
62,-0.25,0.04947717780230946,0.05078628642074846
62,-0.1,0.020144980104863715,0.020677992864381465
62,0.1,0.01997131579591902,0.02049973359966821
62,0.25,0.04979020017971174,0.05110759100643794
62,0.5,0.09980687071156187,0.10244764450731046
63,-0.5,0.11183677180089666,0.11479584279738578
63,-0.25,0.056054232434549225,0.05753736227419473
63,-0.1,0.022450723922212586,0.023044743983223245
63,0.1,0.022725639913324852,0.023326933931931675
63,0.25,0.05668139850179629,0.05818112242664015
63,0.5,0.11339619142370203,0.11639652285093226
64,-0.5,0.3097977515302208,0.3179946399647569
64,-0.25,0.15010094437402952,0.15407244090321723
64,-0.1,0.05887594045956787,0.060433729413947646
64,0.1,0.05724007129799262,0.05875457705569102
64,0.25,0.14232214455857783,0.14608782308577262
64,0.5,0.2842595726747869,0.2917807505792587
65,-0.5,0.113390291583541,0.11639046690785781
65,-0.25,0.05696506485426818,0.05847229426109943
65,-0.1,0.022976108619863822,0.023584029749331523
65,0.1,0.022818110789060486,0.023421851479562456
65,0.25,0.057097087995862876,0.058607810581573196
65,0.5,0.11435014066596318,0.11737571248138991
66,-0.5,0.16549506196927866,0.16987386895780027
66,-0.25,0.08194526779984967,0.08411344434269338
66,-0.1,0.03260260576072951,0.03346523281588357
66,0.1,0.03179741810167478,0.03263874082722174
66,0.25,0.07934232042195774,0.08144162600252958
66,0.5,0.15769216813767026,0.16186451962453538
67,-0.5,0.09504385619451912,0.09755860616209132
67,-0.25,0.048342526611910006,0.04962161367863058
67,-0.1,0.01990564721779192,0.020432327507288975
67,0.1,0.01981719925517929,0.020341539314386696
67,0.25,0.04943745014065759,0.050745507611343846
67,0.5,0.09952391891255384,0.10215720613256919
68,-0.5,0.11605835290646055,0.11912912203235419
68,-0.25,0.05811321503940428,0.05965082316566511
68,-0.1,0.023303008688560667,0.023919579213897497
68,0.1,0.022810758639564072,0.023414304800735603
68,0.25,0.05736069051617116,0.05887838771818956
68,0.5,0.11453620095836557,0.11756669571287558
69,-0.5,0.27623336098076384,0.2835421746524969
69,-0.25,0.13642860641224447,0.140038348770014
69,-0.1,0.05431742687027983,0.05575460285334478
69,0.1,0.05391082604872887,0.055337243846638566
69,0.25,0.13522122445427043,0.13879902088874485
69,0.5,0.27270650258134205,0.2799219996790146
70,-0.5,0.0952520284859426,0.09777228645039189
70,-0.25,0.048206671348945795,0.04948216384330985
70,-0.1,0.019797260095808896,0.020321072588034193
70,0.1,0.019543336420939673,0.020060430387857705
70,0.25,0.04875555138030654,0.05004556660234949
70,0.5,0.09805114081688132,0.10064546004026201
71,-0.5,0.14391130727071685,0.14771903319622678
71,-0.25,0.0722120033811508,0.0741226490602299
71,-0.1,0.029044714284870675,0.029813203666830688
71,0.1,0.028755379861852805,0.029516213791266656
71,0.25,0.0719882705436337,0.07389299651187173
71,0.5,0.14381332536927585,0.1476184588075558
72,-0.5,0.21020059366224317,0.21576225705912738
72,-0.25,0.10628795740303766,0.10910021321982152
72,-0.1,0.04315363489588415,0.04429542991873072
72,0.1,0.04315449498631666,0.044296312766156413
72,0.25,0.10895923938592962,0.11184217421920988
72,0.5,0.22041670959717002,0.2262486795477308
73,-0.5,0.09527802187339911,0.09779896759266898
73,-0.25,0.048282266395241934,0.04955975904666856
73,-0.1,0.019822313006144347,0.020346788369258687
73,0.1,0.019646451120783757,0.020166273382811767
73,0.25,0.04899832502373896,0.050294763754216786
73,0.5,0.09851970765496111,0.1011264246122727
74,-0.5,0.0956691068781728,0.0982004002521197
74,-0.25,0.04849794758211303,0.049781146907062875
74,-0.1,0.01991201302082689,0.020438861742073423
74,0.1,0.01972925673024556,0.020251269932456833
74,0.25,0.0492208713859457,0.050523198434506894
74,0.5,0.0989719939275256,0.10159067785392709
75,-0.5,0.15407606496271262,0.15815273856248369
75,-0.25,0.07712568938272658,0.07916634548234074
75,-0.1,0.030939033719586062,0.0317576445920638
75,0.1,0.030621042170516834,0.031431239356200624
75,0.25,0.07671666064330382,0.07874649431787774
75,0.5,0.1532333558797999,0.15728773237669888
76,-0.5,0.09440493134599488,0.0969027761046831
76,-0.25,0.04792285822167194,0.049190841350557936
76,-0.1,0.019745686965683785,0.02026813489282826
76,0.1,0.01954222197755393,0.020059286457595266
76,0.25,0.04875892927484603,0.050049033872052444
76,0.5,0.09819243781658048,0.10079049559434687
77,-0.5,0.09417130046610937,0.09666296362325974
77,-0.25,0.047848157056864925,0.04911416367975361
77,-0.1,0.019749456694850186,0.020272004364646934
77,0.1,0.019530838711810897,0.020047602003871186
77,0.25,0.04874586160113655,0.05003562044288488
77,0.5,0.0982445240551188,0.10084395997421826
78,-0.5,0.09388271289776415,0.09636674036327493
78,-0.25,0.04782268102284367,0.04908801357948237
78,-0.1,0.019790145438041428,0.020313769684691407
78,0.1,0.019655379094754653,0.02017543758059715
78,0.25,0.049044598713425584,0.05034226179194966
78,0.5,0.09895077258887672,0.10156889502332264
79,-0.5,0.09385696774903911,0.09634031402783763
79,-0.25,0.04777686603635553,0.049040986381701485
79,-0.1,0.019764176902355064,0.020287114051733425
79,0.1,0.019589266558709174,0.02010757578368902
79,0.25,0.048884365176375844,0.05017778866174541
79,0.5,0.09860896439767995,0.10121804298466278
80,-0.5,0.09625945500730936,0.09880636830660484
80,-0.25,0.04887213716052298,0.05016523710680543
80,-0.1,0.019969887238467855,0.02049826724424727
80,0.1,0.020131619294463287,0.02066427854246681
80,0.25,0.050054066161673794,0.05137843857559722
80,0.5,0.10030021931504668,0.1029540465414355
81,-0.5,0.20018775334894098,0.20548448862883414
81,-0.25,0.09735896649092093,0.09993497158613535
81,-0.1,0.038394171783560485,0.03941003694427182
81,0.1,0.03724845316102785,0.03823400393862994
81,0.25,0.09276537335869452,0.09521983731866011
81,0.5,0.1854009051783115,0.1903063976420306
82,-0.5,0.10197113100165127,0.1046691686092046
82,-0.25,0.05151167298568424,0.05287461198202738
82,-0.1,0.020923512791107313,0.02147712462063205
82,0.1,0.02102045075360624,0.021576627448949885
82,0.25,0.052372762435146734,0.05375848485749776
82,0.5,0.10499549077570518,0.10777354942773469
83,-0.5,0.17574974231440435,0.18039987622607384
83,-0.25,0.08791457586401566,0.0902406933602448
83,-0.1,0.03535760432634374,0.036293125441471126
83,0.1,0.0350671098335982,0.035994944802082755
83,0.25,0.08800405780163013,0.09033254288592571
83,0.5,0.1767934657155583,0.1814712153353261
84,-0.5,0.16372447664763518,0.16805643600645756
84,-0.25,0.08225532290727672,0.08443170314789288
84,-0.1,0.033218062920200096,0.03409697425646174
84,0.1,0.032923648513129865,0.033794769986371674
84,0.25,0.08275359992690715,0.08494316399832656
84,0.5,0.16636557124077483,0.17076741089284692
85,-0.5,0.22950509967336427,0.23557753786210991
85,-0.25,0.11482849617407928,0.11786672472026892
85,-0.1,0.046067991576364806,0.047286897089685725
85,0.1,0.045837292489545295,0.04705009397316533
85,0.25,0.11500035226080015,0.11804312791929995
85,0.5,0.230601554648317,0.23670300376131498
86,-0.5,0.094012085159318,0.09649953566450303
86,-0.25,0.047907605121083004,0.04917518467065575
86,-0.1,0.01983230316582632,0.02035704285695451
86,0.1,0.019676945755228988,0.02019757486984119
86,0.25,0.049129734776501226,0.05042965045630255
86,0.5,0.09915817240215188,0.10178178239460094
87,-0.5,0.255305823419645,0.26206091877111676
87,-0.25,0.12403466186575751,0.1273164748560298
87,-0.1,0.048860153842027576,0.05015293672363058
87,0.1,0.047533672889716536,0.04879135862706034
87,0.25,0.11856026242944033,0.1216972291733989
87,0.5,0.23768528950738665,0.24397416601149002
88,-0.5,0.09671699538745784,0.09927601467342319
88,-0.25,0.04895901186117146,0.05025441041106055
88,-0.1,0.020057912746968498,0.02058862180539277
88,0.1,0.019853073991391516,0.020378363254422695
88,0.25,0.04953823799191208,0.05084896219199908
88,0.5,0.0995294579096118,0.10216289168505145
89,-0.5,0.09599995542213723,0.09854000266401959
89,-0.25,0.04867073541123966,0.04995850650132079
89,-0.1,0.019989653716518077,0.020518556720332565
89,0.1,0.019787879667904414,0.02031144396491002
89,0.25,0.04939159608103288,0.05069844030659661
89,0.5,0.09934978039692768,0.10197846011421684
90,-0.5,0.3103323506584394,0.3185433839645556
90,-0.25,0.15492305462773465,0.15902213858960518
90,-0.1,0.06185658570201769,0.06349323906517582
90,0.1,0.061796171335564365,0.06343122620480439
90,0.25,0.15444232066027505,0.15852868496011288
90,0.5,0.30845711207812565,0.31661852875095436
92,-0.5,0.11656629830423919,0.11965050707498456
92,-0.25,0.05856040383686937,0.06010984405895365
92,-0.1,0.023602244008633685,0.02422673195274517
92,0.1,0.02353130530062091,0.02415391628896884
92,0.25,0.05884824396438677,0.060405300101695064
92,0.5,0.11786918175675615,0.120987863309343
94,-0.5,0.2010608465054829,0.20638068281552163
94,-0.25,0.10069298314501314,0.10335720244584232
94,-0.1,0.04049154997659798,0.04156290932656162
94,0.1,0.040262039483369004,0.04132732625243669
94,0.25,0.10117944283296144,0.10385653329173258
94,0.5,0.20342162354494409,0.20880392327156896
95,-0.5,0.11372008184395743,0.11672898303525707
95,-0.25,0.05724655997973454,0.05876123742041018
95,-0.1,0.023211567894370105,0.02382571900257223
95,0.1,0.02290239591154484,0.023508366688425042
95,0.25,0.05730200962215703,0.058818154195923296
95,0.5,0.11488867410234217,0.1179284948865702
96,-0.5,0.0945978629646368,0.09710081246971422
96,-0.25,0.04800727157940165,0.04927748818762143
96,-0.1,0.019761963134038645,0.020284841709680368
96,0.1,0.019578302653446723,0.020096321786236424
96,0.25,0.04883522315859895,0.050127346403294804
96,0.5,0.09828940176545126,0.10089002509660576
97,-0.5,0.09420459998248792,0.09669714420613838
97,-0.25,0.04785865525801913,0.04912493965110853
97,-0.1,0.019730196317738508,0.020252234380342782
97,0.1,0.019561608075655167,0.020079185489320237
97,0.25,0.048792511672336135,0.050083504820748075
97,0.5,0.09826428942409368,0.10086424831188337
98,-0.5,0.0938537873316013,0.09633704946025094
98,-0.25,0.04776615543156908,0.049029992386761076
98,-0.1,0.01977705340378566,0.020300331250425806
98,0.1,0.01958991248196106,0.02010823879731941
98,0.25,0.04889976051445829,0.05019359134257986
98,0.5,0.09872130730977244,0.10133335835963558
99,-0.5,0.2756825907587754,0.2829768316905825
99,-0.25,0.13763844827822883,0.14128020164560035
99,-0.1,0.05496265725236975,0.056416905281408046
99,0.1,0.05469460886603217,0.05614176464631458
99,0.25,0.13681206734463794,0.1404319556329906
99,0.5,0.2731102044830917,0.28033638306387093
100,-0.5,0.11049226819069909,0.11341576518434866
100,-0.25,0.05557233301126282,0.057042712352269015
100,-0.1,0.02248330248862732,0.02307818454063998
100,0.1,0.022276049550650753,0.022865447930809978
100,0.25,0.05572035980864779,0.05719465576666458
100,0.5,0.1116732967821867,0.11462804241968409
101,-0.5,0.09389939726750302,0.09638386618204522
101,-0.25,0.047818080249501994,0.04908329107502545
101,-0.1,0.019818962636074813,0.020343349352291172
101,0.1,0.019638394860945808,0.020158003963702115
101,0.25,0.049034082053033536,0.05033146687294691
101,0.5,0.09906140973818171,0.10168245950300718
102,-0.5,0.2714174586528752,0.27859884914642724
102,-0.25,0.13564185088410574,0.13923077660502897
102,-0.1,0.05418342929261549,0.05561705985551781
102,0.1,0.05409090017003954,0.05552208251990302
102,0.25,0.13503024515200576,0.13860298849611322
102,0.5,0.2689938231725979,0.2761110870882788
103,-0.5,0.21410622263885465,0.21977122443903535
103,-0.25,0.10463150083040203,0.10739992873153613
103,-0.1,0.04131826162342541,0.04241149480269577
103,0.1,0.039908017237014225,0.04096393698891545
103,0.25,0.09935856717732126,0.10198747938260695
103,0.5,0.197587625821015,0.20281556474858894
104,-0.5,0.09443324027040226,0.09693183405032747
104,-0.25,0.047889658437558325,0.049156763138744036
104,-0.1,0.019722902351495434,0.02024474742423053
104,0.1,0.019464954869958268,0.019979974952138442
104,0.25,0.04856321396841579,0.04984814016608956
104,0.5,0.09775673520533529,0.10034326479841547
105,-0.5,0.14831568077460805,0.15223994130392676
105,-0.25,0.07409879760655673,0.0760593656678616
105,-0.1,0.02968618519856901,0.030471647155338278
105,0.1,0.029258665351810112,0.030032815630330834
105,0.25,0.0732681787472208,0.07520676959891726
105,0.5,0.14611109050228208,0.1499770201353407
106,-0.5,0.14649826319237644,0.15037443696481284
106,-0.25,0.07339930577745205,0.07534136609796242
106,-0.1,0.029416850121347194,0.03019518578501527
106,0.1,0.029273555094342776,0.0300480993381449
106,0.25,0.0733393693043334,0.07527984377542786
106,0.5,0.14664281811304566,0.15052281664067005
107,-0.5,0.10953016008060927,0.11242820081190248
107,-0.25,0.05505269387435931,0.05650932416776791
107,-0.1,0.022205435479741485,0.022792965493657596
107,0.1,0.022200672968624605,0.02278807697203192
107,0.25,0.05541882145922594,0.05688513906298827
107,0.5,0.11093868766787436,0.1138739964020267
108,-0.5,0.09458945457908052,0.09709218160804899
108,-0.25,0.04799271130448169,0.049262542664750164
108,-0.1,0.019768732573653962,0.020291790260799938
108,0.1,0.01951930168282864,0.02003575971851129
108,0.25,0.04870546326096311,0.04999415320958453
108,0.5,0.09804414142852565,0.10063827545622567
109,-0.5,0.09751169280189753,0.10009173885779003
109,-0.25,0.04931711421139978,0.05062198773326162
109,-0.1,0.020198766389118758,0.02073320227120331
109,0.1,0.01993562505266412,0.020463098520829334
109,0.25,0.04978590158778941,0.0511031786787695
109,0.5,0.10006041772287813,0.10270790007785416
110,-0.5,0.13615182937326734,0.13975424853227728
110,-0.25,0.06837029088285611,0.07017928931436629
110,-0.1,0.02743934640143534,0.02816535961508261
110,0.1,0.027399767846518926,0.028124733857604372
110,0.25,0.06866315875016253,0.07047990612504791
110,0.5,0.13740567264804854,0.14104126704279538
111,-0.5,0.10123027181059943,0.1039087071450415
111,-0.25,0.05112073772208487,0.05247333302572842
111,-0.1,0.020835362563761103,0.021386642040725285
111,0.1,0.020645507804793232,0.021191763945499036
111,0.25,0.05156225842482188,0.05292653585309028
111,0.5,0.10346373139391712,0.10620126147303398
112,-0.5,0.09583793757425763,0.0983736980121948
112,-0.25,0.04854661113901842,0.04983109804512342
112,-0.1,0.019925875914170475,0.020453091431462348
112,0.1,0.01970356274704211,0.020224896116321358
112,0.25,0.049166961344725486,0.05046786199625442
112,0.5,0.09885437480627236,0.10146994666743155
113,-0.5,0.09431332837200972,0.09680874942247436
113,-0.25,0.04793673587999464,0.049205086195590164
113,-0.1,0.019770378462066376,0.020293479697506764
113,0.1,0.019606856089263745,0.02012563071277815
113,0.25,0.04892279181837796,0.05021723202803249
113,0.5,0.09856467645438745,0.10117258323386563
114,-0.5,0.2740680930521787,0.28131961625116364
114,-0.25,0.13703211803934662,0.1406578286133213
114,-0.1,0.054748170222735364,0.056196743174262986
114,0.1,0.054718675070861984,0.05616646761495259
114,0.25,0.13669390068452353,0.140310662420392
114,0.5,0.2726438648607088,0.2798577046370958
115,-0.5,0.17866140421787746,0.18338857731935376
115,-0.25,0.08935681649524051,0.09172109400228803
115,-0.1,0.035859048039972814,0.036807836772946086
115,0.1,0.03557481086359824,0.036516079011247114
115,0.25,0.08924989549052635,0.09161134399206101
115,0.5,0.17894508867794365,0.18367976774051323
116,-0.5,0.21571987387813296,0.22142757101459445
116,-0.25,0.10707611520218072,0.10990922475827183
116,-0.1,0.04263456773486036,0.04376262884392632
116,0.1,0.04204869689670047,0.043161256544333206
116,0.25,0.10440873764890164,0.10717127149516588
116,0.5,0.20675327113188863,0.21222372238136505
117,-0.5,0.09408614710783608,0.09657555720609837
117,-0.25,0.0478613458919751,0.04912770147611171
117,-0.1,0.019726604761509604,0.020248547795710448
117,0.1,0.019689469230997143,0.020210429702222418
117,0.25,0.04908032993997993,0.05037893842522903
117,0.5,0.09884031538548704,0.1014555152507132
118,-0.5,0.27605291219160405,0.28335695139810757
118,-0.25,0.13735090907778869,0.1409850544921169
118,-0.1,0.055094293421717844,0.05655202439079934
118,0.1,0.05531177171985956,0.05677525691193975
118,0.25,0.13992008126759,0.14362220399196934
118,0.5,0.28508965525895164,0.2926327961838141
119,-0.5,0.09628997716722497,0.09883769804739662
119,-0.25,0.0485955055918325,0.04988128618833004
119,-0.1,0.019631439667700448,0.020150864744127348
119,0.1,0.020062816515052775,0.020593655321481018
119,0.25,0.049724466962105175,0.051040118564293746
119,0.5,0.09922414144666224,0.1018494969033547
120,-0.5,0.2719582445648542,0.2791539436250939
120,-0.25,0.13427451331279094,0.13782726087080288
120,-0.1,0.053403248178978874,0.05481623605640132
120,0.1,0.05270061109235968,0.05409500800912945
120,0.25,0.13207579904291836,0.13557037117686557
120,0.5,0.26528548446963207,0.2723046300533511
121,-0.5,0.14326229264891904,0.1470528464018713
121,-0.25,0.0717116629711906,0.07360907022455654
121,-0.1,0.028623734933115156,0.029381085690722543
121,0.1,0.028349435209696988,0.029099528315435125
121,0.25,0.07095441690828311,0.07283178831095458
121,0.5,0.14130740339977046,0.14504623305531403
122,-0.5,0.0941940685482198,0.09668633412235997
122,-0.25,0.0477947175484534,0.049059310224061056
122,-0.1,0.019707132206751302,0.020228560019785752
122,0.1,0.019437909494342803,0.019952213987318425
122,0.25,0.04850231121806146,0.049785625999746744
122,0.5,0.09768618528615515,0.10027084821037241
123,-0.5,0.09436886161336853,0.0968657520088545
123,-0.25,0.0478557484542149,0.04912195593665415
123,-0.1,0.019708326847208083,0.02022978626904052
123,0.1,0.01944892359307299,0.019963519506299574
123,0.25,0.04851880976414722,0.04980256107818605
123,0.5,0.0976601338090915,0.1002441074415047
124,-0.5,0.3072584894840055,0.3153881919961259
124,-0.25,0.15326644952066082,0.157321701636833
124,-0.1,0.06128846371076679,0.0629100852263518
124,0.1,0.061568803899055474,0.06319784289018952
124,0.25,0.15470207855996035,0.15879531575191308
124,0.5,0.31159279775073445,0.3198371810219235
125,-0.5,0.2551862912996427,0.2619382239701487
125,-0.25,0.1268821728744932,0.13023932769645866
125,-0.1,0.05062492784815906,0.05196440459880719
125,0.1,0.050523129545371505,0.05185991283124576
125,0.25,0.1265787367780694,0.12992786303360046
125,0.5,0.25404458435298044,0.26076630878465806
126,-0.5,0.23793262617598496,0.24422804692086558
126,-0.25,0.12147031464591136,0.12468427798922957
126,-0.1,0.049123825502529,0.050423584829809236
126,0.1,0.050341097114076215,0.051673064033390594
126,0.25,0.12708257546159257,0.13044503270308927
126,0.5,0.2571288623244575,0.2639321931664735
127,-0.5,0.36068819517755857,0.370231585602186
127,-0.25,0.1774425278129972,0.18213745086147295
127,-0.1,0.07046443900324081,0.07232884616003515
127,0.1,0.07020595443665496,0.07206352239224824
127,0.25,0.17664576961318718,0.1813196113657501
127,0.5,0.35808514791068463,0.3675596647300938
128,-0.5,0.0946587751923051,0.0971633363641297
128,-0.25,0.04800897103313059,0.0492792326069208
128,-0.1,0.019684475580438964,0.02020530392547448
128,0.1,0.01969350350273653,0.020214570716103088
128,0.25,0.04902742831053581,0.05032463708015619
128,0.5,0.09847866591600306,0.1010842969566037
129,-0.5,0.23777427701455459,0.24406550802466945
129,-0.25,0.11901717679494458,0.12216623296195311
129,-0.1,0.047796313246324655,0.049060948142243335
129,0.1,0.04757973132338656,0.0488386357133526
129,0.25,0.11954919530790013,0.12271232806640832
129,0.5,0.24019391372321322,0.2465491655083499
130,-0.5,0.09671713013900934,0.09927615299034412
130,-0.25,0.049042233228794696,0.050339833719344786
130,-0.1,0.02012790961536343,0.020660470709569646
130,0.1,0.020003987486034214,0.02053326974473028
130,0.25,0.04994765532187734,0.05126921222865867
130,0.5,0.10052268988810904,0.10318240342728856
131,-0.5,0.30687703049301235,0.31499664004359224
131,-0.25,0.14812767503321603,0.15204696114913235
131,-0.1,0.0578094923460404,0.05933906432284487
131,0.1,0.055758683100587035,0.05723399304836624
131,0.25,0.13777450323869675,0.14141985646218863
131,0.5,0.27262267144612584,0.2798359504693956
132,-0.5,0.09442389920622153,0.09692224583244544
132,-0.25,0.047990918727055625,0.04926070265780888
132,-0.1,0.019804374823161355,0.020328375562803112
132,0.1,0.019667360883934646,0.020187736393992683
132,0.25,0.049096089718412596,0.05039511518908179
132,0.5,0.09901252358460481,0.1016322798786259
133,-0.5,0.30727402370056145,0.3154041372299968
133,-0.25,0.1519507286657201,0.1559711683373033
133,-0.1,0.060475023457738544,0.062075122289671734
133,0.1,0.06005064084138632,0.06163951100254119
133,0.25,0.15062813507291453,0.15461358045525286
133,0.5,0.30320908957097825,0.31123164966792627
134,-0.5,0.3349039347243581,0.34376510358585943
134,-0.25,0.16360361452044922,0.1679323760078616
134,-0.1,0.0644846910840396,0.0661908810610183
134,0.1,0.06315247373011093,0.0648234147843109
134,0.25,0.1574850282471309,0.1616518990532464
134,0.5,0.3149411907832892,0.3232741686423578
135,-0.5,0.1936921910907211,0.19881706134290758
135,-0.25,0.0963990671630966,0.09894967443776616
135,-0.1,0.03856107446774408,0.039581355679491684
135,0.1,0.038035988851436074,0.03904237690807136
135,0.25,0.09538346662491909,0.09790720228975812
135,0.5,0.19112610242848063,0.19618307695717133
136,-0.5,0.1418549927290216,0.1456083109617664
136,-0.25,0.07123897360828076,0.07312387405050032
136,-0.1,0.02889137287034092,0.02965580501669775
136,0.1,0.028216258063004148,0.028962827456229592
136,0.25,0.07110735975761592,0.07298877785031871
136,0.5,0.14322242571921004,0.14701192463953863
137,-0.5,0.09547112772081755,0.09799718279636753
137,-0.25,0.04840304922234172,0.049683737646990245
137,-0.1,0.019893127953182183,0.020419476997488525
137,0.1,0.019686965633654945,0.02020785986260442
137,0.25,0.0491319111562119,0.050431884420490805
137,0.5,0.09885249056714163,0.10146801257352342
138,-0.5,0.09566119937665447,0.09819228352730189
138,-0.25,0.04849794046469568,0.049781139601326935
138,-0.1,0.0199355123254776,0.020462982811012477
138,0.1,0.019717600120593554,0.02023930490246165
138,0.25,0.04922391418142475,0.05052632173881775
138,0.5,0.0990630389528414,0.10168413182479315
139,-0.5,0.15348290726218802,0.15754388659861707
139,-0.25,0.07701971834490386,0.07905757057402497
139,-0.1,0.030850837934500424,0.03166711524901278
139,0.1,0.030825592428155597,0.03164120177591235
139,0.25,0.07723120487403858,0.07927465279091456
139,0.5,0.15436487436985183,0.15844918953085912
140,-0.5,0.14670485961425084,0.15058649968788768
140,-0.25,0.07273437564091223,0.07465884268284309
140,-0.1,0.028935456705168304,0.02970105525855702
140,0.1,0.028678549147806567,0.029437350225825363
140,0.25,0.07153499982483967,0.07342773277668477
140,0.5,0.14232265062770486,0.14608834254490055
141,-0.5,0.09658010441196511,0.09913550172182421
141,-0.25,0.04887904039841252,0.050172322996346046
141,-0.1,0.020014584364449098,0.02054414700423151
141,0.1,0.019852813057752633,0.020378095416783006
141,0.25,0.049520836195144406,0.050831099963914654
141,0.5,0.09948463950375275,0.10211688743626479
142,-0.5,0.09753724570288592,0.10011796785883902
142,-0.25,0.04931793798461545,0.05062283330255912
142,-0.1,0.02017441741376192,0.020708209050258795
142,0.1,0.019963799724528664,0.020492018661764626
142,0.25,0.04982630285796033,0.05114464891959166
142,0.5,0.10008073033994137,0.10272875014315601
143,-0.5,0.1588341225484891,0.1630366888217966
143,-0.25,0.07966062598899143,0.08176835356490758
143,-0.1,0.03203447613250503,0.032882071138020545
143,0.1,0.03181231961032299,0.0326540366124691
143,0.25,0.07977700864067347,0.0818878155662842
143,0.5,0.15982170583789929,0.16405040241719873
144,-0.5,0.3002087307631297,0.30815190485327154
144,-0.25,0.14945139380484035,0.15340570398092532
144,-0.1,0.05962047673289163,0.061197965251705795
144,0.1,0.05937781052565653,0.06094887837867272
144,0.25,0.14864308715120414,0.15257601047271052
144,0.5,0.2975995886530765,0.3054737278755335
145,-0.5,0.13407779470035266,0.13762533731252108
145,-0.25,0.06722392189287354,0.06900258873330767
145,-0.1,0.026822344090067226,0.027532032139683596
145,0.1,0.02720824691810529,0.027928145508025377
145,0.25,0.0681653806169598,0.06996895736099695
145,0.5,0.1366000654815973,0.1402143444470589
146,-0.5,0.15103549505465091,0.15503171870864063
146,-0.25,0.07580891390853435,0.07781472965955986
146,-0.1,0.030420751401641598,0.0312256491263744
146,0.1,0.030099552212339276,0.03089595137984573
146,0.25,0.07551892751242842,0.07751707056045763
146,0.5,0.15089604627097036,0.15488858027222208
147,-0.5,0.18135375561410713,0.18615216520426822
147,-0.25,0.09098251250821136,0.09338980404225222
147,-0.1,0.03641107018779602,0.03737446478519778
147,0.1,0.03636595012993859,0.037328150903051464
147,0.25,0.09108832335498715,0.09349841452105212
147,0.5,0.18192481358794896,0.1867383327083701
148,-0.5,0.13213910123272626,0.13563534826904108
148,-0.25,0.0662650026443258,0.06801829759597361
148,-0.1,0.026487411801684596,0.027188237932234623
148,0.1,0.0267301257902272,0.027437373850813056
148,0.25,0.06695114172504667,0.06872259111928633
148,0.5,0.13407867454940675,0.13762624044135852
149,-0.5,0.15316349675932864,0.15721602486509564
149,-0.25,0.07679660818652678,0.07882855718017315
149,-0.1,0.03079080901079362,0.03160549802975496
149,0.1,0.030646859971299654,0.03145774026598471
149,0.25,0.07680304630706589,0.07883516564589883
149,0.5,0.15353016417195953,0.15759239387129548
150,-0.5,0.09706771121176369,0.09963601003081106
150,-0.25,0.049149132691185204,0.05044956161726331
150,-0.1,0.020143320156295035,0.020676288995502976
150,0.1,0.019938563633333104,0.02046611485292737
150,0.25,0.04977510437459824,0.051092095783866656
150,0.5,0.10005627606439987,0.10270364883590632
151,-0.5,0.16400620241791591,0.1683456159131764
151,-0.25,0.08225970836640858,0.08443620464117625
151,-0.1,0.032964086029753946,0.03383627743268601
151,0.1,0.032891435456638626,0.033761704609846184
151,0.25,0.08239079918073733,0.08457076396608823
151,0.5,0.16467224249621584,0.16902927863782477
152,-0.5,0.13533582331322144,0.13891665190030802
152,-0.25,0.06801673991642862,0.06981638380029147
152,-0.1,0.027433524350133923,0.0281593835190706
152,0.1,0.02722096852262277,0.027941203711412354
152,0.25,0.06820721149318126,0.07001189503358415
152,0.5,0.1366147805058457,0.14022944881374597
153,-0.5,0.2883380988886039,0.29596718985631404
153,-0.25,0.14411427053506792,0.14792736663265296
153,-0.1,0.05777119408269442,0.059299752731963966
153,0.1,0.057921526952330354,0.05945406323460196
153,0.25,0.14559873688085245,0.14945111023258512
153,0.5,0.29336152655007747,0.3011235315750933
154,-0.5,0.2760785522470351,0.28338326985960444
154,-0.25,0.13750271685409282,0.1411408789257393
154,-0.1,0.05484567938561984,0.05629683231626468
154,0.1,0.05444200433048144,0.05588247648834975
154,0.25,0.13621732928280464,0.13982148149329185
154,0.5,0.27214124867380635,0.2793417898100674
155,-0.5,0.1699960790587142,0.1744939777279914
155,-0.25,0.08501503713876099,0.08726443621038849
155,-0.1,0.03402187708033238,0.03492205640501602
155,0.1,0.03380697135672095,0.03470146452573792
155,0.25,0.08449252408068901,0.08672809806410509
155,0.5,0.16831732503888297,0.17277080582797347
156,-0.5,0.09627886389964985,0.09882629073567815
156,-0.25,0.04875182951126053,0.05004174625697437
156,-0.1,0.01997781620880477,0.020506406005923634
156,0.1,0.01981889585988016,0.020343280809276023
156,0.25,0.04943624475875082,0.05074427033643282
156,0.5,0.09934164372787253,0.10197010815835555
157,-0.5,0.14780226509073838,0.1517129412377934
157,-0.25,0.07418822681977642,0.07615116107412154
157,-0.1,0.029791857684071315,0.030580115611986224
157,0.1,0.029586036208967794,0.03036884833987313
157,0.25,0.07416283796627833,0.07612510046106877
157,0.5,0.14826866478955833,0.15219168133055824
158,-0.5,0.1958229543650687,0.20100420213695622
158,-0.25,0.09817225850763778,0.1007697823643435
158,-0.1,0.03925378114929216,0.04029239057471614
158,0.1,0.03926329426420551,0.04030215539559322
158,0.25,0.09827066607095092,0.10087079367740502
158,0.5,0.19619593658926499,0.2013870530372959
159,-0.5,0.1030742105903573,0.10580143440174322
159,-0.25,0.05192680041235288,0.05330072319791241
159,-0.1,0.021154547882603413,0.02171427263212225
159,0.1,0.02073089708430151,0.021279412526097063
159,0.25,0.05187906301626053,0.05325172272580356
159,0.5,0.10413745922629923,0.10689281536080221
160,-0.5,0.17119263741811883,0.17572219563085303
160,-0.25,0.08467306720409278,0.08691341814871291
160,-0.1,0.03366330505313526,0.03455399697873946
160,0.1,0.03325394369505167,0.034133804394912474
160,0.25,0.08275945510617343,0.08494917409883089
160,0.5,0.16437318341215906,0.1687223067979935
161,-0.5,0.3251125723792912,0.3337146731734221
161,-0.25,0.16196113990519612,0.16624644342330017
161,-0.1,0.06462528072127345,0.06633519053664917
161,0.1,0.06460439502807785,0.0663137522322866
161,0.25,0.16179146193778596,0.16607227597408522
161,0.5,0.3242071427931777,0.3327852869728205
162,-0.5,0.15421795877651664,0.15829838672168098
162,-0.25,0.07735872327844319,0.07940554518408795
162,-0.1,0.030958187309278275,0.031777304963477485
162,0.1,0.031020203983457874,0.03184096252677529
162,0.25,0.07768306306235795,0.07973846662171226
162,0.5,0.15526107584230725,0.15936910345264094
163,-0.5,0.2608131642897839,0.2677139774796212
163,-0.25,0.13002621153576474,0.1334665539664621
163,-0.1,0.05189305933527846,0.053266089371155095
163,0.1,0.051744259320070755,0.053113352280491896
163,0.25,0.12914847839466784,0.13256559702662124
163,0.5,0.2574057457842103,0.264216402640756
164,-0.5,0.2667332978024609,0.27379075084420573
164,-0.25,0.13192753622356898,0.13541818549563875
164,-0.1,0.05235949266171131,0.0537448639812804
164,0.1,0.051771405402363024,0.05314121661657034
164,0.25,0.12903577626758908,0.1324499129322511
164,0.5,0.2572380319377825,0.2640442512808817
165,-0.5,0.3262370026450658,0.3348688545571291
165,-0.25,0.16117121401396223,0.16543561701109732
165,-0.1,0.06409862986860879,0.06579460511453744
165,0.1,0.06387935298936884,0.06556952642393338
165,0.25,0.160381118491797,0.16462461647972584
165,0.5,0.3236224880667476,0.33218516296186007
166,-0.5,0.12818047422050474,0.13157198058709924
166,-0.25,0.06376649376015762,0.06545368107069098
166,-0.1,0.025154345116609637,0.02581989985206598
166,0.1,0.025826181348265163,0.026509512089550984
166,0.25,0.06431086914819384,0.06601245999877937
166,0.5,0.12819758935130043,0.13158954856436325
167,-0.5,0.13920966443780777,0.14289299035857259
167,-0.25,0.07013994667600777,0.07199576814297365
167,-0.1,0.028050216746232565,0.02879239287920232
167,0.1,0.02848997671562973,0.02924378838626662
167,0.25,0.07171372618398215,0.07361118802756055
167,0.5,0.14424350135377542,0.14806001674862138
168,-0.5,0.15247352835190764,0.15650780069554904
168,-0.25,0.07702209468985904,0.0790600097943057
168,-0.1,0.030877592697331976,0.031694577911772395
168,0.1,0.03146270331001462,0.032295169871205724
168,0.25,0.07940641042289391,0.08150741175040016
168,0.5,0.16021147087608997,0.16445048018528483
169,-0.5,0.13679968421645544,0.14041924486162902
169,-0.25,0.06867815724866763,0.07049530146639105
169,-0.1,0.027553371925966394,0.028282402122463458
169,0.1,0.02746128601649472,0.028187879726856543
169,0.25,0.06890955413399857,0.07073282084436044
169,0.5,0.13799857716468314,0.14164985912382055
170,-0.5,0.135787615911063,0.13938039840518013
170,-0.25,0.068077713631913,0.06987897080941918
170,-0.1,0.027170310947007937,0.027889205795224914
170,0.1,0.02752394909629221,0.028252200798913586
170,0.25,0.0689458182550008,0.07077004447185542
170,0.5,0.13811052623796846,0.1417647702394691
171,-0.5,0.12581901457619227,0.12914803946526965
171,-0.25,0.06313660211683704,0.06480712322659701
171,-0.1,0.025602761398285732,0.026280180707371075
171,0.1,0.025011099288040003,0.0256728639053638
171,0.25,0.06285163928344294,0.06451462060783719
171,0.5,0.1263659154107341,0.12970941066024294
172,-0.5,0.12606446557757311,0.12939998481486487
172,-0.25,0.0631383708568996,0.06480893876546587
172,-0.1,0.025340225444081998,0.026010698356958743
172,0.1,0.025222481693455086,0.025889839243541154
172,0.25,0.06310443354190998,0.06477410350856619
172,0.5,0.12623082278748982,0.12957074364320273
173,-0.5,0.09445824748780109,0.09695750292963334
173,-0.25,0.04793291889287272,0.049201168215425396
173,-0.1,0.019715607496770194,0.020237259556127905
173,0.1,0.019570948450701543,0.02008877299983423
173,0.25,0.0487883862242108,0.05007927021806025
173,0.5,0.0981434208220176,0.10074018166707921
174,-0.5,0.09538040085438071,0.09790405540249457
174,-0.25,0.04831499986329811,0.04959335860424413
174,-0.1,0.019852628907169767,0.020377906393789752
174,0.1,0.019570090336384176,0.020087892180809395
174,0.25,0.048834251383547356,0.050126348916204815
174,0.5,0.098191722032499,0.10078976087145054
175,-0.5,0.09413690850684804,0.09662766169272935
175,-0.25,0.04783445037315172,0.04910009433312032
175,-0.1,0.019733223119457164,0.02025534126771693
175,0.1,0.01957202344925871,0.020089876441603777
175,0.25,0.04881849602932831,0.050110176693625226
175,0.5,0.0983505465379068,0.10095278768867329
176,-0.5,0.09435647357625628,0.09685303619867859
176,-0.25,0.04789862317634678,0.049165965074101314
176,-0.1,0.019746485459756,0.020268954514125553
176,0.1,0.019536752905239815,0.0200536726799843
176,0.25,0.04873121171526878,0.05002058293806427
176,0.5,0.098126922225302,0.10072324653667047
177,-0.5,0.09466591220875316,0.09717066221773778
177,-0.25,0.04802828943566303,0.0492990621519309
177,-0.1,0.01976212034232417,0.020285003077514407
177,0.1,0.019584840223448537,0.020103032332742018
177,0.25,0.04885020952859231,0.050142729295219866
177,0.5,0.09831103668273868,0.10091223244865882
178,-0.5,0.09474696360338049,0.09725385813806274
178,-0.25,0.04808017818039473,0.04935232381253908
178,-0.1,0.019802180523061607,0.02032612320407311
178,0.1,0.019586700147344403,0.02010494146806242
178,0.25,0.04887819968485009,0.0501714600384799
178,0.5,0.09841348763135388,0.10101739413029796
179,-0.5,0.09560087277899142,0.09813036075798091
179,-0.25,0.048565617030789446,0.049850606810700596
179,-0.1,0.019956272013504535,0.020484291776256085
179,0.1,0.019885200541161736,0.02041133983535987
179,0.25,0.049587805814285305,0.050899841521340736
179,0.5,0.0997188886718672,0.10235733456510503
180,-0.5,0.10031704967991893,0.10297132221820071
180,-0.25,0.05065261705062229,0.051992826425385066
180,-0.1,0.020634991361648498,0.021180969249491716
180,0.1,0.02048628615566971,0.021028329476599442
180,0.25,0.051129619129841,0.052482449425211124
180,0.5,0.10257116200805234,0.10528507573863252
181,-0.5,0.0958413643859504,0.09837721549334205
181,-0.25,0.04862601083489127,0.049912598564664595
181,-0.1,0.019900735830276402,0.020427286170168195
181,0.1,0.019942577036568796,0.02047023444614799
181,0.25,0.0496275564022897,0.05094064386370251
181,0.5,0.0995364891021549,0.10217010891477704
182,-0.5,0.09564239104892892,0.09817297755308522
182,-0.25,0.048507623188610766,0.0497910785188628
182,-0.1,0.019880197006211093,0.02040620391268993
182,0.1,0.019819338765170683,0.020343735433325752
182,0.25,0.04936693543169188,0.05067312716513656
182,0.5,0.0991065516772816,0.10172879584534819
183,-0.5,0.11485271310092018,0.11789158239884724
183,-0.25,0.05775436571975995,0.05928247911010548
183,-0.1,0.023319138969655206,0.023936136283481936
183,0.1,0.023221176350499514,0.02383558168728313
183,0.25,0.058066967877566454,0.059603352357677095
183,0.5,0.11631962532818503,0.11939730741868645
184,-0.5,0.11921498119350264,0.12236927103499341
184,-0.25,0.05991980678864714,0.06150521523283201
184,-0.1,0.024189124761380038,0.024829140888090902
184,0.1,0.023886838645314896,0.024518856632735026
184,0.25,0.05986361117194248,0.06144753274542424
184,0.5,0.1198818473728724,0.12305378171838574
185,-0.5,0.0951528574505831,0.09767049146470105
185,-0.25,0.04829506492219036,0.0495728962077646
185,-0.1,0.019872143484610895,0.020397937304268615
185,0.1,0.019674601841521557,0.02019516893890134
185,0.25,0.04909573471429659,0.050394750791969485
185,0.5,0.09879776507880461,0.10141183911237121
186,-0.5,0.20061440673769354,0.20592243077036346
186,-0.25,0.0997580898065926,0.10239757291629266
186,-0.1,0.039764088454686194,0.040816200018292205
186,0.1,0.039527282097776305,0.04057312804041318
186,0.25,0.09850830154453806,0.10111471670942491
186,0.5,0.19601591828910078,0.20120227166214055
187,-0.5,0.09574622787391332,0.0982795617797715
187,-0.25,0.04860870073571395,0.049894830460382185
187,-0.1,0.019935715071454564,0.020463190921412345
187,0.1,0.01992542350905339,0.020452627056231687
187,0.25,0.04965394556154994,0.05096773124944526
187,0.5,0.09976924482887428,0.10240902308749868
188,-0.5,0.094556063223166,0.09705790675566699
188,-0.25,0.0483428535039288,0.04962194921983225
188,-0.1,0.019994441566179428,0.020523471250931145
188,0.1,0.02012544461475084,0.02065794048790586
188,0.25,0.05020769867602622,0.0515361360277158
188,0.5,0.10130505568399491,0.10398546971280741
189,-0.5,0.09414412334088212,0.09663506742288634
189,-0.25,0.047811470671598626,0.049076506615372925
189,-0.1,0.019780834335757166,0.020304212221462788
189,0.1,0.01948715822629272,0.020002765783475044
189,0.25,0.048665361151812456,0.049952990045235526
189,0.5,0.09823178633481593,0.10083088522864093
190,-0.5,0.09469026493701532,0.09719565929088514
190,-0.25,0.04825003084117127,0.049526670577303845
190,-0.1,0.01991285014966263,0.02043972102036518
190,0.1,0.01986469205479321,0.020390288718278585
190,0.25,0.04956646359853697,0.050877934615369276
190,0.5,0.09988259363147527,0.10252537096767372
191,-0.5,0.09780617408435928,0.10039401177271674
191,-0.25,0.049391108479076073,0.050697939803258756
191,-0.1,0.020188497177838043,0.02072266134852778
191,0.1,0.019908476117605642,0.020435231256503802
191,0.25,0.04970236823783207,0.05101743513346122
191,0.5,0.09981810601311777,0.102459177081887
192,-0.5,0.09758183501881526,0.10016373695624269
192,-0.25,0.04938460185660302,0.050691261023117565
192,-0.1,0.020217030200915483,0.020751949322232555
192,0.1,0.020023654038277276,0.020553456651087702
192,0.25,0.049985260905964,0.05130781281279215
192,0.5,0.10045499259900637,0.10311291494659926
193,-0.5,0.10053351223035183,0.10319351211612851
193,-0.25,0.05093789090957884,0.05228564829908222
193,-0.1,0.020859529769097454,0.021411448682225838
193,0.1,0.02065805148033208,0.02120463951211341
193,0.25,0.051645689205421536,0.053012174115174886
193,0.5,0.10384145097765315,0.10658897507794068
194,-0.5,0.34833482052187975,0.35755135501116725
194,-0.25,0.16795605716957882,0.17239997923074105
194,-0.1,0.06546571632225659,0.06719786308681494
194,0.1,0.0630730152006022,0.06474185387446424
194,0.25,0.15569921223059902,0.15981883242053083
194,0.5,0.3077318649546185,0.3158740924314976
195,-0.5,0.4090472809131528,0.4198701965396672
195,-0.25,0.20216821995129652,0.20751735607563626
195,-0.1,0.08045813845539661,0.08258696728424306
195,0.1,0.08089119310490686,0.08303148005644968
195,0.25,0.20403705633660724,0.20943563969959583
195,0.5,0.41452074089328117,0.4254884779091904
196,-0.5,0.29234510181632595,0.3000802134242543
196,-0.25,0.1452858990296713,0.1491299950554661
196,-0.1,0.05806306060861971,0.05959934170693535
196,0.1,0.05821658409390896,0.05975692724520846
196,0.25,0.1465992526161768,0.15047809845138924
196,0.5,0.296724807679341,0.3045758012139712
197,-0.5,0.10016268541971061,0.1028128736590814
197,-0.25,0.05071143305024647,0.05205319862799879
197,-0.1,0.020737590065387064,0.02128628259568304
197,0.1,0.02060501378960663,0.02115019850573588
197,0.25,0.05147668688059367,0.05283870018525967
197,0.5,0.10345264769324156,0.10618988451052086
198,-0.5,0.09779962299971877,0.10038728735399083
198,-0.25,0.049507488009042984,0.050817398600323284
198,-0.1,0.02026177728378621,0.020797880360907517
198,0.1,0.0200967977286816,0.020628535638526863
198,0.25,0.05015255602631028,0.05147953436757943
198,0.5,0.10073279955063902,0.10339807234728333
199,-0.5,0.1225800990308809,0.125823425979148
199,-0.25,0.06157604970541012,0.06320528041215867
199,-0.1,0.02490767318931528,0.025566701272276646
199,0.1,0.02423299207883494,0.024874168883779666
199,0.25,0.06089386608140506,0.06250504700234912
199,0.5,0.12193408901670837,0.12516032329084334
200,-0.5,0.15394985254806082,0.15802318671403406
200,-0.25,0.07675835007219908,0.07878928680060689
200,-0.1,0.03087363356326864,0.031690514023623356
200,0.1,0.030291246607422946,0.031092717785821233
200,0.25,0.07605863214473571,0.07807105515004924
200,0.5,0.1527787745000117,0.15682112330195122
201,-0.5,0.2813968881319881,0.2888423227306912
201,-0.25,0.13890358700810856,0.14257881447583043
201,-0.1,0.05502261081854175,0.056478445149258275
201,0.1,0.05445666394469483,0.05589752397891669
201,0.25,0.13558750762099397,0.13917499548233722
201,0.5,0.27023410846188356,0.27738418888476324
202,-0.5,0.09665592352853924,0.09921332692410005
202,-0.25,0.04897717156709705,0.05027305060169832
202,-0.1,0.020076153081759956,0.02060734475824248
202,0.1,0.019915911951888313,0.02044286383431909
202,0.25,0.049688218227268544,0.051002910730064424
202,0.5,0.09984675157841834,0.10248858057555131
203,-0.5,0.09700881391914198,0.09957555438428158
203,-0.25,0.049051650416004906,0.05034950007438319
203,-0.1,0.020071470580506783,0.02060253836344851
203,0.1,0.01984556200244793,0.02037065250698268
203,0.25,0.049512791817586624,0.05082284274147649
203,0.5,0.09941729838354842,0.10204776454828891
204,-0.5,0.3994052408835945,0.40997303933765294
204,-0.25,0.19311625145237304,0.1982258830111305
204,-0.1,0.07558799612387773,0.077587966647089
204,0.1,0.07382907851908946,0.07578251012682838
204,0.25,0.18354881524876693,0.18840530356559274
204,0.5,0.3675392912694719,0.3772639537338166
205,-0.5,0.25345800893320564,0.2601642132610394
205,-0.25,0.12697840361812918,0.13033810459372444
205,-0.1,0.05078223730606493,0.052125876282132014
205,0.1,0.050660742383464706,0.0520011667450906
205,0.25,0.12663075797447623,0.12998126065040114
205,0.5,0.2523434768278793,0.2590201919316017
206,-0.5,0.1637941082560427,0.16812790998629232
206,-0.25,0.0824403472126015,0.08462162298128698
206,-0.1,0.03301400036901465,0.033887512447349236
206,0.1,0.03305407518809325,0.0339286475995626
206,0.25,0.0829682018280591,0.08516344401635603
206,0.5,0.16592474206355487,0.17031491788796352
207,-0.5,0.3074633138288469,0.315598435755069
207,-0.25,0.15325299065010362,0.1573078866602038
207,-0.1,0.06123109582939691,0.06285119945751828
207,0.1,0.06147310041755506,0.06309960720580261
207,0.25,0.15433976051217912,0.15842341118970169
207,0.5,0.31055316858634663,0.3187700444781836
208,-0.5,0.12266795148307214,0.12591360290511527
208,-0.25,0.061593859223937064,0.06322356114984624
208,-0.1,0.02477661935504603,0.025432179905873552
208,0.1,0.024672255583018193,0.02532505478973752
208,0.25,0.06177882110775122,0.06341341691012908
208,0.5,0.123669104041206,0.12694124479632027
209,-0.5,0.10378840305403064,0.10653452356791553
209,-0.25,0.05231768376259856,0.05370194886729066
209,-0.1,0.02123660251282743,0.021798498332491745
209,0.1,0.02111724879033781,0.021675986649227194
209,0.25,0.05272353576953922,0.05411853924662232
209,0.5,0.10566732234311796,0.1084631568775665
210,-0.5,0.1271001628791441,0.13046308546326776
210,-0.25,0.06382993226680612,0.06551879808649225
210,-0.1,0.025701297756146043,0.02638132422273378
210,0.1,0.025541031120870108,0.026216817118562746
210,0.25,0.06394227968391465,0.0656341180856786
210,0.5,0.1279888125271906,0.13137524774814408
211,-0.5,0.0958975227730861,0.09843485976612973
211,-0.25,0.04873660608803756,0.050026120039666756
211,-0.1,0.019977041390557393,0.020505610686885983
211,0.1,0.02006567848230948,0.020596593013064934
211,0.25,0.04997176352833722,0.051293958310241056
211,0.5,0.10038866316520927,0.1030448305130771
212,-0.5,0.0957666935094414,0.09830056891222891
212,-0.25,0.04854918651625982,0.04983374156385333
212,-0.1,0.019925836743542397,0.02045305122442498
212,0.1,0.019773109699175326,0.020296283199975163
212,0.25,0.049318127552781234,0.05062302788647824
212,0.5,0.09914072404894626,0.10176387237824931
213,-0.5,0.09619660410011399,0.0987418544374553
213,-0.25,0.04872771183963672,0.05001699045979082
213,-0.1,0.019995002383042103,0.02052404690635618
213,0.1,0.0197611802367103,0.02028403809779866
213,0.25,0.04931839145132709,0.050623298767472895
213,0.5,0.09914029052957969,0.10176342738846418
214,-0.5,0.09723136425310479,0.09980399314141579
214,-0.25,0.04919654837112965,0.0504982318609889
214,-0.1,0.020133217599546355,0.020665919136844704
214,0.1,0.01993502250884877,0.02046248003440495
214,0.25,0.04973822531337284,0.05105424094554493
214,0.5,0.0998806504567008,0.10252337637875324
215,-0.5,0.09669033173721209,0.09924864553398248
215,-0.25,0.04894191625047898,0.050236862470379
215,-0.1,0.020004793823525185,0.020534097416974078
215,0.1,0.01993322577592767,0.020460635762019064
215,0.25,0.04966687694665224,0.050981004783967505
215,0.5,0.09966019669147223,0.10229708966312516
216,-0.5,0.11227026194850641,0.11524080259046544
216,-0.25,0.056426159915901816,0.05791913052442097
216,-0.1,0.02280907898256326,0.02341258070196278
216,0.1,0.022474876765833884,0.023069535883014455
216,0.25,0.056259166835551044,0.057747719001256415
216,0.5,0.11260347768762982,0.11558283483075692
217,-0.5,0.09909279349953527,0.10171467364220951
217,-0.25,0.04990353384467114,0.051223923348447
217,-0.1,0.020197548653873545,0.020731952316098853
217,0.1,0.020299690354821168,0.02083679656773655
217,0.25,0.050481810502294014,0.05181750053431263
217,0.5,0.10091566019352653,0.10358577127024685
218,-0.5,0.0954197370465073,0.09794443238454525
218,-0.25,0.04856871909099197,0.04985379094781062
218,-0.1,0.020028583861139256,0.02055851691133279
218,0.1,0.0199129176548521,0.020439790311663503
218,0.25,0.04972232906190482,0.05103792409773892
218,0.5,0.10018670076469258,0.10283752442217908
219,-0.5,0.31738816168049244,0.32578588354544186
219,-0.25,0.15821600780517175,0.16240221948079192
219,-0.1,0.06318871420186002,0.064860614136821
219,0.1,0.0634168715506864,0.06509480826391517
219,0.25,0.1590141394164427,0.1632214687268467
219,0.5,0.3194140401911736,0.32786536444688263
220,-0.5,0.2772031443431536,0.28453761735549815
220,-0.25,0.13686562127405458,0.14048692653713507
220,-0.1,0.054345709232724276,0.05578363353422755
220,0.1,0.05353536607264281,0.054951849635973944
220,0.25,0.13387133321449465,0.1374134130957128
220,0.5,0.2678325977727892,0.2749191370140573
221,-0.5,0.1319809554214079,0.13547301810336454
221,-0.25,0.06622052924475776,0.06797264748194343
221,-0.1,0.02654676486133485,0.0272491614048585
221,0.1,0.02660927399495398,0.02731332445750023
221,0.25,0.06661511911728962,0.06837767774387955
221,0.5,0.1332957615549544,0.1368226124790351
222,-0.5,0.09515821502560991,0.09767599079493608
222,-0.25,0.0486577937126393,0.04994522238041731
222,-0.1,0.02012772418918106,0.020660280377226007
222,0.1,0.020248361967595455,0.020784110091042675
222,0.25,0.05058720318966609,0.051925681789697024
222,0.5,0.10218528975888722,0.1048889937582451
223,-0.5,0.09445038892654367,0.09694943643997889
223,-0.25,0.04769174003564909,0.04895360804595639
223,-0.1,0.01956058926645147,0.020078139723609147
223,0.1,0.019358488407918803,0.019870691511256987
223,0.25,0.04822253620680321,0.0494984484668668
223,0.5,0.09697040856258508,0.09953613286662787
224,-0.5,0.09405333336852958,0.09654187525338849
224,-0.25,0.04788325537600882,0.049150190659628064
224,-0.1,0.01982299116006241,0.020347484466341218
224,0.1,0.01970899210433251,0.020230469128095244
224,0.25,0.0492044924441284,0.05050638612492599
224,0.5,0.0993915022576531,0.10202128588688467
225,-0.5,0.09420064826710259,0.09669308793295694
225,-0.25,0.048098112282725994,0.049370732430373626
225,-0.1,0.019949204909856032,0.02047703768525898
225,0.1,0.01988780284404272,0.020414010992150487
225,0.25,0.04969485641017646,0.05100972455157667
225,0.5,0.10048476356575362,0.10314347361852451
226,-0.5,0.09462345751676411,0.09712708422394284
226,-0.25,0.048251545699761755,0.04952822551729195
226,-0.1,0.020015076559190638,0.020544652221873846
226,0.1,0.019966687821469202,0.02049498317439344
226,0.25,0.049911946532634144,0.051232558626355625
226,0.5,0.10103955998536109,0.10371294930656741
227,-0.5,0.09421264016674594,0.09670539712432694
227,-0.25,0.04798828410607827,0.04925799832782262
227,-0.1,0.01984259815579445,0.02036761024039156
227,0.1,0.01979362182615468,0.020317338053993605
227,0.25,0.049375097462958276,0.05068150515426372
227,0.5,0.09961264127164647,0.1022482759821634
228,-0.5,0.09475983994289461,0.09726707517055452
228,-0.25,0.04852974563209084,0.04981378629648494
228,-0.1,0.020170629907920568,0.02070432133141501
228,0.1,0.02025135275114586,0.020787180007249703
228,0.25,0.050641954849486435,0.051981882114799594
228,0.5,0.10259027306256671,0.10530469244943699
229,-0.5,0.09441413732735851,0.09691222566561371
229,-0.25,0.04817194133645942,0.04944651491505899
229,-0.1,0.019964317925630803,0.020492550573865634
229,0.1,0.01995651202247318,0.020484538135583083
229,0.25,0.049846520238709335,0.05116540122873708
229,0.5,0.1007879133832749,0.10345464442787321
230,-0.5,0.09478696085896532,0.09729491367454243
230,-0.25,0.04857512725815529,0.04986036866762902
230,-0.1,0.020189835141061305,0.020724034712702843
230,0.1,0.0202752178626267,0.020811676561842445
230,0.25,0.0506854798527733,0.0520265587390853
230,0.5,0.10261949067035468,0.10533468312116806
231,-0.5,0.09471529453543197,0.09722135114338455
231,-0.25,0.04802025806417995,0.04929081827969306
231,-0.1,0.019803259542801436,0.020327230773421134
231,0.1,0.019451464223899474,0.019966127359264806
231,0.25,0.04858830520582122,0.04987389528847375
231,0.5,0.09791018181508178,0.10050077142710832
232,-0.5,0.09456999409123729,0.09707220621831592
232,-0.25,0.04798453121173041,0.04925414613625222
232,-0.1,0.01979778364555405,0.020321609990297095
232,0.1,0.01947830388162129,0.019993677163134813
232,0.25,0.04865285230591035,0.0499401502298096
232,0.5,0.09806256637756655,0.10065718790800329
233,-0.5,0.12859295775141463,0.13199537795281668
233,-0.25,0.06447641436094126,0.06618238534544661
233,-0.1,0.025839151354000788,0.02652282526656363
233,0.1,0.025826328433928538,0.026509663066930058
233,0.25,0.06462661511036133,0.0663365602321214
233,0.5,0.12918968275794285,0.1326078916094576
234,-0.5,0.10897363707255243,0.11185695285188663
234,-0.25,0.05476991929415457,0.056219067700833486
234,-0.1,0.022189708615562853,0.022776822514931776
234,0.1,0.021672574298966796,0.022246005425372164
234,0.25,0.05431465970397262,0.05575176247103329
234,0.5,0.10878828741976244,0.11166669906271154
235,-0.5,0.13227198487560027,0.13577174785865787
235,-0.25,0.06642296814098203,0.06818044267607162
235,-0.1,0.02673692008957547,0.02744434791942522
235,0.1,0.026507285829528816,0.027208637803756465
235,0.25,0.06642927696254493,0.06818691842172046
235,0.5,0.13293287300467987,0.13645012231949752
236,-0.5,0.14891017475752047,0.15285016490666006
236,-0.25,0.07472920924215072,0.07670645726262015
236,-0.1,0.02999888207716658,0.030792617629902996
236,0.1,0.02982950962971399,0.030618763784348593
236,0.25,0.07474319296466003,0.0767208109781741
236,0.5,0.14940925658324483,0.15336245185742153
237,-0.5,0.2166702614761584,0.22240310476384953
237,-0.25,0.10790024599226182,0.11075516109118981
237,-0.1,0.04314763275796439,0.04428926897121776
237,0.1,0.04267975046683179,0.04380900705847084
237,0.25,0.10700789573399055,0.10983920028224331
237,0.5,0.2144324464411398,0.22010607974396637
238,-0.5,0.1457293154734378,0.1495851437829617
238,-0.25,0.07312330922700197,0.07505806699957202
238,-0.1,0.029191663160783227,0.029964040639204517
238,0.1,0.0295619475431501,0.030344122315955614
238,0.25,0.07415925777945338,0.07612142554666161
238,0.5,0.14868462468797952,0.15261864704443084
239,-0.5,0.3042148711080913,0.3122640430155141
239,-0.25,0.15179643891905145,0.1558127962632653
239,-0.1,0.060593256828346105,0.062196483977845586
239,0.1,0.060444237361420905,0.06204352162902752
239,0.25,0.151137590393751,0.1551365153717502
239,0.5,0.3019431922383302,0.3099322581631804
240,-0.5,0.1201876758484157,0.12336770205993437
240,-0.25,0.06043590928918735,0.062034973205682194
240,-0.1,0.024382938573660855,0.025028082788579237
240,0.1,0.024391986164228982,0.025037369767877987
240,0.25,0.06085726951099068,0.06246748212921694
240,0.5,0.1217828618794088,0.12500509485925873
241,-0.5,0.3190862589981156,0.327528910544429
241,-0.25,0.1590614809974045,0.16327006291101667
241,-0.1,0.06357299538407456,0.06525506295247556
241,0.1,0.06405367674725762,0.06574846258584331
241,0.25,0.1610898341218624,0.16535208390163855
241,0.5,0.3251637856441959,0.33376724148179215
242,-0.5,0.29718178797226025,0.3050448726743032
242,-0.25,0.14774319274849357,0.15165230591003123
242,-0.1,0.05903458350937953,0.06059656997447008
242,0.1,0.059146946519397475,0.060711905979136095
242,0.25,0.148803088958489,0.15274024574184966
242,0.5,0.3006984067195612,0.3086545370663709
243,-0.5,0.253062928993199,0.2597586799650127
243,-0.25,0.12620388660907436,0.1295430947648137
243,-0.1,0.050510989085651374,0.051847451149072014
243,0.1,0.050700075607871826,0.05204154068089941
243,0.25,0.12745375371969378,0.1308260319064877
243,0.5,0.25707952283333063,0.2638815482097576
244,-0.5,0.33033769421792186,0.3390780456628614
244,-0.25,0.1585725281234045,0.16276817291226955
244,-0.1,0.0614388567593155,0.06306445750016666
244,0.1,0.05877979147728854,0.060335036441349
244,0.25,0.14319991500461113,0.14698881831759514
244,0.5,0.27800232618190285,0.2853579446168297
245,-0.5,0.22557110218232537,0.23153945136985488
245,-0.25,0.11298917513503058,0.11597873738432843
245,-0.1,0.04521190430402286,0.04640815874312858
245,0.1,0.045038532167852564,0.04623019938174175
245,0.25,0.11265042191520197,0.1156310211480284
245,0.5,0.2245968762024175,0.23053944850283956
246,-0.5,0.34265467104046,0.351720915376379
246,-0.25,0.17108064947246834,0.17560724461432173
246,-0.1,0.06843927176709767,0.07025009535262997
246,0.1,0.06902418638831886,0.07085048613489557
246,0.25,0.1736720531489214,0.17826721382012356
246,0.5,0.3505842386539219,0.3598602901325352
247,-0.5,0.25207370194000256,0.258743279113745
247,-0.25,0.12601541080132073,0.1293496321062481
247,-0.1,0.050376847946872964,0.05170976079167076
247,0.1,0.05018627654330186,0.05151414709025801
247,0.25,0.1254821518324154,0.12880226372482043
247,0.5,0.2503591858530921,0.25698339892391836
248,-0.5,0.2817530715816874,0.28920793038048553
248,-0.25,0.13511639250320776,0.13869141520610087
248,-0.1,0.05228672799417044,0.05367017404520913
248,0.1,0.04969709213986596,0.051012019436075216
248,0.25,0.12124300139915305,0.1244509502981631
248,0.5,0.23527861044869655,0.2415038090221359
249,-0.5,0.13339213386699597,0.13692153469044194
249,-0.25,0.0668470856714317,0.06861578186343473
249,-0.1,0.026711789786972643,0.027418552698223908
249,0.1,0.02697125007831553,0.02768487800731087
249,0.25,0.06744316477022215,0.06922763252236985
249,0.5,0.13488247103591738,0.13845130444866766
250,-0.5,0.2117627185282911,0.21736571393350837
250,-0.25,0.10594085701507491,0.10874392895902024
250,-0.1,0.042383063856573956,0.04350447046533776
250,0.1,0.0421551441418708,0.043270520259889506
250,0.25,0.10539758483035108,0.10818628242372165
250,0.5,0.21006566298526672,0.21562375627326502
251,-0.5,0.2811876862795616,0.2886275856404001
251,-0.25,0.14033685772179286,0.14405000786674052
251,-0.1,0.056077088998711916,0.057560823596479495
251,0.1,0.05593633563568486,0.05741634606306121
251,0.25,0.13999139495546678,0.14369540455714105
251,0.5,0.27997088884406085,0.28737859315901226
252,-0.5,0.30462047058263636,0.31268037418073646
252,-0.25,0.15232837454257495,0.1563588062851304
252,-0.1,0.06089613391968444,0.06250737484499351
252,0.1,0.060832022031484294,0.06244156663074739
252,0.25,0.15222643985336892,0.15625417452252438
252,0.5,0.3042023302698799,0.31225117036129957
253,-0.5,0.27741303378605237,0.28475306022910624
253,-0.25,0.13846200662579322,0.14212555038983796
253,-0.1,0.05531358529536066,0.05677711847254073
253,0.1,0.05512671747911446,0.05658530635106892
253,0.25,0.1379362986186739,0.14158593275986886
253,0.5,0.2756621813592061,0.282955882282022
254,-0.5,0.28106881903497927,0.28850557330668286
254,-0.25,0.14004285192952576,0.14374822302292634
254,-0.1,0.05601049142396573,0.05749246392731039
254,0.1,0.056243266081367406,0.057731397531598165
254,0.25,0.14142807097865112,0.14517009335808265
254,0.5,0.28548943364892626,0.293043152245334
255,-0.5,0.2624097831724859,0.26935284104224533
255,-0.25,0.13178440286205853,0.1352712649917434
255,-0.1,0.05274089156593979,0.05413635425722341
255,0.1,0.05276614615697548,0.05416227705538505
255,0.25,0.13195148693804604,0.1354427699181835
255,0.5,0.2630899648570528,0.27005101954362604
256,-0.5,0.2921752219838333,0.29990583876884136
256,-0.25,0.14517934399289087,0.149020620696259
256,-0.1,0.05793807142008372,0.05947104544974281
256,0.1,0.05782133220741204,0.05935121745318721
256,0.25,0.1451059311263812,0.1489452654106276
256,0.5,0.2919808790479564,0.2997063537447616
257,-0.5,0.11856708885731813,0.12170423622062415
257,-0.25,0.059395405695934884,0.060966939096706176
257,-0.1,0.02375575339119931,0.02438430301515298
257,0.1,0.02394123745919353,0.02457469477600237
257,0.25,0.05989708769809944,0.06148189502155431
257,0.5,0.11995585859682094,0.12312975119329839
258,-0.5,0.25797218759724,0.26479783184579586
258,-0.25,0.13046843575455108,0.13392047892409026
258,-0.1,0.05241238144784166,0.053799152143220313
258,0.1,0.05281647253193627,0.05421393500773409
258,0.25,0.1323142043305587,0.13581508439132378
258,0.5,0.26474172063369933,0.27174647885832404
259,-0.5,0.2943519666998813,0.30214017762009465
259,-0.25,0.14701420533888027,0.15090403034084524
259,-0.1,0.05871931495867381,0.06027295978434222
259,0.1,0.05863649460596535,0.06018794810136133
259,0.25,0.14659818791168783,0.15047700557605698
259,0.5,0.29268780216121715,0.3004319812219584
260,-0.5,0.22928846256998564,0.23535516879276833
260,-0.25,0.1149292985428336,0.11797019420254015
260,-0.1,0.04600638879625049,0.04722366437160911
260,0.1,0.04565583381910078,0.046863834117206175
260,0.25,0.11441649203433754,0.11744381942985276
260,0.5,0.22828021955402192,0.23432024883846037
261,-0.5,0.26175535245460513,0.2686810948481995
261,-0.25,0.13037869956166787,0.1338283684158417
261,-0.1,0.052134309361645204,0.05351372259282002
261,0.1,0.05183975718567468,0.05321137690862468
261,0.25,0.13007586949022795,0.13351752581268408
261,0.5,0.2612219721229403,0.26813360189289476
264,-0.5,0.3591985575978995,0.3687025339435414
264,-0.25,0.17600104856474957,0.1806578317477156
264,-0.1,0.06919348662430859,0.07102426585835572
264,0.1,0.06733913426596429,0.06912084949188164
264,0.25,0.16571348467419109,0.1700980708736169
264,0.5,0.3247406581708439,0.33333291854728686
265,-0.5,0.2338867435662066,0.2400751149596708
265,-0.25,0.11524688946476033,0.11829618821113229
265,-0.1,0.045615304353014044,0.04682223228855327
265,0.1,0.04471141053595897,0.04589442249167436
265,0.25,0.111344137657857,0.11429017412749887
265,0.5,0.22140654608167767,0.22726470595515386
266,-0.5,0.13096432817757547,0.13442949208426327
266,-0.25,0.06561273552945104,0.06734877225135465
266,-0.1,0.026234168181116742,0.026928293779805903
266,0.1,0.0263735092803625,0.027071321682584682
266,0.25,0.06592986158506611,0.06767428909381282
266,0.5,0.13172928148524343,0.13521468516736412
267,-0.5,0.10274396652995833,0.10546245246734133
267,-0.25,0.05169924093368133,0.05306714275992246
267,-0.1,0.020892359737121727,0.021445147293046498
267,0.1,0.020921570190619854,0.021475130621193533
267,0.25,0.052093593988673914,0.053471929938402475
267,0.5,0.10413538753458965,0.10689068885453788
268,-0.5,0.1522568046371221,0.15628534272316338
268,-0.25,0.07564796048096643,0.07764951759137105
268,-0.1,0.030137595156063585,0.030935000895644528
268,0.1,0.029887968407079857,0.03067876931301824
268,0.25,0.07447503822007669,0.07644556117071931
268,0.5,0.14801142697461706,0.15192763730201533
269,-0.5,0.1330098288440205,0.13652911432090303
269,-0.25,0.06681721875727421,0.06858512470544227
269,-0.1,0.026800783775564784,0.02750990136431849
269,0.1,0.026790051456088943,0.02749888508014325
269,0.25,0.06724225095633066,0.0690214027624804
269,0.5,0.1347351024555542,0.13830003666695126
270,-0.5,0.24939055873685,0.25598914305999404
270,-0.25,0.12423080883436396,0.12751781164544837
270,-0.1,0.04959445984110194,0.05090667160597311
270,0.1,0.04951449613010738,0.05082459214812566
270,0.25,0.12377066052465693,0.1270454883462865
270,0.5,0.24737721099079688,0.25392252447264907
271,-0.5,0.1480961871689719,0.15201464015259797
271,-0.25,0.07432157512431217,0.07628803761980757
271,-0.1,0.02970163863850223,0.030487509475330944
271,0.1,0.02995543444747779,0.030748020426430843
271,0.25,0.07505308120064469,0.0770388984967068
271,0.5,0.15020478751765132,0.15417903161572472
272,-0.5,0.15941590618443574,0.16363386577655634
272,-0.25,0.07997312692748786,0.08208912291502382
272,-0.1,0.03209680548863494,0.03294604965646965
272,0.1,0.03190116454812594,0.03274523228406385
272,0.25,0.07987259716745557,0.08198593325438455
272,0.5,0.15951240355087426,0.1637329163511541
273,-0.5,0.14134914146063457,0.1450890754567574
273,-0.25,0.07079769548439392,0.07267092022034306
273,-0.1,0.02839300857949847,0.029144254585957208
273,0.1,0.02822704298824998,0.028973897738062353
273,0.25,0.07070655812051405,0.07257737146774183
273,0.5,0.1413941369822853,0.14513526150761372
274,-0.5,0.12163582077749018,0.1248541632206859
274,-0.25,0.06099673239520567,0.0626106350392537
274,-0.1,0.024445399453172787,0.02509219631036618
274,0.1,0.02458577632949156,0.025236287395675464
274,0.25,0.06148645230952418,0.06311331237331463
274,0.5,0.12308558310718981,0.12634228457660326
275,-0.5,0.11952961686210892,0.12269223159769706
275,-0.25,0.05990847521663245,0.061493583840592246
275,-0.1,0.023995986927334345,0.024630892851436118
275,0.1,0.024128005246396897,0.024766404221779142
275,0.25,0.060299360038195166,0.06189481102021688
275,0.5,0.12061300084425639,0.12380428066081933
276,-0.5,0.16861510093073462,0.1730764605238253
276,-0.25,0.08484367851491821,0.0870885436365251
276,-0.1,0.033937873546050386,0.034835830234852344
276,0.1,0.03421895904258685,0.03512435292692782
276,0.25,0.08587645429864474,0.08814864546711698
276,0.5,0.1719503642058002,0.1764999709886477
277,-0.5,0.16593445340365806,0.1703248861788386
277,-0.25,0.083551022804101,0.0857616857580243
277,-0.1,0.03356166402814155,0.03444966665035949
277,0.1,0.0335032431796649,0.034389700054133394
277,0.25,0.08421467111878361,0.08644289343576993
277,0.5,0.16860776759061527,0.17306893315204977
278,-0.5,0.15699505831482954,0.16114896508601737
278,-0.25,0.07886166871392067,0.08094825680894852
278,-0.1,0.031592135830525704,0.03242802702577303
278,0.1,0.0316070320473719,0.03244331737920343
278,0.25,0.07926180059036983,0.08135897570978425
278,0.5,0.1585284508367848,0.16272292939187594
279,-0.5,0.17491737704263738,0.17954548753665533
279,-0.25,0.08643963967035638,0.08872673206918644
279,-0.1,0.03429539133711866,0.0352028075311374
279,0.1,0.033808110543790675,0.03470263385437346
279,0.25,0.08390248028583432,0.08612244239623316
279,0.5,0.16615321920540124,0.1705494402694293
280,-0.5,0.12696071904378314,0.1303199521060956
280,-0.25,0.06364594549260903,0.06532994323609359
280,-0.1,0.025504314191414197,0.026179128701828692
280,0.1,0.025539780655328453,0.026215533567156248
280,0.25,0.06394352383530952,0.06563539515587331
280,0.5,0.1279843232707964,0.13137063971124346
281,-0.5,0.11946614210203313,0.12262707736924496
281,-0.25,0.059895969156786924,0.061480746884938715
281,-0.1,0.024086825793449115,0.024724135208368313
281,0.1,0.024004475361659627,0.02463960587986773
281,0.25,0.059813463027682715,0.06139605773955343
281,0.5,0.11933609386727129,0.12249358820934345
282,-0.5,0.14535616224966472,0.1492021173585952
282,-0.25,0.07291060319338868,0.07483973301153275
282,-0.1,0.0292065366569937,0.02997930767083759
282,0.1,0.0292066788600834,0.029979453636455763
282,0.25,0.07313391629400567,0.07506895471724029
282,0.5,0.14617883224452113,0.1500465542453447
283,-0.5,0.23735718597206865,0.24363738123797485
283,-0.25,0.1185320656125639,0.12166828630152043
283,-0.1,0.04741116044343607,0.048665604643844756
283,0.1,0.04719891970614304,0.04844774826332558
283,0.25,0.11801525028886067,0.12113779664503485
283,0.5,0.23564961573588256,0.24188463067800972
284,-0.5,0.17907776841940545,0.18381595803372344
284,-0.25,0.08981348156944903,0.09218984190358857
284,-0.1,0.035994988555023,0.0369473741160239
284,0.1,0.03581609408481099,0.0367637463060551
284,0.25,0.08973127884328505,0.09210546418883268
284,0.5,0.1792301028529804,0.1839723230593559
285,-0.5,0.22119375054354518,0.22704628009440983
285,-0.25,0.11071694819179986,0.11364638995713806
285,-0.1,0.04438943308361695,0.04556392589017052
285,0.1,0.04411253106384262,0.04527969736478994
285,0.25,0.11042626936974166,0.11334802011129766
285,0.5,0.22060110812175504,0.22643795704295408
286,-0.5,0.11474500717586883,0.1177810267002032
286,-0.25,0.05746838583903426,0.05898893253412377
286,-0.1,0.02297748935234422,0.02358544701438856
286,0.1,0.02325333421800449,0.023868590414585923
286,0.25,0.058031050960684435,0.0595664851209198
286,0.5,0.11605493207355906,0.1191256106881901
287,-0.5,0.13661547115779177,0.1402301577395398
287,-0.25,0.06856275125943564,0.07037684196881776
287,-0.1,0.027497199551492095,0.028224743492248454
287,0.1,0.027437340019924605,0.028163300147049073
287,0.25,0.06880036514131894,0.07062074283784242
287,0.5,0.13771473617983204,0.14135850803641228
288,-0.5,0.13270919682810733,0.13622052793126666
288,-0.25,0.06660238828770303,0.06836461007133886
288,-0.1,0.026741046171848748,0.027448583173039796
288,0.1,0.026638231004540894,0.027343047635904734
288,0.25,0.06687442849730406,0.06864384814869971
288,0.5,0.13406370271879087,0.13761087247350595
289,-0.5,0.25469872034534013,0.26143775245508805
289,-0.25,0.1271108224153754,0.1304740270384384
289,-0.1,0.05073475634954572,0.05207713903468935
289,0.1,0.05059196524192546,0.051930569840324355
289,0.25,0.12621365881800264,0.1295531255350322
289,0.5,0.2512915811179624,0.25794046428379513
290,-0.5,0.1283367497885069,0.13173239102499518
290,-0.25,0.06435318785039339,0.06605589840465305
290,-0.1,0.0258031787715382,0.026485900891379203
290,0.1,0.02583778769277005,0.02652142552444168
290,0.25,0.0645883017214893,0.0662972331155106
290,0.5,0.12907890443273268,0.13249418221851753
291,-0.5,0.1451227118036881,0.14896249008515225
291,-0.25,0.07282825560872418,0.07475520660548877
291,-0.1,0.029140458146798356,0.02991148080006404
291,0.1,0.029269618745705408,0.030044058838297718
291,0.25,0.07334230857340833,0.07528286081414627
291,0.5,0.14673611963111494,0.15061858680846518
292,-0.5,0.16302489382673563,0.1673383430372264
292,-0.25,0.0818181646150288,0.08398297815533133
292,-0.1,0.03275915945535895,0.03362592873931407
292,0.1,0.03277374220514197,0.033640897331707144
292,0.25,0.08211434637649806,0.08428699654196367
292,0.5,0.1641126747179687,0.16845490534653823
293,-0.5,0.15572924446828593,0.15984965927632114
293,-0.25,0.07788395625466238,0.07994467521439143
293,-0.1,0.03131425816653776,0.03214279704176692
293,0.1,0.03086964051584629,0.03168641532480724
293,0.25,0.07742221510996487,0.07947071693567657
293,0.5,0.15514400089871608,0.1592489308421159
294,-0.5,0.13812858200596995,0.1417833037421061
294,-0.25,0.06924628833506284,0.0710784646410063
294,-0.1,0.02772063939305859,0.028454095292323702
294,0.1,0.027773648249209467,0.02850850670119733
294,0.25,0.06956850760228414,0.07140920945553007
294,0.5,0.13918750177852351,0.1428702413010828
296,-0.5,0.4442390490570853,0.4559930979660881
296,-0.25,0.21539868889156266,0.2210978878465856
296,-0.1,0.08463727028193921,0.08687667408160511
296,0.1,0.08351280280407558,0.08572245450122046
296,0.25,0.2093649475599266,0.21490450073219616
296,0.5,0.42363807358476296,0.4348470446268183
297,-0.5,0.19967150743083162,0.2049545834437526
297,-0.25,0.10028265296717317,0.10293601540841424
297,-0.1,0.040130288661085506,0.04119208945652659
297,0.1,0.040102158794557335,0.04116321530642479
297,0.25,0.1002976625068224,0.10295142208303733
297,0.5,0.1998146682178343,0.20510153209878684
298,-0.5,0.15104463706221685,0.15504110260310122
298,-0.25,0.07583808431341064,0.07784467187944509
298,-0.1,0.03030324744522898,0.03110503615184731
298,0.1,0.03060641231394015,0.03141622241062288
298,0.25,0.07672691500106674,0.07875701999402865
298,0.5,0.15363441463737498,0.15769940268285784
299,-0.5,0.13532845225452234,0.13890908581196296
299,-0.25,0.06773344991328889,0.06952559827293026
299,-0.1,0.027055342891335595,0.027771195818424264
299,0.1,0.02725447085858189,0.02797559248024194
299,0.25,0.06818612469737258,0.06999025030566708
299,0.5,0.13642211929249742,0.1400316900086183
300,-0.5,0.20227664817014196,0.20762865317912868
300,-0.25,0.1013174681758346,0.10399821062475442
300,-0.1,0.04056847473324064,0.041641869422857136
300,0.1,0.04036298361056487,0.04143094124391307
300,0.25,0.10100202695836095,0.10367442319929665
300,0.5,0.20148854472982847,0.20681969743777937
302,-0.5,0.13759009731159974,0.1412305713685915
302,-0.25,0.06900483198696764,0.07083061963857977
302,-0.1,0.02761843932013015,0.028349191124250418
302,0.1,0.027721066185492645,0.02845453337718951
302,0.25,0.06939157465811814,0.07122759507130662
302,0.5,0.1387549819727286,0.14242627752393458
303,-0.5,0.11488307224444062,0.11792274481001948
303,-0.25,0.0574190434078557,0.05893828455956582
303,-0.1,0.02291954765886621,0.023525972251045447
303,0.1,0.023120673350009557,0.023732419494212585
303,0.25,0.05768716144814704,0.059213496691575704
303,0.5,0.11529598110508599,0.11834657875920285
304,-0.5,0.12949231066981914,0.13291852670414453
304,-0.25,0.06515091655284683,0.06687473408139129
304,-0.1,0.026062579728509342,0.026752165296175908
304,0.1,0.02621330406358578,0.026906877621974964
304,0.25,0.06595839537561159,0.06770357785529194
304,0.5,0.13246239689755807,0.13596719796140505
305,-0.5,0.12168694516552853,0.12490664030061102
305,-0.25,0.06096120446271301,0.06257416707896059
305,-0.1,0.02440996113932368,0.025055820339921778
305,0.1,0.024493045470600286,0.025141102986036917
305,0.25,0.061185639257472176,0.06280454015753358
305,0.5,0.12226322708411898,0.12549816996896787
306,-0.5,0.13452254512981782,0.13808185532142647
306,-0.25,0.06687171014584123,0.06864105787281666
306,-0.1,0.02636430385025841,0.0270618726874993
306,0.1,0.027060789447323173,0.027776786483952865
306,0.25,0.06752091945841418,0.06930744450923892
306,0.5,0.13489881271251053,0.13846807850702988
307,-0.5,0.15281615232870524,0.15685949010454858
307,-0.25,0.07674892597099808,0.07877961334864153
307,-0.1,0.030656358557045446,0.031467490173269344
307,0.1,0.0310010580416046,0.03182131000555348
307,0.25,0.07774539255716308,0.07980244528250577
307,0.5,0.15572457525185354,0.15984486651784888
310,-0.5,0.29749302619963647,0.3053643459034306
310,-0.25,0.1485478047481347,0.15247820700800047
310,-0.1,0.05941845698621289,0.06099060029733294
310,0.1,0.059442304729265774,0.06101507902394931
310,0.25,0.14903721628717953,0.15298056780753638
310,0.5,0.29891555025553374,0.3068245082924792
311,-0.5,0.2669670538317686,0.2740306917863595
311,-0.25,0.13340741838912404,0.13693722362326066
311,-0.1,0.05331232853395062,0.05472291078323947
311,0.1,0.05316525392544153,0.05457194475153074
311,0.25,0.13286897721502647,0.1363845359215145
311,0.5,0.2650486383459785,0.2720615172565466
312,-0.5,0.1430235138286438,0.14680774977153882
312,-0.25,0.0717300584781534,0.0736279524552529
312,-0.1,0.028637007612768522,0.029394709550053
312,0.1,0.028919377879504694,0.029684551005854407
312,0.25,0.07245243778673964,0.07436944508073912
312,0.5,0.1450122624658699,0.14884911838622814
313,-0.5,0.15125746775061502,0.15525956454414608
313,-0.25,0.07599725697549696,0.0780080560651674
313,-0.1,0.030461359834978937,0.03126733201165958
313,0.1,0.030433057771310605,0.031238281108281436
313,0.25,0.07635359436951021,0.07837382173246331
313,0.5,0.15276738649212596,0.15680943398061284
314,-0.5,0.19069139501577298,0.19573686769157406
314,-0.25,0.09516574391455787,0.09768371888953495
314,-0.1,0.0379964610714176,0.03900180326893585
314,0.1,0.03774805558473223,0.03874682526178889
314,0.25,0.09421325185502817,0.09670602499717017
314,0.5,0.18737202403545725,0.19232967001314935
315,-0.5,0.205132877824967,0.21056045535088894
315,-0.25,0.10306165529178274,0.10578854690456112
315,-0.1,0.0412481616623901,0.04233954007816707
315,0.1,0.04123681290314415,0.04232789104394188
315,0.25,0.1032803502490717,0.10601302827623571
315,0.5,0.20612669783262844,0.21158057068085848
316,-0.5,0.19033666679287314,0.19537275377218893
316,-0.25,0.09547226999318355,0.0979983552919327
316,-0.1,0.038359165763021424,0.03937410470511601
316,0.1,0.038040697130963176,0.039047209763202424
316,0.25,0.09528241358146942,0.09780347550023046
316,0.5,0.19036199337405366,0.19539875046527097
317,-0.5,0.1609261068638377,0.16518402461066303
317,-0.25,0.08074700225328729,0.08288347408248604
317,-0.1,0.0325325367356599,0.03339330984585027
317,0.1,0.03216595549978139,0.03301702929653953
317,0.25,0.08070611706085608,0.08284150711538303
317,0.5,0.16171005474853367,0.16598871484522307
318,-0.5,0.18288502249476354,0.18772394762682978
318,-0.25,0.09197519329038395,0.09440875000415055
318,-0.1,0.037384965614148565,0.03837412835259488
318,0.1,0.03710412601820254,0.03808585806735366
318,0.25,0.09436228600037505,0.0968590024127839
318,0.5,0.19274303767027923,0.19784279442614047
319,-0.5,0.4238891092792307,0.43510472243398846
319,-0.25,0.2029707209137487,0.20834109028082612
319,-0.1,0.07906295198110636,0.08115486579743691
319,0.1,0.0770322777976076,0.07907046233524968
319,0.25,0.19165833051882578,0.19672938718419025
319,0.5,0.3858329823953551,0.3960416746645452
321,-0.5,0.27618954118032185,0.28349719543106605
321,-0.25,0.1378879777700467,0.1415363333977492
321,-0.1,0.055079331071571945,0.05653666615425898
321,0.1,0.05484411901641992,0.05629523066150931
321,0.25,0.1372194476032484,0.14085011469975497
321,0.5,0.2741107278502112,0.2813633791163986
322,-0.5,0.4429674434217409,0.4546878471235911
322,-0.25,0.21493093548093667,0.22061775822437368
322,-0.1,0.0845098175749274,0.08674584912410119
322,0.1,0.08346989549308216,0.08567841191264836
322,0.25,0.20938874054086354,0.21492892324775467
322,0.5,0.42401092799218143,0.43522976432849675
323,-0.5,0.12075306386255459,0.12394804958378962
323,-0.25,0.06055541191044711,0.062157637727405284
323,-0.1,0.024326303095352463,0.024969948801340947
323,0.1,0.024220278265034256,0.024861118677242795
323,0.25,0.060766390657988986,0.062374198727391264
323,0.5,0.1219149856104817,0.12514071443069139
324,-0.5,0.19476909426843664,0.19992245812704515
324,-0.25,0.09732280047473191,0.0998978486591929
324,-0.1,0.039089565503897056,0.040123829974208026
324,0.1,0.038624290020091843,0.039646243841880556
324,0.25,0.09706941665098101,0.09963776059396787
324,0.5,0.19494313963810245,0.2001011085349033
325,-0.5,0.2284924981314581,0.2345381440603289
325,-0.25,0.11452757385344149,0.1175578403447823
325,-0.1,0.04577661478333791,0.04698781080537603
325,0.1,0.04572325668660677,0.046933040915422296
325,0.25,0.11416367531391157,0.1171843134728475
325,0.5,0.2271578975958793,0.23316823154575483
326,-0.5,0.20227053154496635,0.20762237471516012
326,-0.25,0.1009291281260534,0.1035995955486149
326,-0.1,0.040320460560972944,0.04138729308385253
326,0.1,0.039870302221202227,0.04092522407762038
326,0.25,0.09981208327071382,0.10245299498471913
326,0.5,0.19923060905121548,0.2045020194054581
328,-0.5,0.1432187056904402,0.14700810618313126
328,-0.25,0.07187776155464895,0.07377956358348056
328,-0.1,0.0287106837374041,0.029470335059314335
328,0.1,0.02904874288441149,0.029817338858433004
328,0.25,0.07282663345438378,0.07475354153082993
328,0.5,0.14592340125606623,0.14978436484981697
330,-0.5,0.15584318770029118,0.1599666173138116
330,-0.25,0.07821041359894342,0.08027977024056812
330,-0.1,0.03139001932897092,0.03222056275650256
330,0.1,0.031154184505204484,0.03197848801740477
330,0.25,0.0781142350184044,0.08018104688657424
330,0.5,0.15613825603216594,0.16026949281079647
331,-0.5,0.3071430000634344,0.3152696468597172
331,-0.25,0.15310272955237553,0.1571536498284749
331,-0.1,0.061153719608893625,0.06277177595215312
331,0.1,0.06100764120160346,0.0626218324799897
331,0.25,0.1529704345665131,0.15701785447105007
331,0.5,0.3067457128632546,0.3148618479019786
332,-0.5,0.3021970782011826,0.31019286165352383
332,-0.25,0.14969423186139608,0.1536549672502123
332,-0.1,0.05950636190202488,0.06108083107504741
332,0.1,0.058937034586824304,0.06049644002080295
332,0.25,0.1473108425714967,0.15120851624986192
332,0.5,0.29453966614265137,0.3023328433719616
335,-0.5,0.44677630404467544,0.4585974857716556
335,-0.25,0.2165178588458101,0.22224666973703636
335,-0.1,0.08504155375385683,0.0872916544243001
335,0.1,0.08388387046228557,0.0861033401783831
335,0.25,0.2102429805350794,0.21580576543935354
335,0.5,0.4253424407948301,0.4365965074123161
336,-0.5,0.14890071513477057,0.1528404549932869
336,-0.25,0.07470670835019046,0.07668336102321091
336,-0.1,0.030171241376366342,0.03096953735583025
336,0.1,0.0295373956476965,0.030318920805884428
336,0.25,0.07428394742371343,0.0762494143339848
336,0.5,0.1490204968391856,0.1529634059823812
339,-0.5,0.1437900941570748,0.14759461292448106
339,-0.25,0.07238831538612696,0.07430362607593424
339,-0.1,0.029102469609468766,0.02987248713018993
339,0.1,0.02904784525021772,0.02981641747388177
339,0.25,0.07313461992160245,0.07506967696200545
339,0.5,0.1468540666771074,0.15073965459620742
340,-0.5,0.11466663049218036,0.11770057626055978
340,-0.25,0.057569662025569485,0.05909288837084368
340,-0.1,0.023199991514209237,0.023813836324847272
340,0.1,0.023041453027445345,0.02365110309398932
340,0.25,0.05760205083789646,0.05912613415350004
340,0.5,0.11524804659517336,0.11829737595787114
343,-0.5,0.19392651386204812,0.19905758402241583
343,-0.25,0.09620101205095555,0.09874637901755286
343,-0.1,0.0382801739354499,0.03929302284559736
343,0.1,0.03797340205228826,0.038978134134961324
343,0.25,0.09448097715773306,0.09698083400021354
343,0.5,0.18753265972021146,0.19249455593141893
345,-0.5,0.16390058143390204,0.16823720032068643
345,-0.25,0.08229261175557495,0.0844699786157771
345,-0.1,0.03291951887631903,0.03379053108417061
345,0.1,0.03307641318333179,0.033951576632192206
345,0.25,0.08288339693702552,0.08507639528647253
345,0.5,0.16573645823671312,0.17012165228990161
347,-0.5,0.12823309038384179,0.1316259889129636
347,-0.25,0.0642981606199817,0.06599941521768157
347,-0.1,0.025733172129113087,0.026414041954562664
347,0.1,0.025874665658476067,0.026559279238257846
347,0.25,0.06478515772185753,0.06649929769684727
347,0.5,0.12968714106820808,0.13311851208842784
348,-0.5,0.12505900262710754,0.12836791848335694
348,-0.25,0.06274677750201305,0.06440698430554914
348,-0.1,0.025211573002337125,0.025878641921135134
348,0.1,0.02512037159863171,0.025785027434289013
348,0.25,0.06276048875824208,0.06442105834568172
348,0.5,0.12531982565953875,0.12863564259007754
352,-0.5,0.14044689663531376,0.14416295828201744
352,-0.25,0.07046325907474554,0.0723276350120033
352,-0.1,0.02821885789189368,0.02896549607356982
352,0.1,0.028269225306218622,0.029017196151136886
352,0.25,0.07080577270151099,0.07267921115123709
352,0.5,0.14161227110530314,0.1453591672059942
354,-0.5,0.16403150365283406,0.16837158658936344
354,-0.25,0.08227506329823615,0.08445196584665329
354,-0.1,0.033000725875528755,0.033873886726194354
354,0.1,0.032835843612737656,0.03370464187036874
354,0.25,0.08223825006335592,0.08441417857636531
354,0.5,0.16428484120174197,0.16863162715536692
355,-0.5,0.14380292343642764,0.1476077816516544
355,-0.25,0.0721149784269915,0.07402305693855346
355,-0.1,0.02887661361832893,0.02964065525203187
355,0.1,0.028893404296820923,0.029657890192361334
355,0.25,0.07237807314616065,0.07429311283820277
355,0.5,0.1447401305078679,0.14856978613291028
356,-0.5,0.12002161776308139,0.12319725027066769
356,-0.25,0.06024810571886131,0.061842200571165185
356,-0.1,0.024223981891758062,0.02486492029762507
356,0.1,0.024219303244777227,0.024860117859083007
356,0.25,0.060578571668132686,0.06218141026536115
356,0.5,0.12128724899530442,0.12449636863428065
357,-0.5,0.10515708682744626,0.10793942112318539
357,-0.25,0.05281534212608865,0.054212774692661586
357,-0.1,0.021334694634839182,0.021899185858041664
357,0.1,0.021171097213260583,0.021731259838833693
357,0.25,0.05286958184254502,0.05426844952897379
357,0.5,0.10580621945509235,0.10860572904568674
358,-0.5,0.16231828151730154,0.16661303458736426
358,-0.25,0.08154867789107442,0.08370636112587947
358,-0.1,0.03261991197465509,0.033482996932115
358,0.1,0.03280789083428964,0.033675949493891875
358,0.25,0.08226130094505314,0.08443783935760073
358,0.5,0.16458281629131072,0.16893748631947592
359,-0.5,0.1787186505391679,0.18344733831176943
359,-0.25,0.0895963675867613,0.09196698333726563
359,-0.1,0.03592147806787064,0.03687191862682107
359,0.1,0.03566452330566363,0.0366081651402588
359,0.25,0.08922748574760613,0.09158834131338947
359,0.5,0.17796158061400227,0.18267023719630926
360,-0.5,0.13567329801711642,0.13926305579262882
360,-0.25,0.06801899579693947,0.06981869936877867
360,-0.1,0.02723253497994493,0.027953076203751825
360,0.1,0.027264749128075486,0.027986142700800135
360,0.25,0.06824641978410004,0.07005214073030973
360,0.5,0.13643138334033766,0.140041199172397
361,-0.5,0.13757035932289421,0.14121031113564583
361,-0.25,0.06902097120467615,0.0708471858812306
361,-0.1,0.02769672258515526,0.028429545673481216
361,0.1,0.02764312438978823,0.028374529332160753
361,0.25,0.06912715061664201,0.07095617467702714
361,0.5,0.13805577245978143,0.14170856773995033
362,-0.5,0.15969293653427238,0.16391822602746353
362,-0.25,0.07925049776882266,0.08134737382871596
362,-0.1,0.03157809097311439,0.03241361055775863
362,0.1,0.031239392932240394,0.03206595096038422
362,0.25,0.07776903577194749,0.0798267140692734
362,0.5,0.15452414760398728,0.15861267694965012
363,-0.5,0.1280901516607826,0.13147926819742675
363,-0.25,0.06416991389961177,0.06586777523814893
363,-0.1,0.02568479319189896,0.0263643829668996
363,0.1,0.025724911953748222,0.026405563224558264
363,0.25,0.06430052004947431,0.06600183707493625
363,0.5,0.1284364435350446,0.13183472255219447
364,-0.5,0.14956901222836166,0.15352643445122777
364,-0.25,0.07504696381322669,0.07703261925032781
364,-0.1,0.030113387178648233,0.030910152403283153
364,0.1,0.029996538124812136,0.030790211659293576
364,0.25,0.07512766681766533,0.07711545756246461
364,0.5,0.15015759726346006,0.1541305927622557
365,-0.5,0.15799448301355656,0.16217483340066385
365,-0.25,0.07923523815502315,0.08133171046327121
365,-0.1,0.03172774828355019,0.032567227626685236
365,0.1,0.0317325473666371,0.032572153687932766
365,0.25,0.07945129222655957,0.0815534810744257
365,0.5,0.1587490937132594,0.1629494102224138
366,-0.5,0.1317347299715959,0.13522027781433282
366,-0.25,0.06605892027043635,0.06780676252199594
366,-0.1,0.0264498981712291,0.027149731734718522
366,0.1,0.026537046773767316,0.02723918618798904
366,0.25,0.06644227740217365,0.06820026283787164
366,0.5,0.13293755592311343,0.13645492914250998
367,-0.5,0.15319759598930116,0.15725102632106047
367,-0.25,0.07693204734419622,0.07896757990053664
367,-0.1,0.030689459711298685,0.0315014671455914
367,0.1,0.031100264403415123,0.031923141252392186
367,0.25,0.07798607429403344,0.08004949517839476
367,0.5,0.1561950289586298,0.16032776788290867
368,-0.5,0.1465146791364502,0.1503912872556869
368,-0.25,0.07353632737463964,0.07548201312735447
368,-0.1,0.029422705733133117,0.030201196329483204
368,0.1,0.02951282091862382,0.03029369585804314
368,0.25,0.07396400962021117,0.07592101134805838
368,0.5,0.14794462932730118,0.1518590722665889
369,-0.5,0.12552869614348797,0.12885003954426658
369,-0.25,0.0628776241389673,0.06454129299243712
369,-0.1,0.025116310178619792,0.025780858553824077
369,0.1,0.025368032885308936,0.02603924155076058
369,0.25,0.06340295218027964,0.06508052060314562
369,0.5,0.12677306648421355,0.13012733447790412
370,-0.5,0.14705779873706518,0.15094877716967847
370,-0.25,0.0737331443773694,0.0756840376792205
370,-0.1,0.029726444185026474,0.030512971347785293
370,0.1,0.02933280768304454,0.030108919681475763
370,0.25,0.07339729295772744,0.07533930002136736
370,0.5,0.14678174741868086,0.15066542185425794
371,-0.5,0.21921665369550714,0.22501687156170788
371,-0.25,0.1102409598928104,0.11315780756098782
371,-0.1,0.04419012690516383,0.04535934630188461
371,0.1,0.04423428973266677,0.04540467762647382
371,0.25,0.11080798743857742,0.11373983799657249
371,0.5,0.22123716991237452,0.22709084828927306
372,-0.5,0.140802305268759,0.1445277706148202
372,-0.25,0.07063753543656874,0.07250652252380285
372,-0.1,0.028235938836239104,0.028983028959849826
372,0.1,0.028467229087131837,0.029220438881957727
372,0.25,0.07135343382680104,0.07324136275336811
372,0.5,0.1428991253394456,0.14668007010749037
373,-0.5,0.2000343303169753,0.20532700620176278
373,-0.25,0.09975576468752093,0.10239518627727277
373,-0.1,0.03986095584422476,0.04091563040637118
373,0.1,0.03955445661437465,0.040601021563136386
373,0.25,0.0988040517587588,0.10141829213057012
373,0.5,0.19686200591810907,0.2020707457864238
374,-0.5,0.12209045513004632,0.1253208266697994
374,-0.25,0.061348897416807685,0.06297211793801381
374,-0.1,0.02478064546348159,0.025436312540458864
374,0.1,0.024444877962278743,0.025091661021429196
374,0.25,0.061153296000778824,0.06277134113585996
374,0.5,0.12229798516236438,0.1255338477055651
375,-0.5,0.13233780213123278,0.1358393065623765
375,-0.25,0.06633536414459104,0.06809052077975628
375,-0.1,0.0265317687404373,0.02723376850403165
375,0.1,0.02663278430758485,0.027337456825677803
375,0.25,0.0666809347179917,0.06844523474888023
375,0.5,0.13337774819049666,0.1369067683856626
376,-0.5,0.24694339594583634,0.25347723118581234
376,-0.25,0.12291973123217141,0.12617204445373778
376,-0.1,0.04898602575577511,0.05028213906191778
376,0.1,0.04862085711676285,0.04990730848514455
376,0.25,0.12137370305986107,0.12458511017290186
376,0.5,0.24186231269077504,0.24826170837345085
377,-0.5,0.19996115109496657,0.20525189074259426
377,-0.25,0.10053902154297731,0.10319916719876272
377,-0.1,0.04021838608715369,0.041282517838094876
377,0.1,0.039812939566862486,0.040866343674118136
377,0.25,0.09968883575390877,0.10232648648186723
377,0.5,0.19816259826351046,0.2034057502936353
378,-0.5,0.11310625043237023,0.1160989103579617
378,-0.25,0.056688086134591406,0.05818798700642614
378,-0.1,0.022745463135373,0.023347281653395134
378,0.1,0.02277211304055351,0.02337463668409213
378,0.25,0.05690252176720219,0.05840809635664209
378,0.5,0.11384434841273529,0.11685653755301256
379,-0.5,0.20554903902109603,0.21098762768857277
379,-0.25,0.10281288151798008,0.1055331908658478
379,-0.1,0.04115992811713422,0.04224897197585558
379,0.1,0.04082951635592223,0.041909817903472084
379,0.25,0.10223099991090928,0.1049359133477618
379,0.5,0.20415148745406103,0.20955309853141674
380,-0.5,0.1570322242886048,0.16118711442826153
380,-0.25,0.07782547896313503,0.07988465068169712
380,-0.1,0.030973786225461868,0.031793316608853026
380,0.1,0.03064510822249008,0.03145594216793765
380,0.25,0.07628942403925129,0.07830795352984947
380,0.5,0.15153865166191358,0.15554818825492386
382,-0.5,0.12081236903035075,0.1240089238973966
382,-0.25,0.06058632377106633,0.06218936747992833
382,-0.1,0.02429145344989611,0.024934177074770778
382,0.1,0.024287905169782274,0.024930534911289215
382,0.25,0.06080188009585356,0.062410627174533155
382,0.5,0.12165742479554024,0.12487633885594371
384,-0.5,0.11290416787473893,0.1158914809307315
384,-0.25,0.056814023323639044,0.058317256347122017
384,-0.1,0.022971990497179136,0.023579802665907004
384,0.1,0.022828926497236966,0.023432953358806432
384,0.25,0.057083698769500806,0.05859406709184358
384,0.5,0.1143298500272313,0.11735488497594053
385,-0.5,0.1191668015070257,0.12231981657001047
385,-0.25,0.05978917126710233,0.06137112324722185
385,-0.1,0.024010263034794584,0.024645546688106954
385,0.1,0.024057537922004654,0.024694072413886065
385,0.25,0.06013008085496673,0.061721052906549605
385,0.5,0.12030480662736619,0.12348793198315743
387,-0.5,0.16604142780327963,0.1704346909967402
387,-0.25,0.08284496190227054,0.08503694330537011
387,-0.1,0.033106605405163816,0.03398256770512217
387,0.1,0.03276027210873792,0.033627070832208235
387,0.25,0.08185469522031423,0.08402047531797391
387,0.5,0.16334280486112945,0.16766466562808943
388,-0.5,0.11643825101470683,0.11951907180299765
388,-0.25,0.05859205747814416,0.06014233521878626
388,-0.1,0.023726212763466186,0.024353980776744444
388,0.1,0.02336455376770919,0.02398275270430783
388,0.25,0.05854741021505384,0.060096506641007075
388,0.5,0.117332931033104,0.12043742401481516
389,-0.5,0.1454979194105445,0.14934762524919068
389,-0.25,0.07300543092255793,0.07493706977219969
389,-0.1,0.029234183908705823,0.030007686436696237
389,0.1,0.02929051144975955,0.03006550433901801
389,0.25,0.07336868600648395,0.07530993616344318
389,0.5,0.14672223542127283,0.15060433523856795
390,-0.5,0.1492689936072314,0.15321847768608726
390,-0.25,0.07488840475070711,0.0768698648993036
390,-0.1,0.03001935826074728,0.030813635589502234
390,0.1,0.0299486659761226,0.030741072869190436
390,0.25,0.07500577208879554,0.07699033764074442
390,0.5,0.14988823445773192,0.15385410292976234
391,-0.5,0.16997736499939162,0.17447476851641008
391,-0.25,0.08440606089473031,0.08663934716274013
391,-0.1,0.03364507457754825,0.03453528414595729
391,0.1,0.03331509763864421,0.03419657640077462
391,0.25,0.08304170501444975,0.08523889201162749
391,0.5,0.16515641989248803,0.16952626680525382
392,-0.5,0.11259768161046893,0.115576885396131
392,-0.25,0.05642180291290478,0.057914658240188675
392,-0.1,0.022634385001696438,0.023233264521405103
392,0.1,0.02264665870775772,0.023245862975463313
392,0.25,0.05652804372273981,0.05802371005837064
392,0.5,0.11293433426886709,0.11592244549258657
393,-0.5,0.11187036222043374,0.11483032198038243
393,-0.25,0.05610956468321974,0.057594158549853634
393,-0.1,0.022513151343117235,0.023108823161127046
393,0.1,0.02267867364719057,0.02327872499298331
393,0.25,0.05659905749700928,0.05809660277456957
393,0.5,0.11322090910911259,0.11621660277002548
394,-0.5,0.11812446040322751,0.12124989633209537
394,-0.25,0.059325245604277474,0.060894922650569006
394,-0.1,0.02390486508768975,0.024537360033823386
394,0.1,0.023726212472394773,0.02435398047797162
394,0.25,0.059393824048413396,0.06096531560062958
394,0.5,0.11887857491030851,0.12202396383254342
395,-0.5,0.1535948784660244,0.15765882043036533
395,-0.25,0.07706912376458393,0.07910828320368697
395,-0.1,0.030888757914729198,0.031706038547844866
395,0.1,0.030821810727375047,0.03163732001572453
395,0.25,0.07722427796853715,0.07926754260754455
395,0.5,0.1543698645657382,0.15845431176152866
396,-0.5,0.1782684104740349,0.18298518541781691
396,-0.25,0.08857183701388747,0.09091534487622238
396,-0.1,0.03531306206681053,0.036247404645521134
396,0.1,0.03495010544031526,0.03587484460854512
396,0.25,0.08704908744751637,0.08935230512618264
396,0.5,0.1729393616819492,0.17751513618852607
397,-0.5,0.12275441996639228,0.1260023592440037
397,-0.25,0.06151689607508529,0.06314456164552838
397,-0.1,0.02460051446919723,0.02525141548942794
397,0.1,0.024932652934845635,0.02559234195284034
397,0.25,0.06228295998104901,0.06393089471206508
397,0.5,0.1246961653144394,0.12799548091711324
398,-0.5,0.11412588622424,0.11714552452778462
398,-0.25,0.05737899823923207,0.05889717984232401
398,-0.1,0.023205281416758643,0.0238192661920698
398,0.1,0.022877552296720824,0.02348286574042796
398,0.25,0.05732279897455434,0.058839493610422046
398,0.5,0.11490096227604739,0.11794110819106939
399,-0.5,0.18016391410392288,0.1849308418706505
399,-0.25,0.09031801759835613,0.09270772736940969
399,-0.1,0.036205883475803835,0.037163849071290174
399,0.1,0.035938514907366714,0.036889406241288676
399,0.25,0.09004258289874983,0.09242500498778336
399,0.5,0.1798156848935324,0.18457339892009206
400,-0.5,0.22710076710311014,0.2331095894465485
400,-0.25,0.1142639550387996,0.1172872464827032
400,-0.1,0.04572901233127145,0.046938948847755145
400,0.1,0.04590126104033881,0.047115755057463626
400,0.25,0.11485625436311002,0.11789521735871869
400,0.5,0.22899347527467048,0.23505237647647623
401,-0.5,0.16889505566186686,0.17336382253175822
401,-0.25,0.08475784465999461,0.08700043871756298
401,-0.1,0.03391887300127971,0.034816326957750936
401,0.1,0.03392874546546948,0.034826460635868625
401,0.25,0.08499784889371084,0.08724679318435183
401,0.5,0.16982920700490226,0.17432269043358725
402,-0.5,0.18654201178610666,0.1914776966043855
402,-0.25,0.09359783901363633,0.0960743290472756
402,-0.1,0.0376206255893434,0.03861602361683108
402,0.1,0.03733253220394913,0.038320307615303736
402,0.25,0.09359724534167639,0.09607371966744561
402,0.5,0.1872230662109947,0.19217677093778185
403,-0.5,0.11762470336127669,0.1207369162996709
403,-0.25,0.05885444001507316,0.060411660092681084
403,-0.1,0.023506748205214173,0.0241287094413598
403,0.1,0.02385532553405175,0.024486509721174835
403,0.25,0.05989459143611719,0.061479332711381354
403,0.5,0.12066644025628265,0.12385913401757638
404,-0.5,0.137579987689898,0.14122019425804969
404,-0.25,0.06904290951329868,0.07086970465200088
404,-0.1,0.02770607877225573,0.02843914941441788
404,0.1,0.02762631218698981,0.02835727229801673
404,0.25,0.069249857229093,0.07108212796382445
404,0.5,0.13858155001857395,0.14224825676184907
405,-0.5,0.11427147594596034,0.11729496638432602
405,-0.25,0.05720028624172548,0.058713739333076324
405,-0.1,0.022887498537406403,0.023493075147081786
405,0.1,0.023082867120218654,0.023693612955522744
405,0.25,0.05737490471633477,0.05889297800956865
405,0.5,0.11429677023388579,0.11732092992971101
406,-0.5,0.21239931232107281,0.21801915125814844
406,-0.25,0.10587199911792197,0.10867324916194061
406,-0.1,0.04228120719173492,0.043399918791532786
406,0.1,0.04188000782096555,0.04298810415171786
406,0.25,0.10473630192457613,0.10750750274085413
406,0.5,0.20894993662620723,0.21447850909152846
407,-0.5,0.12158533733225611,0.12480234404216672
407,-0.25,0.06092232529217044,0.06253425921075384
407,-0.1,0.02437096336691962,0.02501579073178614
407,0.1,0.024547679108123232,0.025197182166109274
407,0.25,0.06139265637381505,0.06301703470616354
407,0.5,0.12285958122986522,0.12611030295228157
408,-0.5,0.15038081942664205,0.15435972112442942
408,-0.25,0.07557847484605484,0.0775781934473213
408,-0.1,0.030223558759119973,0.031023238995724223
408,0.1,0.030466974450334847,0.031273095183212064
408,0.25,0.0764478905706792,0.07847061290151688
408,0.5,0.15312826503139446,0.15717986094658937
409,-0.5,0.13093957613723445,0.13440408513370355
409,-0.25,0.06567707185940255,0.06741481084582
409,-0.1,0.026241511657252952,0.02693583155578552
409,0.1,0.026499027104862,0.027200160562833895
409,0.25,0.06638817998865494,0.06814473406966744
409,0.5,0.1329621795605422,0.1364802042927656
410,-0.5,0.17645373060602304,0.181122491229659
410,-0.25,0.08850830285425093,0.09085012967656618
410,-0.1,0.0354691899134336,0.036407663453501965
410,0.1,0.035329848717730095,0.03626463545171329
410,0.25,0.08850613190147999,0.09084790128290816
410,0.5,0.17679820176839575,0.18147607669861704
411,-0.5,0.17076199586563065,0.17528015980341102
411,-0.25,0.08521222181695355,0.08746683816598272
411,-0.1,0.03384238120837821,0.03473781128091395
411,0.1,0.03356112480892742,0.03444911316403168
411,0.25,0.08373410941467381,0.08594961662751542
411,0.5,0.16614785237897717,0.1705439314430158
412,-0.5,0.15924110856411142,0.1634544432143616
412,-0.25,0.07993342792101477,0.08204837351898071
412,-0.1,0.03201511314032518,0.03286219582357279
412,0.1,0.03201203712560484,0.03285903842107813
412,0.25,0.08022001684316135,0.08234254525091145
412,0.5,0.16035337842922084,0.16459614244733559
413,-0.5,0.16925788182239596,0.17373624865079024
413,-0.25,0.0849206296800797,0.08716753084007815
413,-0.1,0.033988189065787544,0.03488747704476115
413,0.1,0.03397474363594908,0.03487367586447648
413,0.25,0.08511265601941047,0.08736463797315973
413,0.5,0.17006308688876762,0.17456275850734637
414,-0.5,0.17313000631635705,0.1777108250583784
414,-0.25,0.08636952487796341,0.0886547621208796
414,-0.1,0.03452548265971748,0.03543898680270222
414,0.1,0.034218407768263626,0.03512378706652673
414,0.25,0.08541476514326497,0.08767474055329678
414,0.5,0.1700233885012081,0.17452200974659257
415,-0.5,0.16988085545022402,0.1743757054367424
415,-0.25,0.08527632885583433,0.08753264140260211
415,-0.1,0.03411165354375151,0.035014208249312055
415,0.1,0.03420738967248755,0.03511247744474251
415,0.25,0.08569251819340641,0.08795984262631885
415,0.5,0.1712478231378394,0.17577884150057632
416,-0.5,0.17482973266791701,0.17945552419364696
416,-0.25,0.08770068799156369,0.09002114626328482
416,-0.1,0.035166862298556076,0.03609733660132337
416,0.1,0.03501048321058336,0.03593681990443879
416,0.25,0.08771016986367436,0.09003087901471096
416,0.5,0.17524815575313074,0.1798850182673717
417,-0.5,0.1328282656945081,0.13634274722148132
417,-0.25,0.06659835166609915,0.068360466645419
417,-0.1,0.026641272105225825,0.027346169200579185
417,0.1,0.02677956225988738,0.02748811835200155
417,0.25,0.0670745820303182,0.06884929751156346
417,0.5,0.13425590951425112,0.13780816483737646
418,-0.5,0.1689568939544767,0.17342729699371726
418,-0.25,0.08474889432529249,0.08699125156740742
418,-0.1,0.03394674678858086,0.034844938253067004
418,0.1,0.03387106539544964,0.03476725441823631
418,0.25,0.08485005182925676,0.08709508558135348
418,0.5,0.1695437004847592,0.174029629742759
419,-0.5,0.10637539354387358,0.1091899628193189
419,-0.25,0.053495923555076125,0.054911363515235595
419,-0.1,0.021638162958807605,0.022210683601147887
419,0.1,0.021451378832667293,0.022018957384124887
419,0.25,0.05358957759770749,0.055007495534983
419,0.5,0.10728329438247274,0.11012188565887468
420,-0.5,0.1578692218582731,0.16204625798079983
420,-0.25,0.07754301899013884,0.07959471714611231
420,-0.1,0.03066790846906122,0.031479345682532855
420,0.1,0.03025960170581965,0.03106023559690167
420,0.25,0.07504398570784161,0.07702956234773563
420,0.5,0.14866284000455934,0.1525962859636072
421,-0.5,0.14461490454867534,0.1484412468403848
421,-0.25,0.07255229657844929,0.07447194602001378
421,-0.1,0.028961599892977308,0.02972789016472981
421,0.1,0.0293208643196437,0.030096660310560838
421,0.25,0.07351582093899264,0.07546096411525444
421,0.5,0.14731309058889047,0.1512108237471831
422,-0.5,0.13047029320844022,0.13392238552405042
422,-0.25,0.06543591231251027,0.06716727049761126
422,-0.1,0.026221425356957165,0.02691521379532976
422,0.1,0.02623350102626415,0.02692760897281133
422,0.25,0.06568158875327096,0.06741944725145028
422,0.5,0.13136788686449147,0.13484372846498788
423,-0.5,0.15874664510882186,0.1629468968307488
423,-0.25,0.07957614861131522,0.08168164101400421
423,-0.1,0.03200388952302926,0.03285067524240818
423,0.1,0.031468193098974424,0.032300804913600746
423,0.25,0.07900065218994919,0.08109091762621538
423,0.5,0.15801259121342462,0.16219342072245369
424,-0.5,0.11954218172294301,0.12270512891014497
424,-0.25,0.06000961965250429,0.06159740444067935
424,-0.1,0.024204474640305916,0.02484489690697234
424,0.1,0.023829754668915272,0.024460262280667288
424,0.25,0.059765066689578775,0.06134638089059323
424,0.5,0.11974014392674083,0.12290832896376826
425,-0.5,0.12103767321465438,0.12424018936855091
425,-0.25,0.060769005458475855,0.06237688271245989
425,-0.1,0.024443568925179064,0.025090317348729324
425,0.1,0.024383406418168656,0.02502856301170895
425,0.25,0.06101104201755569,0.06262532327757933
425,0.5,0.1221207456231064,0.1253519186140999
426,-0.5,0.12914678498713175,0.13256385881348995
426,-0.25,0.06460875548430547,0.06631822806111794
426,-0.1,0.02578409097964893,0.026466308058701853
426,0.1,0.02595150377854977,0.02663815040568148
426,0.25,0.0649189532939164,0.06663663334423524
426,0.5,0.12984870389108588,0.13328434967581818
427,-0.5,0.14273495088028532,0.146511551782957
427,-0.25,0.07154846653185526,0.07344155579711593
427,-0.1,0.028635649976970285,0.029393315992789493
427,0.1,0.02870331039314266,0.02946276662493361
427,0.25,0.07181587050262195,0.07371603496615149
427,0.5,0.1435058832733735,0.1473028821511289
428,-0.5,0.16890806396537092,0.17337717501985372
428,-0.25,0.08469657423029503,0.0869375471435068
428,-0.1,0.03395217105906876,0.034850506043447506
428,0.1,0.033858665808566224,0.03475452675269572
428,0.25,0.084801718751335,0.08704547366636638
428,0.5,0.169506088722339,0.17399102281682047
429,-0.5,0.19082047424681828,0.19586936220904694
429,-0.25,0.09563186199606205,0.09816216991371718
429,-0.1,0.03832518673622223,0.039339226632760765
429,0.1,0.037896080342435016,0.03889876658253465
429,0.25,0.09501012694388923,0.09752398447469252
429,0.5,0.1896290396597235,0.19464640364755523
430,-0.5,0.33760795502976276,0.3465406691257232
430,-0.25,0.16865303241895147,0.17311539563513345
430,-0.1,0.06735634395775965,0.06913851453211947
430,0.1,0.0673674389878996,0.06914990312386142
430,0.25,0.16850653273988128,0.17296501974482834
430,0.5,0.3368892091753935,0.34580290609142944
431,-0.5,0.15564190329359814,0.1597600071556658
431,-0.25,0.07819069308240371,0.0802595279420815
431,-0.1,0.03125856675501686,0.03208563210022605
431,0.1,0.03154455699263622,0.032379189307132794
431,0.25,0.07910310684369129,0.08119608311101476
431,0.5,0.1583890272505951,0.16257981681964453
432,-0.5,0.25532649337609387,0.262082135630589
432,-0.25,0.1285093279466762,0.1319095354006459
432,-0.1,0.051491923439795334,0.05285433988610871
432,0.1,0.051581178576642586,0.0529459566101377
432,0.25,0.12896928427223128,0.1323816616359783
432,0.5,0.25695719679325363,0.263755985564837
434,-0.5,0.12734688038856698,0.13071633083123577
434,-0.25,0.06383021430054965,0.06551908758252083
434,-0.1,0.025557500097427865,0.0262337218450987
434,0.1,0.025632660745223378,0.026310871156277355
434,0.25,0.06418618957837924,0.06588448155245974
434,0.5,0.12849019801260045,0.13188989931074882
436,-0.5,0.11338952796292284,0.11638968308272564
436,-0.25,0.056941342946988695,0.058447944699724766
436,-0.1,0.022934794138244202,0.023541622134547142
436,0.1,0.02283810858024216,0.02344237838905581
436,0.25,0.05710847286479712,0.05861949668090707
436,0.5,0.11429482703193955,0.1173189353128998
437,-0.5,0.1977479696023686,0.2029801510400332
437,-0.25,0.09906445060321009,0.10168558082578988
437,-0.1,0.039635898162024334,0.040684617959479204
437,0.1,0.039500098762290596,0.040545225465465094
437,0.25,0.09890655774385326,0.10152351030488978
437,0.5,0.19752738306496875,0.20275372803923652
438,-0.5,0.14899355288638233,0.1529357491239031
438,-0.25,0.07469597210993621,0.07667234071451802
438,-0.1,0.029923933961791885,0.030715686474505996
438,0.1,0.029887126885186216,0.030677905525433376
438,0.25,0.0747429423225315,0.07672055370434616
438,0.5,0.1491959056470037,0.15314345590338044
439,-0.5,0.16009472440441858,0.1643306447376648
439,-0.25,0.08022359637386359,0.08234621949183565
439,-0.1,0.03214161958253745,0.03299204947921041
439,0.1,0.03202388458622786,0.032871199351739204
439,0.25,0.0800795286329952,0.08219833988599058
439,0.5,0.159859417470464,0.16408911185572972
440,-0.5,0.1936081391193164,0.19873078545403122
440,-0.25,0.09709767454449597,0.09966676615850173
440,-0.1,0.038983803368620014,0.040015269495756504
440,0.1,0.038754208351747046,0.0397795996615902
440,0.25,0.09716055681446231,0.09973131222024473
440,0.5,0.19437133539790824,0.19951417501910873
441,-0.5,0.10419263903800065,0.106949455166187
441,-0.25,0.05282573114116046,0.05422343858899728
441,-0.1,0.021694190655189467,0.022268193725256284
441,0.1,0.02121542226020347,0.021776757675000688
441,0.25,0.053231956245094976,0.05464041193703561
441,0.5,0.10727087520186467,0.11010913788118225
442,-0.5,0.12445076551392485,0.12774358812309974
442,-0.25,0.06248415060358699,0.06413740860463607
442,-0.1,0.02514088328284628,0.025806081833827633
442,0.1,0.025012318090036057,0.025674114955444083
442,0.25,0.0626060882323464,0.06426257256132709
442,0.5,0.12526151623687606,0.1285757903678629
443,-0.5,0.14858249574180862,0.15251381588504642
443,-0.25,0.07442901061387798,0.07639831572755743
443,-0.1,0.02984354029459176,0.030633165684311504
443,0.1,0.029662249307009655,0.03044707794790841
443,0.25,0.07428801939329242,0.0762535940431461
443,0.5,0.14845875312823326,0.1523867991857391
444,-0.5,0.17724583895436305,0.1819355578442464
444,-0.25,0.08945454536436048,0.09182140866369685
444,-0.1,0.03595239891762759,0.036903657606323984
444,0.1,0.03603123643509137,0.03698458107286878
444,0.25,0.09059685293845231,0.09299394036852077
444,0.5,0.18144546535122932,0.18624630147444252
445,-0.5,0.15880177567460205,0.1630034860872225
445,-0.25,0.07966046761301866,0.08176819099849066
445,-0.1,0.03193471537906528,0.032779670830994465
445,0.1,0.03186059073141599,0.032703584931321784
445,0.25,0.07977243524147808,0.08188312116026165
445,0.5,0.15937583076138692,0.16359273000439242
446,-0.5,0.16378220248749106,0.1681156892049426
446,-0.25,0.08220913806738059,0.08438429631081269
446,-0.1,0.03288263485898817,0.033752671158610636
446,0.1,0.03298437338661883,0.033857101569434
446,0.25,0.08264105192575949,0.08482763810788055
446,0.5,0.16519737016268862,0.16956830057200836
447,-0.5,0.12948250909462783,0.13290846579066581
447,-0.25,0.0649213166254505,0.06663905920677489
447,-0.1,0.02599856765984998,0.026686459542579605
447,0.1,0.02612848640796777,0.026819815789770954
447,0.25,0.06533981185954135,0.06706862733835219
447,0.5,0.13066433299828595,0.1341215593812074
448,-0.5,0.302621971775431,0.3106289974179026
448,-0.25,0.15068668532136362,0.15467367987522426
448,-0.1,0.060181855580199416,0.06177419753083535
448,0.1,0.06029846489990039,0.061893892197603224
448,0.25,0.1513727407324257,0.1553778875150763
448,0.5,0.3045673018719339,0.31262579868774565
449,-0.5,0.13983902027458944,0.14353899821930938
449,-0.25,0.07006178997785714,0.07191554350942973
449,-0.1,0.028007776662883746,0.028748829880575245
449,0.1,0.02810722765454153,0.028850912229882644
449,0.25,0.07026114907321128,0.07212017741473635
449,0.5,0.1402600514695365,0.14397116941031962
450,-0.5,0.14896718117050511,0.152908679643075
450,-0.25,0.07465158001898167,0.07662677406043275
450,-0.1,0.029998090549944095,0.03079180515979018
450,0.1,0.02963786357142994,0.030422046994108245
450,0.25,0.0742062019582194,0.07616961181383562
450,0.5,0.14820112011661732,0.15212234950407688
452,-0.5,0.15865504685808718,0.16285287499676226
452,-0.25,0.0795852248525684,0.08169095740205184
452,-0.1,0.031908303496948336,0.03275256012117464
452,0.1,0.03179491905353463,0.032636175657172396
452,0.25,0.07963079509233788,0.08173773337740037
452,0.5,0.15909566851890422,0.16330515499459988
453,-0.5,0.14657861383202983,0.15045691358900173
453,-0.25,0.07361500677389976,0.07556277429207173
453,-0.1,0.02949486941832553,0.03027526938191158
453,0.1,0.029506597213062858,0.030287307480466708
453,0.25,0.07397460002323394,0.07593188196083615
453,0.5,0.14797222232790008,0.15188739534591292
454,-0.5,0.122704310482064,0.12595092392096122
454,-0.25,0.06179486303808659,0.06342988329129595
454,-0.1,0.02496129866107653,0.02562174561169302
454,0.1,0.024904725701775692,0.025563675797642557
454,0.25,0.06219739802698441,0.06384306888814265
454,0.5,0.12437094083780603,0.12766165137882923
455,-0.5,0.14586429345069857,0.14972369312061895
455,-0.25,0.07319961604178005,0.07513639280397942
455,-0.1,0.029339768394783063,0.030116064565556606
455,0.1,0.029318039072192884,0.030093760310346197
455,0.25,0.07354510934233117,0.07549102745570405
455,0.5,0.1472407408572084,0.15113655972569118
456,-0.5,0.15450671301043553,0.15859478105701683
456,-0.25,0.07722928867233747,0.0792726858887436
456,-0.1,0.03092280275901118,0.03174098417913699
456,0.1,0.030676754906349947,0.03148842618627022
456,0.25,0.0767787562423926,0.07881023289434609
456,0.5,0.1533375137026155,0.15739464609444592
457,-0.5,0.1804425318761194,0.1852168315452682
457,-0.25,0.09057485980835345,0.09297136532576161
457,-0.1,0.03631509033307745,0.03727594541507858
457,0.1,0.03604366948974638,0.03699734309169931
457,0.25,0.09034224021452801,0.09273259088785207
457,0.5,0.18027691129576162,0.18504682883685122
458,-0.5,0.17849480110868468,0.18321756608553078
458,-0.25,0.08951560265265973,0.091884081456879
458,-0.1,0.035937392334111876,0.036888253966050256
458,0.1,0.03568163694998993,0.03662573159172317
458,0.25,0.08934706455702915,0.09171108403912606
458,0.5,0.1784464709270434,0.18316795714345635
459,-0.5,0.2528411127170809,0.2595309946880406
459,-0.25,0.12064791994416015,0.12384012367952087
459,-0.1,0.04662554582408777,0.047859203574770685
459,0.1,0.04423745751172617,0.04540792922128529
459,0.25,0.10798080476604142,0.11083785135649198
459,0.5,0.2103810051305793,0.2159474420052275
460,-0.5,0.18472664887046372,0.1896143012959501
460,-0.25,0.09257810430864352,0.09502761334720337
460,-0.1,0.037133056029639816,0.03811555353326887
460,0.1,0.036856972980721416,0.0378321656477612
460,0.25,0.09234225333769992,0.09478552203369288
460,0.5,0.1844960274567993,0.1893775779077262
461,-0.5,0.23898390125124538,0.24530713751274405
461,-0.25,0.11936175080932385,0.12251992400426223
461,-0.1,0.04774081647040433,0.049003982986134814
461,0.1,0.04746232640382038,0.04871812439607179
461,0.25,0.11883051915168918,0.12197463657440516
461,0.5,0.23757180420199875,0.24385767801682295
462,-0.5,0.18744083088994176,0.19240029741703088
462,-0.25,0.09383905507808969,0.0963219274084344
462,-0.1,0.03769836880395156,0.038695823826538585
462,0.1,0.03714370819575385,0.0381264875433175
462,0.25,0.09331109309159841,0.09577999616141888
462,0.5,0.18685815857550836,0.19180220827038447
463,-0.5,0.2779871897725757,0.2853424077157044
463,-0.25,0.13854381311941735,0.14220952138820153
463,-0.1,0.05524670767367809,0.056708471346718796
463,0.1,0.05518879594171588,0.056649027337638366
463,0.25,0.1375697025639736,0.14120963699964753
463,0.5,0.2739970295308367,0.2812466724716425
464,-0.5,0.1405910910702603,0.1443109679341187
464,-0.25,0.07026432612776061,0.07212343853045643
464,-0.1,0.028083545208326757,0.0288266031736666
464,0.1,0.027937899132866026,0.028677103472330337
464,0.25,0.06962216286400848,0.07146428437311733
464,0.5,0.13849623285209903,0.14216068220231146
465,-0.5,0.24639476268968744,0.2529140817313698
465,-0.25,0.1237476765032444,0.1270218961943812
465,-0.1,0.049545088406926875,0.05085599386103309
465,0.1,0.049454308929369174,0.05076281246401015
465,0.25,0.12379337129105628,0.12706880001316856
465,0.5,0.24692449919617745,0.25345783445012077
466,-0.5,0.1717415026896706,0.17628558323955631
466,-0.25,0.08577985838576081,0.08804949373864941
466,-0.1,0.034381762958416336,0.035291464445146824
466,0.1,0.033758514904057124,0.03465172597165645
466,0.25,0.0846332979836854,0.08687259668095643
466,0.5,0.16904735478666447,0.1735201513143841
467,-0.5,0.18752413388657532,0.19248580451413416
467,-0.25,0.09395647266096721,0.09644245172408304
467,-0.1,0.03768934073571937,0.038686556886114096
467,0.1,0.03726545849429005,0.03825145921324534
467,0.25,0.09345411546854053,0.0959268027442232
467,0.5,0.18671763310636796,0.1916579646606602
468,-0.5,0.23824640505347994,0.24455012802276097
468,-0.25,0.11855048182759695,0.12168718978819852
468,-0.1,0.04724347181975515,0.04849347917408195
468,0.1,0.04703947577086532,0.04828408562683851
468,0.25,0.11721898656136016,0.12032046470478408
468,0.5,0.2331311547191045,0.23929953410987828
469,-0.5,0.2554637340294348,0.26222300751210564
469,-0.25,0.12727810531052033,0.13064573604455973
469,-0.1,0.050752410530699114,0.05209526032495701
469,0.1,0.05055682832354306,0.0518945032399204
469,0.25,0.1259501315292139,0.12928262562047393
469,0.5,0.25038647735669917,0.25701141252899057
470,-0.5,0.255750899608732,0.26251777115886493
470,-0.25,0.12751654713866403,0.13089048676634055
470,-0.1,0.05087181584207796,0.052217824962092825
470,0.1,0.05056745131469835,0.051905407303074795
470,0.25,0.12631084604953385,0.1296528842277512
470,0.5,0.2518998841854224,0.25856486234340315
471,-0.5,0.30622312706991683,0.3143254350959388
471,-0.25,0.15245858039424728,0.15649245723230268
471,-0.1,0.06081593384915391,0.062425052773811475
471,0.1,0.06113551874973068,0.06275309351941118
471,0.25,0.15328789385924488,0.15734371336769173
471,0.5,0.3080827486761421,0.3162342601284685
