config,unit,tier,time,amp_uv,collision_offset,status,assigned_cluster,matched_cluster
vanilla,371,noisy_channel,1636,143.418961029888,,detected_misfiled,125,118
vanilla,244,collision,2203,192.8159586729295,-14.0,found,75,75
vanilla,461,easy,3661,149.89004656245044,,detected_misfiled,15,94
vanilla,328,noisy_channel,4861,119.79292740759385,,found,42,42
vanilla,390,noisy_channel,7636,266.9497256306307,,found,23,23
vanilla,244,collision,8245,178.45459454875032,13.0,detected_misfiled,167,75
vanilla,244,collision,9195,173.17348934387132,9.0,found,75,75
vanilla,292,collision,10996,108.2202345042655,10.0,found,174,174
vanilla,205,pair,11161,140.00591867394473,,found,106,106
vanilla,134,pair,12436,160.6730575695094,,found,135,135
vanilla,205,pair,14011,171.03605212878034,,found,106,106
vanilla,328,noisy_channel,14386,131.76464689278868,,detected_misfiled,21,42
vanilla,461,easy,14611,162.45836480634512,,not_detected,-1,94
vanilla,163,pair,15061,159.32383242110782,,not_detected,-1,134
vanilla,328,noisy_channel,18436,162.11636741066627,,found,42,42
vanilla,186,pair,19636,157.09512147319583,,detected_misfiled,62,104
vanilla,205,pair,21361,187.27126964225585,,found,106,106
vanilla,413,easy,24286,171.91558870589387,,found,53,53
vanilla,390,noisy_channel,25036,206.14683107435556,,found,23,23
vanilla,134,pair,25786,138.67511571954407,,found,135,135
vanilla,371,noisy_channel,25936,121.93371173773815,,detected_misfiled,175,118
vanilla,328,noisy_channel,26761,170.1018016969875,,found,42,42
vanilla,205,pair,26986,183.36475329201824,,found,106,106
vanilla,390,noisy_channel,28486,233.37713228866684,,found,23,23
vanilla,413,easy,28861,238.70014746502633,,found,53,53
vanilla,328,noisy_channel,29686,132.87566494682068,,found,42,42
vanilla,270,collision,31437,105.09149793269053,-11.0,found,189,189
vanilla,440,easy,33661,234.34083239593605,,detected_misfiled,157,85
vanilla,186,pair,34036,84.49259180235539,,not_detected,-1,104
vanilla,205,pair,35161,138.45008456361865,,found,106,106
vanilla,413,easy,36286,174.9757729590752,,found,53,53
vanilla,413,easy,37111,178.7863678231341,,found,53,53
vanilla,205,pair,37636,164.1273063658926,,found,106,106
vanilla,186,pair,37861,87.65365757905825,,detected_misfiled,124,104
vanilla,371,noisy_channel,38311,140.23459144656766,,found,118,118
vanilla,244,collision,40783,207.14250516429888,-10.0,found,75,75
vanilla,328,noisy_channel,42286,93.25451589615722,,detected_misfiled,121,42
vanilla,244,collision,42727,186.4144165490726,-13.0,detected_misfiled,46,75
vanilla,371,noisy_channel,43036,190.97050729959273,,found,118,118
vanilla,186,pair,44161,96.9264085204067,,found,104,104
vanilla,461,easy,44536,140.79961943976008,,found,94,94
vanilla,440,easy,44761,250.8644401030009,,found,85,85
vanilla,270,collision,46668,120.69618188627919,-11.0,found,189,189
vanilla,328,noisy_channel,47161,143.44832979752937,,detected_misfiled,67,42
vanilla,270,collision,48959,124.87444314101595,15.0,found,189,189
vanilla,186,pair,50611,129.55333812604715,,detected_misfiled,47,104
vanilla,205,pair,50761,171.74093280572015,,found,106,106
vanilla,205,pair,53011,205.38709297733476,,found,106,106
vanilla,413,easy,55036,175.09292897775015,,found,53,53
vanilla,371,noisy_channel,56611,131.27462522063726,,detected_misfiled,72,118
vanilla,134,pair,57136,169.20471596224533,,found,135,135
vanilla,163,pair,57811,135.0661786090881,,not_detected,-1,134
vanilla,244,collision,60021,112.87840942047431,17.0,found,75,75
vanilla,461,easy,60811,149.48366000727367,,found,94,94
vanilla,205,pair,61036,164.15217457152391,,found,106,106
vanilla,328,noisy_channel,61186,141.8773247554929,,detected_misfiled,31,42
vanilla,328,noisy_channel,63586,140.79122458865277,,found,42,42
vanilla,134,pair,64411,114.24910676437347,,found,135,135
vanilla,186,pair,64561,100.18335249187386,,detected_misfiled,155,104
vanilla,205,pair,65311,169.03975403674667,,found,106,106
vanilla,292,collision,65664,153.74717869040092,19.0,found,174,174
vanilla,270,collision,66337,136.3782682279451,18.0,found,189,189
vanilla,440,easy,66511,234.20917415257546,,found,85,85
vanilla,134,pair,67261,116.92724323573222,,found,135,135
vanilla,440,easy,68986,225.0299045327942,,found,85,85
vanilla,205,pair,69586,138.68655464345147,,found,106,106
vanilla,440,easy,69961,231.15032882882622,,found,85,85
vanilla,270,collision,70242,126.25604005606536,-11.0,found,189,189
vanilla,413,easy,71686,225.84882029889224,,found,53,53
vanilla,186,pair,72136,92.47128229365174,,detected_misfiled,113,104
vanilla,134,pair,72361,95.95761788695722,,found,135,135
vanilla,270,collision,73091,175.95439966140668,-12.0,detected_misfiled,190,189
vanilla,390,noisy_channel,73411,174.8999327421399,,found,23,23
vanilla,186,pair,75286,151.17556308986374,,not_detected,-1,104
vanilla,186,pair,75661,82.39276151589934,,detected_misfiled,100,104
vanilla,205,pair,76036,140.3794402192769,,found,106,106
vanilla,390,noisy_channel,77311,261.0991136751348,,detected_misfiled,108,23
vanilla,163,pair,78436,108.9981499551073,,detected_misfiled,197,134
vanilla,205,pair,79111,147.98038068422898,,found,106,106
vanilla,328,noisy_channel,79561,139.3816778713383,,found,42,42
vanilla,390,noisy_channel,79861,230.0444507581812,,found,23,23
vanilla,461,easy,82786,173.78502243258202,,found,94,94
vanilla,390,noisy_channel,83086,269.4015320135375,,found,23,23
vanilla,413,easy,83536,226.5659682214066,,found,53,53
vanilla,186,pair,84511,118.12142663309075,,not_detected,-1,104
vanilla,440,easy,84661,293.01404276861814,,found,85,85
vanilla,440,easy,85861,183.5787192939349,,found,85,85
vanilla,440,easy,86011,207.35807619478447,,detected_misfiled,113,85
vanilla,461,easy,86986,123.53589047686822,,found,94,94
vanilla,244,collision,89268,148.41274150718357,-18.0,found,75,75
vanilla,134,pair,90211,108.71056624339924,,found,135,135
vanilla,328,noisy_channel,90661,148.7096304874431,,found,42,42
vanilla,134,pair,90961,107.10217993260763,,detected_misfiled,181,135
vanilla,328,noisy_channel,95236,157.63680494702487,,found,42,42
vanilla,371,noisy_channel,96061,163.87865827574635,,found,118,118
vanilla,205,pair,96661,159.7551160510621,,found,106,106
vanilla,328,noisy_channel,97786,121.90098227771007,,detected_misfiled,147,42
vanilla,413,easy,100186,158.79636722872056,,detected_misfiled,2,53
vanilla,440,easy,101761,298.83771833210176,,found,85,85
vanilla,461,easy,102361,218.38359170627777,,found,94,94
vanilla,461,easy,102811,153.0227615993665,,found,94,94
vanilla,371,noisy_channel,103411,150.69798102663367,,not_detected,-1,118
vanilla,413,easy,105886,233.57518115144163,,found,53,53
vanilla,134,pair,107236,166.65686375891215,,found,135,135
vanilla,186,pair,108211,107.22542504484662,,found,104,104
vanilla,461,easy,108436,227.48159530258266,,found,94,94
vanilla,328,noisy_channel,108586,143.7176060927774,,detected_misfiled,99,42
vanilla,461,easy,109861,157.45659522136953,,found,94,94
vanilla,461,easy,111886,141.53731875531184,,found,94,94
vanilla,328,noisy_channel,112261,140.17954718827417,,detected_misfiled,18,42
vanilla,163,pair,113311,141.0731179224481,,detected_misfiled,57,134
vanilla,413,easy,113611,148.43876105245255,,found,53,53
vanilla,134,pair,117436,137.64496744831825,,found,135,135
vanilla,413,easy,120136,184.26480715964664,,found,53,53
vanilla,186,pair,121111,93.46669064670301,,not_detected,-1,104
vanilla,328,noisy_channel,123286,202.34623467755262,,found,42,42
vanilla,205,pair,123436,187.17149150936078,,found,106,106
vanilla,186,pair,125086,89.6180846212977,,detected_misfiled,75,104
vanilla,186,pair,125536,97.0606983005903,,not_detected,-1,104
vanilla,328,noisy_channel,125761,154.47702193875963,,detected_misfiled,45,42
vanilla,205,pair,126211,128.99546363710712,,found,106,106
vanilla,328,noisy_channel,126736,191.11639676919486,,found,42,42
vanilla,390,noisy_channel,126961,226.3144165259219,,found,23,23
vanilla,186,pair,127561,78.53649580009285,,detected_misfiled,36,104
vanilla,328,noisy_channel,127786,150.85319740334702,,found,42,42
vanilla,186,pair,129211,128.51614284086259,,not_detected,-1,104
vanilla,134,pair,132361,117.5313777068047,,found,135,135
vanilla,134,pair,132511,112.05939123285887,,found,135,135
vanilla,390,noisy_channel,133261,243.0123170781912,,found,23,23
vanilla,328,noisy_channel,134011,130.89193471072457,,found,42,42
vanilla,413,easy,135061,139.1148321436971,,found,53,53
vanilla,163,pair,135886,120.82328785017285,,detected_misfiled,58,134
vanilla,134,pair,136561,137.70860020313307,,found,135,135
vanilla,328,noisy_channel,137236,131.54353868938605,,detected_misfiled,41,42
vanilla,328,noisy_channel,138136,127.4374939592597,,detected_misfiled,35,42
vanilla,205,pair,139036,187.206221151881,,detected_misfiled,48,106
vanilla,244,collision,140961,155.56400700736916,-10.0,detected_misfiled,157,75
vanilla,440,easy,141286,230.60492492212973,,found,85,85
vanilla,134,pair,141661,119.03327747837092,,found,135,135
vanilla,371,noisy_channel,142336,120.87736032619344,,found,118,118
vanilla,390,noisy_channel,143911,253.32517696063832,,found,23,23
vanilla,390,noisy_channel,144136,268.39603430918066,,found,23,23
vanilla,292,collision,144627,138.16086468697642,8.0,found,174,174
vanilla,270,collision,145626,145.66545459979253,-7.0,found,189,189
vanilla,413,easy,146161,206.89489351677219,,found,53,53
vanilla,270,collision,146315,132.79549212810085,7.0,detected_misfiled,187,189
vanilla,205,pair,147736,130.45259317030698,,found,106,106
vanilla,292,collision,149445,163.82367469192684,19.0,found,174,174
vanilla,328,noisy_channel,149836,130.80857301390589,,found,42,42
vanilla,413,easy,150136,165.0974821534921,,found,53,53
vanilla,134,pair,151336,103.94645517944863,,found,135,135
vanilla,186,pair,151486,112.05887838536862,,not_detected,-1,104
vanilla,270,collision,153268,151.75087300376003,-13.0,found,189,189
vanilla,270,collision,154573,86.5977805282377,17.0,detected_misfiled,176,189
vanilla,440,easy,154786,266.7556061561789,,found,85,85
vanilla,186,pair,155236,124.06585392576554,,found,104,104
vanilla,413,easy,156736,143.21331425223767,,found,53,53
vanilla,328,noisy_channel,160261,150.85199391092465,,detected_misfiled,9,42
vanilla,163,pair,160411,115.08176576702402,,detected_misfiled,6,134
vanilla,413,easy,163711,220.87761800890473,,found,53,53
vanilla,371,noisy_channel,164311,95.23391179017733,,found,118,118
vanilla,328,noisy_channel,166786,97.99652012386741,,found,42,42
vanilla,413,easy,168061,199.74768106382365,,found,53,53
vanilla,413,easy,168211,263.9165512801867,,found,53,53
vanilla,270,collision,170506,103.27939016061482,-6.0,found,189,189
vanilla,292,collision,171018,143.80780325843747,-12.0,found,174,174
vanilla,413,easy,172336,192.9238965689932,,found,53,53
vanilla,244,collision,172654,153.26188734100833,18.0,detected_misfiled,112,75
vanilla,163,pair,173536,107.11890245937738,,detected_misfiled,22,134
vanilla,413,easy,175261,125.21065395984738,,found,53,53
vanilla,413,easy,176461,212.1254988288744,,found,53,53
vanilla,328,noisy_channel,176611,84.760006826992,,detected_misfiled,157,42
vanilla,371,noisy_channel,177736,108.82079400190646,,detected_misfiled,95,118
vanilla,440,easy,178936,227.59537317409325,,found,85,85
vanilla,186,pair,181861,104.5407557895669,,found,104,104
vanilla,292,collision,184341,152.7010521720577,19.0,detected_misfiled,172,174
vanilla,163,pair,184936,163.9685754889435,,detected_misfiled,137,134
vanilla,186,pair,185086,129.40807433322797,,found,104,104
vanilla,270,collision,186306,89.9334870927471,-4.0,found,189,189
vanilla,461,easy,188311,184.18900978732233,,found,94,94
vanilla,163,pair,189886,118.8087172848893,,not_detected,-1,134
vanilla,440,easy,191686,201.08480159041625,,found,85,85
vanilla,163,pair,191836,205.2184381781799,,not_detected,-1,134
vanilla,134,pair,195061,133.07551556442627,,found,135,135
vanilla,390,noisy_channel,195511,235.48102635984577,,found,23,23
vanilla,440,easy,195661,296.75464328892105,,found,85,85
vanilla,270,collision,196427,144.9970418705289,11.0,found,189,189
vanilla,186,pair,197536,94.53413539520157,,detected_misfiled,44,104
vanilla,163,pair,198811,129.57259540550766,,detected_misfiled,70,134
vanilla,440,easy,199036,207.74403670787558,,found,85,85
vanilla,205,pair,199936,157.20800650967632,,found,106,106
vanilla,134,pair,200236,117.27135751714607,,found,135,135
vanilla,413,easy,200761,173.67584526697914,,found,53,53
vanilla,186,pair,201961,102.40171464601015,,found,104,104
vanilla,371,noisy_channel,202411,151.58733883529112,,found,118,118
vanilla,163,pair,202936,132.72052055426477,,not_detected,-1,134
vanilla,292,collision,203558,120.34853486188192,13.0,found,174,174
vanilla,134,pair,203986,119.82079436696688,,found,135,135
vanilla,186,pair,208486,104.77919195691896,,detected_misfiled,105,104
vanilla,205,pair,210136,123.87585467184286,,found,106,106
vanilla,186,pair,210886,166.1917761252484,,detected_misfiled,103,104
vanilla,270,collision,212952,142.94518817775838,-23.0,found,189,189
vanilla,292,collision,214635,118.84866277702454,5.0,found,174,174
vanilla,134,pair,214786,197.17490591372746,,found,135,135
vanilla,371,noisy_channel,215686,178.83698992393687,,found,118,118
vanilla,186,pair,216361,122.70744477121718,,detected_misfiled,183,104
vanilla,205,pair,219736,155.05713451102912,,found,106,106
vanilla,134,pair,220111,125.83316231075005,,found,135,135
vanilla,461,easy,220336,166.5962269643221,,found,94,94
vanilla,461,easy,220486,170.32813761755426,,found,94,94
vanilla,413,easy,221536,219.36161277321628,,found,53,53
vanilla,371,noisy_channel,222886,122.93875838102679,,found,118,118
vanilla,461,easy,223261,185.90674931435018,,found,94,94
vanilla,134,pair,223936,130.16987468262383,,found,135,135
vanilla,328,noisy_channel,225361,106.39230979409987,,found,42,42
vanilla,292,collision,225930,87.9928425116566,-23.0,found,174,174
vanilla,328,noisy_channel,226111,164.4587834571953,,found,42,42
vanilla,390,noisy_channel,227761,199.94989011092594,,found,23,23
vanilla,205,pair,228061,150.171739033885,,found,106,106
vanilla,244,collision,229889,142.28097344211997,4.0,detected_misfiled,72,75
vanilla,440,easy,231811,187.0836569424216,,found,85,85
vanilla,390,noisy_channel,234136,227.82793228445024,,found,23,23
vanilla,292,collision,234333,135.85673860272726,10.0,found,174,174
vanilla,205,pair,235186,157.14082800872364,,found,106,106
vanilla,205,pair,236011,177.84158793583453,,found,106,106
vanilla,328,noisy_channel,237586,144.99822048666852,,found,42,42
vanilla,413,easy,237736,173.87431331929787,,found,53,53
vanilla,390,noisy_channel,238036,274.0170687710176,,found,23,23
vanilla,205,pair,238936,141.93938078750975,,found,106,106
vanilla,440,easy,239686,280.66390148116943,,found,85,85
vanilla,205,pair,240061,168.39201269928532,,detected_misfiled,12,106
vanilla,390,noisy_channel,240436,218.81612325698813,,detected_misfiled,200,23
vanilla,205,pair,240586,134.29322382566724,,found,106,106
vanilla,328,noisy_channel,243661,148.48342684014438,,found,42,42
vanilla,440,easy,244711,255.43929599939335,,found,85,85
vanilla,440,easy,247036,233.1612156620043,,detected_misfiled,201,85
vanilla,371,noisy_channel,248236,118.9594156227133,,found,118,118
vanilla,186,pair,249736,116.17576682247793,,detected_misfiled,4,104
vanilla,163,pair,251161,114.25416250657673,,detected_misfiled,43,134
vanilla,328,noisy_channel,251686,148.47842618213247,,detected_misfiled,111,42
vanilla,413,easy,253411,245.02422766471477,,found,53,53
vanilla,205,pair,254386,160.74346391287884,,found,106,106
vanilla,244,collision,254633,242.06424478260706,-22.0,detected_misfiled,77,75
vanilla,186,pair,254986,101.03582784229596,,detected_misfiled,108,104
vanilla,371,noisy_channel,255136,160.5082950922719,,found,118,118
vanilla,328,noisy_channel,255436,138.24171549431864,,found,42,42
vanilla,413,easy,256186,187.2820943360892,,found,53,53
vanilla,270,collision,257363,107.7968235388661,-4.0,found,189,189
vanilla,270,collision,258215,100.2801887613414,14.0,found,189,189
vanilla,270,collision,259260,128.3060169559748,-24.0,found,189,189
vanilla,244,collision,260205,180.89486812536066,5.0,found,75,75
vanilla,292,collision,260728,127.89179334572022,11.0,found,174,174
vanilla,371,noisy_channel,261211,165.07852553399937,,found,118,118
vanilla,390,noisy_channel,261436,298.18029042516514,,found,23,23
vanilla,328,noisy_channel,261811,187.09395069402694,,found,42,42
vanilla,371,noisy_channel,262036,147.03114482898818,,found,118,118
vanilla,390,noisy_channel,263386,235.67864550932217,,found,23,23
vanilla,413,easy,264061,172.4193811983605,,found,53,53
vanilla,292,collision,264239,120.75145193147108,16.0,found,174,174
vanilla,390,noisy_channel,264436,203.72102675343038,,found,23,23
vanilla,328,noisy_channel,264736,170.3610014956762,,found,42,42
vanilla,461,easy,265111,166.8984698704158,,found,94,94
vanilla,328,noisy_channel,266836,173.80735778253865,,found,42,42
vanilla,371,noisy_channel,267361,105.5428568747827,,found,118,118
vanilla,328,noisy_channel,268561,156.71929610093042,,found,42,42
vanilla,440,easy,269536,269.0045820396316,,detected_misfiled,121,85
vanilla,413,easy,270511,267.05012348702854,,found,53,53
vanilla,205,pair,270961,147.1290745994874,,found,106,106
vanilla,461,easy,271411,150.7479322893854,,detected_misfiled,132,94
vanilla,390,noisy_channel,272461,183.2593617568679,,found,23,23
vanilla,390,noisy_channel,272686,195.0167148259086,,found,23,23
vanilla,413,easy,274186,244.37761588330233,,found,53,53
vanilla,413,easy,276061,202.90692088775467,,found,53,53
vanilla,186,pair,277711,94.90282867874053,,found,104,104
vanilla,270,collision,279633,89.23971348776108,13.0,found,189,189
vanilla,371,noisy_channel,281011,94.0579165794303,,not_detected,-1,118
vanilla,205,pair,282661,138.51750885690572,,found,106,106
vanilla,440,easy,283336,201.8910587023685,,found,85,85
vanilla,440,easy,283711,219.15462322646104,,found,85,85
vanilla,270,collision,285243,129.02231496876013,-15.0,found,189,189
vanilla,186,pair,285661,88.30016367157552,,detected_misfiled,82,104
vanilla,270,collision,286439,97.54151885236166,-24.0,detected_misfiled,134,189
vanilla,292,collision,291211,120.34872758026587,23.0,found,174,174
vanilla,292,collision,293082,138.60004510305936,-23.0,found,174,174
vanilla,244,collision,293335,106.71874507693673,18.0,detected_misfiled,18,75
vanilla,328,noisy_channel,294436,216.23365789308497,,not_detected,-1,42
vanilla,461,easy,294586,144.19827349609113,,detected_misfiled,185,94
vanilla,186,pair,295711,89.65541196480633,,not_detected,-1,104
vanilla,440,easy,296611,266.2802252106266,,found,85,85
vanilla,371,noisy_channel,296761,154.74263457669977,,found,118,118
vanilla,461,easy,297736,160.15830883877632,,detected_misfiled,172,94
vanilla,440,easy,299011,239.74534601158462,,found,85,85
vanilla,328,noisy_channel,300286,138.14962065612218,,found,42,42
vanilla,461,easy,302311,217.39198216495646,,found,94,94
vanilla,292,collision,304221,181.62845555351828,13.0,found,174,174
vanilla,371,noisy_channel,304936,99.78880440039623,,found,118,118
vanilla,186,pair,305761,128.37058005358975,,detected_misfiled,55,104
vanilla,244,collision,306854,127.96783534986233,-6.0,detected_misfiled,62,75
vanilla,134,pair,307036,167.32943387695622,,found,135,135
vanilla,371,noisy_channel,307186,155.38463943759754,,found,118,118
vanilla,440,easy,307336,296.23620918226356,,found,85,85
vanilla,163,pair,307486,123.1187999675825,,not_detected,-1,134
vanilla,328,noisy_channel,308086,104.52092463342757,,detected_misfiled,122,42
vanilla,134,pair,310036,102.6623306011186,,found,135,135
vanilla,413,easy,310486,205.33978123785704,,found,53,53
vanilla,163,pair,310936,125.74004679525947,,detected_misfiled,197,134
vanilla,328,noisy_channel,311386,146.08438274859395,,detected_misfiled,154,42
vanilla,134,pair,311536,104.09116793766046,,found,135,135
vanilla,440,easy,313936,209.4411978422345,,found,85,85
vanilla,205,pair,314311,155.5124257185497,,found,106,106
vanilla,440,easy,315361,211.16006050034176,,found,85,85
vanilla,292,collision,315816,77.72050310904604,19.0,found,174,174
vanilla,328,noisy_channel,316411,175.16094012537866,,found,42,42
vanilla,205,pair,318511,124.09240096917243,,found,106,106
vanilla,205,pair,320161,160.33856668052977,,found,106,106
vanilla,186,pair,320686,134.4420098430501,,detected_misfiled,121,104
vanilla,328,noisy_channel,320836,110.3836265305363,,found,42,42
vanilla,440,easy,322336,184.5878514271712,,detected_misfiled,201,85
vanilla,292,collision,322661,163.07736248152366,-22.0,found,174,174
vanilla,371,noisy_channel,322936,134.90917489765636,,found,118,118
vanilla,163,pair,324511,134.16944624047682,,found,134,134
vanilla,134,pair,325861,121.32226390081969,,found,135,135
vanilla,292,collision,326788,120.22817294932582,-11.0,found,174,174
vanilla,134,pair,328186,106.27270910595749,,found,135,135
vanilla,163,pair,328486,119.87533249290044,,detected_misfiled,30,134
vanilla,413,easy,330361,168.67922009715573,,found,53,53
vanilla,186,pair,330586,111.02150196255795,,detected_misfiled,112,104
vanilla,390,noisy_channel,330886,260.96515956872884,,found,23,23
vanilla,371,noisy_channel,331861,132.1451775471843,,found,118,118
vanilla,461,easy,332086,198.26105003311318,,found,94,94
vanilla,134,pair,333736,159.59636929797244,,found,135,135
vanilla,292,collision,334747,138.94574353999894,-15.0,found,174,174
vanilla,440,easy,337036,237.790534873368,,found,85,85
vanilla,134,pair,339511,155.02437966661898,,found,135,135
vanilla,390,noisy_channel,339736,231.6803820750392,,found,23,23
vanilla,134,pair,340261,148.47465563127872,,detected_misfiled,133,135
vanilla,163,pair,340636,179.6812983837794,,detected_misfiled,83,134
vanilla,413,easy,340861,256.2728986267505,,found,53,53
vanilla,163,pair,342286,134.46790485140994,,not_detected,-1,134
vanilla,440,easy,345211,209.07590489319824,,found,85,85
vanilla,390,noisy_channel,345886,244.3332056670846,,found,23,23
vanilla,205,pair,347611,152.2907191796798,,found,106,106
vanilla,371,noisy_channel,349111,111.45956739286245,,found,118,118
vanilla,244,collision,349336,264.4157645705747,5.0,detected_misfiled,77,75
vanilla,244,collision,349794,151.608297208433,-8.0,not_detected,-1,75
vanilla,205,pair,350386,169.95577561553387,,found,106,106
vanilla,186,pair,351286,111.0811637252367,,detected_misfiled,100,104
vanilla,163,pair,352036,135.91834999612465,,detected_misfiled,116,134
vanilla,440,easy,353236,264.26221686762347,,found,85,85
vanilla,328,noisy_channel,354436,113.23940923847812,,found,42,42
vanilla,186,pair,355861,100.58567787456435,,detected_misfiled,67,104
vanilla,292,collision,359230,101.6393229161983,12.0,found,174,174
vanilla,134,pair,359536,79.3020708619193,,found,135,135
vanilla,440,easy,361036,161.14116139221224,,found,85,85
vanilla,270,collision,361696,157.1059072467408,-19.0,found,189,189
vanilla,163,pair,362536,201.72453016108707,,detected_misfiled,137,134
vanilla,244,collision,363299,201.21733897600419,-20.0,not_detected,-1,75
vanilla,134,pair,365386,114.24413619055386,,detected_misfiled,171,135
vanilla,186,pair,365686,76.72787960550829,,detected_misfiled,76,104
vanilla,413,easy,366736,263.9697710334205,,found,53,53
vanilla,371,noisy_channel,368011,184.6369229442675,,found,118,118
vanilla,205,pair,368236,135.29860811353797,,found,106,106
vanilla,244,collision,368519,258.8689424536561,8.0,detected_misfiled,3,75
vanilla,244,collision,369083,174.02182072444623,4.0,detected_misfiled,104,75
vanilla,328,noisy_channel,370936,146.01418602928769,,found,42,42
vanilla,186,pair,371386,82.34371717889337,,not_detected,-1,104
vanilla,186,pair,371986,118.03368288355378,,detected_misfiled,48,104
vanilla,292,collision,372582,143.27855863060017,10.0,found,174,174
vanilla,270,collision,374291,142.9791736250407,19.0,found,189,189
vanilla,292,collision,376241,143.20741319139142,6.0,found,174,174
vanilla,205,pair,377911,204.68693776276078,,found,106,106
vanilla,371,noisy_channel,379936,155.52751355132574,,found,118,118
vanilla,186,pair,381886,155.24476976288545,,detected_misfiled,200,104
vanilla,186,pair,382636,113.01650931696848,,detected_misfiled,105,104
vanilla,461,easy,382936,125.86256813652062,,detected_misfiled,168,94
vanilla,328,noisy_channel,384361,117.36297172131367,,detected_misfiled,43,42
vanilla,461,easy,386761,251.8917017049683,,found,94,94
vanilla,371,noisy_channel,388111,89.61819748714407,,detected_misfiled,18,118
vanilla,328,noisy_channel,389161,126.41266151441405,,found,42,42
vanilla,371,noisy_channel,390136,103.89060756425121,,detected_misfiled,176,118
vanilla,292,collision,390721,129.57105379829582,-9.0,found,174,174
vanilla,413,easy,390961,225.5854825723178,,found,53,53
vanilla,270,collision,391162,103.98918315759627,10.0,found,189,189
vanilla,205,pair,392386,154.14663568942393,,found,106,106
vanilla,205,pair,393961,135.64518023352917,,found,106,106
vanilla,244,collision,395298,179.65199946724465,-11.0,detected_misfiled,40,75
vanilla,244,collision,396912,203.86100275610147,-11.0,detected_misfiled,87,75
vanilla,134,pair,397636,143.20366272009326,,found,135,135
vanilla,292,collision,397960,104.94190775263837,-20.0,found,174,174
vanilla,134,pair,398161,112.31725468999564,,found,135,135
vanilla,244,collision,398490,148.68557850788042,16.0,detected_misfiled,77,75
vanilla,244,collision,401421,191.62555316922771,-24.0,detected_misfiled,65,75
vanilla,390,noisy_channel,401761,209.0827208593619,,found,23,23
vanilla,328,noisy_channel,401911,113.58063689189768,,found,42,42
vanilla,461,easy,403036,131.62317619620785,,detected_misfiled,101,94
vanilla,292,collision,403390,143.75448289335228,17.0,found,174,174
vanilla,205,pair,404461,156.2077993764073,,found,106,106
vanilla,328,noisy_channel,404761,130.73010247241564,,detected_misfiled,129,42
vanilla,270,collision,406486,151.31376701950438,-8.0,found,189,189
vanilla,390,noisy_channel,406861,263.39741694117413,,found,23,23
vanilla,134,pair,407236,125.7730805426624,,found,135,135
vanilla,134,pair,407761,129.04330283876737,,found,135,135
vanilla,186,pair,408661,86.34310075412981,,detected_misfiled,36,104
vanilla,186,pair,409786,128.35422935626536,,detected_misfiled,123,104
vanilla,440,easy,410986,201.0114812983465,,detected_misfiled,113,85
vanilla,134,pair,411211,154.8198588928006,,found,135,135
vanilla,163,pair,412636,120.4213237399035,,not_detected,-1,134
vanilla,440,easy,413986,225.74804400012405,,found,85,85
vanilla,186,pair,415936,84.54384004472368,,not_detected,-1,104
vanilla,461,easy,418411,172.3802413105493,,found,94,94
vanilla,390,noisy_channel,419311,230.2562378563248,,found,23,23
vanilla,163,pair,420886,128.1090614580187,,detected_misfiled,159,134
vanilla,292,collision,423648,110.30556076836496,18.0,found,174,174
vanilla,186,pair,426661,112.91324790768485,,found,104,104
vanilla,134,pair,426961,107.6337083192835,,found,135,135
vanilla,134,pair,428236,143.42338993278273,,found,135,135
vanilla,244,collision,428684,180.08769513036657,20.0,found,75,75
vanilla,163,pair,429361,131.42052310840114,,detected_misfiled,128,134
vanilla,186,pair,429661,117.23781411677466,,found,104,104
vanilla,440,easy,430036,247.73762986116594,,found,85,85
vanilla,205,pair,430936,140.0001536773352,,detected_misfiled,37,106
vanilla,440,easy,431236,187.6152184465787,,found,85,85
vanilla,134,pair,431986,109.66582371604804,,found,135,135
vanilla,461,easy,434236,124.02129636127201,,found,94,94
vanilla,163,pair,434836,165.5141012341852,,found,134,134
vanilla,461,easy,435286,159.83350872963422,,found,94,94
vanilla,371,noisy_channel,436411,151.86647772279315,,detected_misfiled,81,118
vanilla,205,pair,437011,141.26562041488825,,detected_misfiled,107,106
vanilla,205,pair,439786,119.27926322184209,,found,106,106
vanilla,292,collision,441659,148.80072236928402,21.0,found,174,174
vanilla,390,noisy_channel,442861,254.65632671887056,,found,23,23
vanilla,292,collision,445847,105.89349643141674,15.0,found,174,174
vanilla,205,pair,446086,149.35767140889618,,found,106,106
vanilla,134,pair,446611,98.70565082578983,,found,135,135
vanilla,186,pair,447136,107.93073801852697,,detected_misfiled,22,104
vanilla,440,easy,447811,237.34078794113066,,found,85,85
vanilla,440,easy,448186,248.28733700447003,,found,85,85
vanilla,461,easy,448336,135.59610873262568,,detected_misfiled,22,94
vanilla,440,easy,449836,286.3330348515858,,found,85,85
vanilla,163,pair,450511,143.75161732645705,,detected_misfiled,64,134
vanilla,371,noisy_channel,450811,186.26162230139713,,detected_misfiled,65,118
vanilla,328,noisy_channel,451261,152.69303235499956,,found,42,42
vanilla,461,easy,451411,235.8294115670532,,detected_misfiled,95,94
vanilla,205,pair,452161,157.02893610824128,,found,106,106
vanilla,292,collision,454183,112.76075125853454,11.0,found,174,174
vanilla,413,easy,454936,289.5089970282497,,found,53,53
vanilla,163,pair,455161,176.75065981358858,,detected_misfiled,175,134
vanilla,461,easy,456136,181.93569699119678,,found,94,94
vanilla,328,noisy_channel,456886,112.1686032525902,,found,42,42
vanilla,371,noisy_channel,458536,122.15100617255617,,found,118,118
vanilla,461,easy,458761,176.96942928416394,,found,94,94
vanilla,461,easy,459211,207.059549286025,,found,94,94
vanilla,390,noisy_channel,459661,190.2723855351615,,found,23,23
vanilla,134,pair,460336,105.64265544959432,,found,135,135
vanilla,134,pair,463336,110.48283441686453,,found,135,135
vanilla,205,pair,464236,152.88998669574636,,found,106,106
vanilla,244,collision,467058,148.97166225268705,15.0,found,75,75
vanilla,440,easy,468961,252.47700759175126,,found,85,85
vanilla,205,pair,469486,162.69049717457926,,detected_misfiled,39,106
vanilla,328,noisy_channel,475261,163.34241826349808,,detected_misfiled,175,42
vanilla,205,pair,478486,173.15405208084087,,found,106,106
vanilla,186,pair,479011,78.60728528902497,,detected_misfiled,107,104
vanilla,328,noisy_channel,479911,145.66512570774918,,found,42,42
vanilla,134,pair,480436,161.62556487158793,,found,135,135
vanilla,163,pair,482686,160.51447308400725,,detected_misfiled,39,134
vanilla,440,easy,483211,205.1048449969712,,detected_misfiled,46,85
vanilla,461,easy,483511,268.94990837757894,,found,94,94
vanilla,163,pair,484036,129.93573753979447,,not_detected,-1,134
vanilla,292,collision,484515,135.85855465636203,13.0,found,174,174
vanilla,163,pair,486736,131.7299061141855,,not_detected,-1,134
vanilla,163,pair,487261,123.49019941008063,,not_detected,-1,134
vanilla,292,collision,488237,98.71557675573419,8.0,found,174,174
vanilla,292,collision,489749,99.42947109522137,7.0,found,174,174
vanilla,270,collision,489905,126.15744023302892,-12.0,found,189,189
vanilla,371,noisy_channel,490261,135.15587400997572,,not_detected,-1,118
vanilla,163,pair,490786,143.46384799532703,,found,134,134
vanilla,292,collision,492112,101.62263903832437,23.0,found,174,174
vanilla,328,noisy_channel,493336,144.52720450484685,,detected_misfiled,40,42
vanilla,371,noisy_channel,494386,159.44292760395228,,found,118,118
vanilla,413,easy,494536,205.0340954727433,,found,53,53
vanilla,292,collision,494914,145.47834987799152,4.0,found,174,174
vanilla,413,easy,495736,154.6443619184925,,found,53,53
vanilla,205,pair,496486,131.43130468717476,,found,106,106
vanilla,163,pair,496636,110.48074043303464,,detected_misfiled,180,134
vanilla,205,pair,497611,164.81597959069657,,found,106,106
vanilla,371,noisy_channel,498436,114.97463181996235,,found,118,118
vanilla,371,noisy_channel,498736,107.71463791031766,,found,118,118
vanilla,205,pair,500986,151.45279643507718,,found,106,106
vanilla,328,noisy_channel,501511,152.82044574747272,,found,42,42
vanilla,390,noisy_channel,501961,249.4509088011925,,found,23,23
vanilla,328,noisy_channel,503911,191.38370383932792,,found,42,42
vanilla,413,easy,504586,231.2929989590597,,found,53,53
vanilla,163,pair,505186,114.71520310237399,,detected_misfiled,31,134
vanilla,461,easy,508411,150.79529595080652,,found,94,94
vanilla,186,pair,509461,121.74937660834627,,detected_misfiled,122,104
vanilla,371,noisy_channel,510061,140.25444733215102,,found,118,118
vanilla,328,noisy_channel,510961,111.85541156634291,,detected_misfiled,124,42
vanilla,390,noisy_channel,511186,220.94081324624122,,found,23,23
vanilla,163,pair,514561,99.70715024213715,,found,134,134
vanilla,390,noisy_channel,514936,243.71739232233426,,found,23,23
vanilla,390,noisy_channel,515086,233.90140325721703,,found,23,23
vanilla,390,noisy_channel,515911,182.04686306265228,,found,23,23
vanilla,205,pair,516286,156.12280653485593,,found,106,106
vanilla,371,noisy_channel,516736,76.70022174736934,,detected_misfiled,90,118
vanilla,270,collision,517753,163.57073269278845,5.0,found,189,189
vanilla,328,noisy_channel,519736,129.73778858312667,,not_detected,-1,42
vanilla,186,pair,523486,91.41591467920844,,detected_misfiled,31,104
vanilla,163,pair,526036,139.53161681688047,,not_detected,-1,134
vanilla,413,easy,526711,249.6370269659634,,found,53,53
vanilla,371,noisy_channel,527086,132.97153571904158,,found,118,118
vanilla,163,pair,528886,83.71164572886218,,detected_misfiled,176,134
vanilla,270,collision,529504,151.86309391469172,-17.0,found,189,189
vanilla,163,pair,530086,145.02845266859086,,not_detected,-1,134
vanilla,461,easy,531811,234.31217774862026,,found,94,94
vanilla,390,noisy_channel,532636,210.94565774736222,,found,23,23
vanilla,461,easy,534361,189.40128144335182,,found,94,94
vanilla,371,noisy_channel,534586,282.8785204163338,,found,118,118
vanilla,440,easy,536386,202.15596772923226,,found,85,85
vanilla,292,collision,537197,136.8493752223194,-6.0,found,174,174
vanilla,461,easy,537436,201.94358796144223,,found,94,94
vanilla,292,collision,538337,105.23483648988488,18.0,detected_misfiled,198,174
vanilla,205,pair,538636,180.17729015024253,,found,106,106
vanilla,440,easy,541261,168.40784053882678,,found,85,85
vanilla,270,collision,542395,114.15634066652865,-4.0,found,189,189
vanilla,461,easy,543061,156.28659849493252,,found,94,94
vanilla,390,noisy_channel,543586,260.7591238265998,,found,23,23
vanilla,413,easy,544861,216.92475698170745,,found,53,53
vanilla,186,pair,546736,102.92102898209373,,detected_misfiled,15,104
vanilla,186,pair,549061,99.82764856841689,,not_detected,-1,104
vanilla,186,pair,549661,135.1597512928117,,found,104,104
vanilla,292,collision,550573,155.3575806940787,-17.0,found,174,174
vanilla,371,noisy_channel,552811,273.8717962108836,,found,118,118
vanilla,413,easy,552961,177.13151382158998,,found,53,53
vanilla,413,easy,553261,167.70496026014152,,found,53,53
vanilla,371,noisy_channel,553786,127.71044738798105,,not_detected,-1,118
vanilla,390,noisy_channel,554461,270.26844171900257,,found,23,23
vanilla,292,collision,555744,130.23864238382725,-24.0,found,174,174
vanilla,390,noisy_channel,556261,224.1576126060228,,found,23,23
vanilla,134,pair,556561,154.94801216464634,,found,135,135
vanilla,371,noisy_channel,556711,179.7833147738741,,found,118,118
vanilla,371,noisy_channel,557011,106.76849460360614,,detected_misfiled,6,118
vanilla,413,easy,557161,200.61739180409518,,found,53,53
vanilla,328,noisy_channel,557461,175.13322645090835,,found,42,42
vanilla,461,easy,557986,144.3062370560433,,found,94,94
vanilla,205,pair,559186,134.25339753929657,,found,106,106
vanilla,413,easy,559861,140.96531636366583,,found,53,53
vanilla,328,noisy_channel,561361,114.72041293649309,,found,42,42
vanilla,461,easy,561511,142.43648274727832,,found,94,94
vanilla,186,pair,562261,147.2077077104071,,found,104,104
vanilla,292,collision,562925,86.25937142034202,19.0,found,174,174
vanilla,205,pair,566311,238.93936710183158,,found,106,106
vanilla,186,pair,567361,116.34857236903565,,found,104,104
vanilla,413,easy,567811,176.64296879496726,,found,53,53
vanilla,292,collision,571178,159.25786933208911,-7.0,found,174,174
vanilla,371,noisy_channel,572011,204.37348842418342,,found,118,118
vanilla,292,collision,573370,185.8458870507689,15.0,found,174,174
vanilla,371,noisy_channel,573586,112.66554784235906,,found,118,118
vanilla,186,pair,573736,117.63947621173673,,not_detected,-1,104
vanilla,390,noisy_channel,574111,241.61983082391254,,found,23,23
vanilla,371,noisy_channel,574636,141.26833535053657,,found,118,118
vanilla,390,noisy_channel,574861,278.0104823627243,,found,23,23
vanilla,328,noisy_channel,575611,110.00630329902043,,found,42,42
vanilla,328,noisy_channel,575911,184.00151640864232,,found,42,42
vanilla,390,noisy_channel,576061,234.35076524867844,,found,23,23
vanilla,186,pair,577036,136.21897799227395,,detected_misfiled,199,104
vanilla,205,pair,578011,126.49289029356964,,found,106,106
vanilla,186,pair,578911,110.18264272799124,,detected_misfiled,197,104
vanilla,292,collision,579172,162.31728416714245,24.0,found,174,174
vanilla,413,easy,581161,192.56040446134904,,found,53,53
vanilla,413,easy,582136,264.03794810670706,,found,53,53
vanilla,205,pair,583711,171.16984132599868,,found,106,106
vanilla,163,pair,584311,131.30046659382882,,detected_misfiled,60,134
vanilla,270,collision,584527,89.53138931128551,5.0,found,189,189
vanilla,205,pair,585736,184.37910432338404,,found,106,106
vanilla,163,pair,589336,99.3119935775351,,detected_misfiled,47,134
vanilla,270,collision,589897,110.98687358587883,-17.0,found,189,189
vanilla,270,collision,590521,106.07027919391314,20.0,found,189,189
vanilla,292,collision,591879,108.8457707736649,-14.0,found,174,174
vanilla,413,easy,592036,169.19737270031393,,found,53,53
vanilla,440,easy,592561,225.69796014330657,,found,85,85
vanilla,461,easy,592786,145.22984516053563,,detected_misfiled,28,94
vanilla,163,pair,593761,119.14029116149138,,detected_misfiled,183,134
vanilla,328,noisy_channel,594061,147.99593428848408,,detected_misfiled,147,42
vanilla,205,pair,595336,153.10020273549875,,found,106,106
vanilla,270,collision,596433,141.16514095260317,18.0,found,189,189
vanilla,328,noisy_channel,597511,122.23261007115678,,not_detected,-1,42
vanilla,205,pair,599236,154.14731713687695,,found,106,106
vanilla,328,noisy_channel,599611,133.4139732961047,,found,42,42
vanilla,371,noisy_channel,601111,142.56446057313508,,found,118,118
vanilla,328,noisy_channel,601786,108.77345061377807,,found,42,42
vanilla,440,easy,602236,205.72159821659955,,found,85,85
vanilla,461,easy,602611,163.54435432493935,,found,94,94
vanilla,205,pair,602761,116.82326229931121,,not_detected,-1,106
vanilla,461,easy,602911,210.53910853911157,,found,94,94
vanilla,205,pair,603436,166.07239486067238,,found,106,106
vanilla,292,collision,603882,115.49992507880071,9.0,found,174,174
vanilla,270,collision,604670,110.01002777435079,6.0,found,189,189
vanilla,461,easy,605236,185.1365563767093,,detected_misfiled,85,94
vanilla,461,easy,606061,157.87643072441023,,found,94,94
vanilla,328,noisy_channel,607336,137.09648753007735,,detected_misfiled,29,42
vanilla,390,noisy_channel,608461,292.890666259755,,found,23,23
vanilla,292,collision,608905,158.91211727217245,21.0,found,174,174
vanilla,292,collision,609340,85.90274617421959,-7.0,found,174,174
vanilla,134,pair,610261,142.36641385485632,,found,135,135
vanilla,328,noisy_channel,610936,158.78828815575406,,found,42,42
vanilla,413,easy,611761,438.72537707284164,,found,53,53
vanilla,186,pair,614836,115.26442878630537,,detected_misfiled,134,104
vanilla,205,pair,615661,173.2340194623173,,found,106,106
vanilla,461,easy,618736,127.81551771525221,,detected_misfiled,66,94
vanilla,440,easy,619936,256.781325908922,,found,85,85
vanilla,371,noisy_channel,620611,84.90498254645698,,found,118,118
vanilla,461,easy,621136,118.61845249353163,,not_detected,-1,94
vanilla,328,noisy_channel,621436,142.69651086748252,,detected_misfiled,198,42
vanilla,461,easy,622861,186.31102071228204,,found,94,94
vanilla,292,collision,623249,120.34139093033298,-15.0,found,174,174
vanilla,461,easy,624661,221.2104971913809,,not_detected,-1,94
vanilla,270,collision,624974,99.39037823790272,22.0,found,189,189
vanilla,205,pair,627361,167.90955326724404,,found,106,106
vanilla,461,easy,627586,200.3263067235642,,found,94,94
vanilla,163,pair,627811,90.89254616956535,,detected_misfiled,161,134
vanilla,440,easy,628861,220.5986828074282,,found,85,85
vanilla,390,noisy_channel,629236,269.89908902893546,,found,23,23
vanilla,413,easy,630061,185.4125490621996,,found,53,53
vanilla,461,easy,630211,149.35402465726688,,detected_misfiled,180,94
vanilla,413,easy,630511,194.30684823746327,,found,53,53
vanilla,244,collision,631384,147.67087289116532,-17.0,detected_misfiled,156,75
vanilla,270,collision,634534,84.43089384796248,13.0,found,189,189
vanilla,413,easy,635161,232.6507550252317,,found,53,53
vanilla,292,collision,635763,174.90856218263752,12.0,detected_misfiled,152,174
vanilla,134,pair,637411,146.54495290797198,,found,135,135
vanilla,461,easy,639511,161.36978127877373,,found,94,94
vanilla,371,noisy_channel,639961,116.3618087926088,,not_detected,-1,118
vanilla,205,pair,640336,142.94553988277187,,found,106,106
vanilla,328,noisy_channel,641911,155.1060288866683,,found,42,42
vanilla,413,easy,642211,182.5968485945846,,found,53,53
vanilla,244,collision,643156,158.14512011673344,18.0,found,75,75
vanilla,292,collision,643488,152.08934442210563,19.0,found,174,174
vanilla,440,easy,644461,311.31312133594656,,found,85,85
vanilla,292,collision,644704,171.04233419765697,4.0,detected_misfiled,104,174
vanilla,186,pair,645361,103.86941699350004,,detected_misfiled,193,104
vanilla,371,noisy_channel,645811,118.72161004820077,,detected_misfiled,147,118
vanilla,163,pair,646786,138.11725028308993,,detected_misfiled,36,134
vanilla,270,collision,648545,197.38434678975722,-21.0,found,189,189
vanilla,440,easy,648811,196.27163426735973,,found,85,85
vanilla,328,noisy_channel,650761,129.96337232463546,,found,42,42
vanilla,270,collision,651022,175.9624807028074,8.0,found,189,189
vanilla,413,easy,651361,198.59948181314692,,found,53,53
vanilla,292,collision,651744,119.98523432196967,-24.0,found,174,174
vanilla,390,noisy_channel,652336,186.82711172572508,,found,23,23
vanilla,390,noisy_channel,653611,220.1311061099576,,found,23,23
vanilla,440,easy,653911,276.2227748952739,,detected_misfiled,130,85
vanilla,413,easy,654286,221.71398009396358,,found,53,53
vanilla,163,pair,655486,137.1420777359751,,detected_misfiled,30,134
vanilla,328,noisy_channel,655711,108.4710238368747,,detected_misfiled,41,42
vanilla,270,collision,656585,163.09391725288546,-14.0,found,189,189
vanilla,292,collision,659444,96.1386671825616,21.0,found,174,174
vanilla,440,easy,660061,254.10866630878803,,found,85,85
vanilla,440,easy,661261,240.87304088302272,,detected_misfiled,190,85
vanilla,390,noisy_channel,661411,193.80664972856658,,detected_misfiled,24,23
vanilla,371,noisy_channel,662011,102.42636888271932,,detected_misfiled,35,118
vanilla,390,noisy_channel,662236,335.06625719020076,,found,23,23
vanilla,270,collision,665339,133.24387143597824,14.0,found,189,189
vanilla,270,collision,666731,90.03701298846158,10.0,found,189,189
vanilla,270,collision,666978,148.331058127789,-21.0,found,189,189
vanilla,390,noisy_channel,667186,246.95627051990806,,found,23,23
vanilla,270,collision,668330,185.36667795638388,-10.0,found,189,189
vanilla,205,pair,668986,130.7727341235455,,found,106,106
vanilla,205,pair,670036,174.65631461125884,,detected_misfiled,147,106
vanilla,371,noisy_channel,670336,137.98134660094064,,found,118,118
vanilla,328,noisy_channel,671536,143.04152257290318,,found,42,42
vanilla,292,collision,672494,105.96121246451791,-21.0,found,174,174
vanilla,371,noisy_channel,673786,154.48120912233946,,detected_misfiled,130,118
vanilla,163,pair,677236,95.09064633873032,,detected_misfiled,22,134
vanilla,270,collision,679869,134.5041228077643,-22.0,found,189,189
vanilla,292,collision,681534,170.04640072931997,4.0,detected_misfiled,114,174
vanilla,328,noisy_channel,681736,137.13160727326255,,found,42,42
vanilla,413,easy,682411,139.4132424128248,,found,53,53
vanilla,186,pair,683611,132.5133379851589,,detected_misfiled,105,104
vanilla,244,collision,683844,115.6139772282321,-8.0,detected_misfiled,116,75
vanilla,413,easy,684961,235.01183576860095,,found,53,53
vanilla,163,pair,685636,159.87840397487955,,detected_misfiled,193,134
vanilla,440,easy,687436,226.11287459928442,,found,85,85
vanilla,328,noisy_channel,687961,135.6327900469625,,found,42,42
vanilla,134,pair,690736,104.67028973968459,,found,135,135
vanilla,413,easy,691111,184.09438060592242,,detected_misfiled,60,53
vanilla,292,collision,692308,122.41046563224474,11.0,found,174,174
vanilla,292,collision,692527,146.47440699263558,9.0,found,174,174
vanilla,186,pair,693736,99.73416552124289,,detected_misfiled,105,104
vanilla,186,pair,693961,140.7896584496047,,not_detected,-1,104
vanilla,134,pair,695611,99.38242950452731,,found,135,135
vanilla,205,pair,696211,139.59437221728192,,found,106,106
vanilla,328,noisy_channel,696811,114.33933346124778,,found,42,42
vanilla,328,noisy_channel,696961,189.38880988407686,,detected_misfiled,198,42
vanilla,186,pair,697561,142.56603526279244,,detected_misfiled,201,104
vanilla,244,collision,698479,169.51120149329967,-13.0,detected_misfiled,77,75
vanilla,371,noisy_channel,698686,161.41240180659094,,found,118,118
vanilla,244,collision,699209,140.29410218551746,17.0,detected_misfiled,52,75
vanilla,134,pair,701311,152.73923025857175,,found,135,135
vanilla,371,noisy_channel,701911,130.9402731602844,,found,118,118
vanilla,440,easy,702436,244.07974645402402,,found,85,85
vanilla,371,noisy_channel,702736,124.75446798556074,,found,118,118
vanilla,328,noisy_channel,703336,138.77147852891153,,detected_misfiled,25,42
vanilla,134,pair,704161,109.0939388335992,,found,135,135
vanilla,413,easy,704386,222.4804770286833,,found,53,53
vanilla,328,noisy_channel,706486,111.65096700949748,,detected_misfiled,118,42
vanilla,390,noisy_channel,707461,245.9602410759075,,found,23,23
vanilla,205,pair,708136,146.96614134285807,,found,106,106
vanilla,186,pair,712261,146.98555063024529,,detected_misfiled,192,104
vanilla,461,easy,713536,196.17657105600625,,found,94,94
vanilla,328,noisy_channel,714061,140.576350305554,,detected_misfiled,136,42
vanilla,163,pair,717061,88.64627875906353,,detected_misfiled,171,134
vanilla,328,noisy_channel,717211,139.9219049299781,,detected_misfiled,40,42
vanilla,186,pair,718636,149.77059954276717,,detected_misfiled,28,104
vanilla,244,collision,718940,199.3048956754015,7.0,detected_misfiled,126,75
vanilla,163,pair,720061,146.3747056890797,,detected_misfiled,34,134
vanilla,186,pair,720361,86.96236962421398,,detected_misfiled,197,104
vanilla,186,pair,720661,85.26489311405417,,detected_misfiled,102,104
vanilla,461,easy,723511,210.18622581300843,,found,94,94
vanilla,461,easy,724786,148.26016631010322,,found,94,94
vanilla,134,pair,725686,190.84504780311659,,found,135,135
vanilla,328,noisy_channel,728761,131.2842045890384,,detected_misfiled,28,42
vanilla,244,collision,729672,149.14788532768944,-5.0,found,75,75
vanilla,134,pair,730786,100.80584866244416,,found,135,135
vanilla,413,easy,732661,194.72387945144294,,found,53,53
vanilla,371,noisy_channel,733936,113.03636659430117,,found,118,118
vanilla,390,noisy_channel,735211,275.09384393256767,,found,23,23
vanilla,328,noisy_channel,735436,153.9106592796375,,detected_misfiled,168,42
vanilla,328,noisy_channel,736561,120.53854222687524,,detected_misfiled,45,42
vanilla,205,pair,737461,187.0451445487507,,found,106,106
vanilla,244,collision,738073,165.38458493428686,-23.0,found,75,75
vanilla,186,pair,739411,97.53771414728604,,detected_misfiled,50,104
vanilla,244,collision,740720,191.92211354276265,-7.0,detected_misfiled,78,75
vanilla,440,easy,741061,286.0973713188366,,found,85,85
vanilla,244,collision,741613,200.87347596924792,-15.0,found,75,75
vanilla,461,easy,743986,209.8986780137329,,found,94,94
vanilla,134,pair,744361,168.86183740190378,,found,135,135
vanilla,186,pair,746086,93.55004298792052,,detected_misfiled,2,104
vanilla,440,easy,747286,234.94734496464713,,found,85,85
vanilla,134,pair,748786,131.283645554018,,found,135,135
vanilla,440,easy,749611,219.06646102358457,,found,85,85
vanilla,328,noisy_channel,749986,132.2118878234069,,found,42,42
vanilla,328,noisy_channel,750286,148.58509348970512,,found,42,42
vanilla,205,pair,752761,162.76591588664613,,found,106,106
vanilla,413,easy,753811,207.93175481320642,,found,53,53
vanilla,186,pair,755761,112.31647466792816,,detected_misfiled,41,104
vanilla,390,noisy_channel,756961,218.10116354538292,,detected_misfiled,24,23
vanilla,292,collision,759001,123.60000237044954,-10.0,found,174,174
vanilla,186,pair,759511,119.25484927537148,,detected_misfiled,106,104
vanilla,244,collision,763079,137.49854977255643,-15.0,detected_misfiled,119,75
vanilla,134,pair,766261,140.47863432655308,,detected_misfiled,43,135
vanilla,292,collision,766760,155.79509253828547,-11.0,found,174,174
vanilla,244,collision,768818,213.61439584341196,-19.0,detected_misfiled,78,75
vanilla,328,noisy_channel,769561,98.44129443480205,,found,42,42
vanilla,163,pair,769861,146.13071942259688,,detected_misfiled,43,134
vanilla,186,pair,771361,137.47372100086864,,detected_misfiled,100,104
vanilla,440,easy,772111,226.78023801568364,,found,85,85
vanilla,461,easy,772561,141.7433568959496,,found,94,94
vanilla,328,noisy_channel,775786,131.89263105517,,detected_misfiled,45,42
vanilla,413,easy,777736,219.94526705019834,,found,53,53
vanilla,205,pair,778336,146.12342726865498,,found,106,106
vanilla,244,collision,780465,251.70473005930626,-9.0,found,75,75
vanilla,328,noisy_channel,782161,133.2492599257244,,found,42,42
vanilla,371,noisy_channel,782461,132.64939231181518,,found,118,118
vanilla,328,noisy_channel,784711,103.3887453707959,,detected_misfiled,92,42
vanilla,440,easy,786361,248.33134394606927,,found,85,85
vanilla,205,pair,786736,151.38232759779083,,found,106,106
vanilla,244,collision,789040,149.1925345607564,6.0,detected_misfiled,147,75
vanilla,244,collision,793148,171.3338415054327,-12.0,detected_misfiled,115,75
vanilla,413,easy,794311,217.81258837349037,,found,53,53
vanilla,371,noisy_channel,796111,133.09771538595106,,found,118,118
vanilla,163,pair,797311,140.33002353305065,,not_detected,-1,134
vanilla,244,collision,797779,161.40451142998148,23.0,found,75,75
vanilla,413,easy,799936,240.78664117076724,,found,53,53
vanilla,371,noisy_channel,801061,154.36917118480213,,found,118,118
vanilla,413,easy,801811,141.9857989229149,,found,53,53
vanilla,186,pair,806086,105.03208202221818,,detected_misfiled,28,104
vanilla,371,noisy_channel,806686,126.08555623615953,,detected_misfiled,107,118
vanilla,390,noisy_channel,807136,305.7560092526203,,found,23,23
vanilla,134,pair,811111,175.85434764608317,,found,135,135
vanilla,440,easy,811861,280.6017547864151,,found,85,85
vanilla,134,pair,812011,108.53872983566049,,found,135,135
vanilla,371,noisy_channel,812911,144.13595841215573,,not_detected,-1,118
vanilla,244,collision,813496,196.7262467798276,17.0,detected_misfiled,159,75
vanilla,186,pair,813886,124.78776770662282,,found,104,104
vanilla,186,pair,814111,76.33515128098114,,not_detected,-1,104
vanilla,134,pair,815536,92.78284780419993,,found,135,135
vanilla,440,easy,817261,289.3756507757826,,found,85,85
vanilla,328,noisy_channel,818761,108.86869296418445,,found,42,42
vanilla,440,easy,819286,308.0827409809769,,found,85,85
vanilla,292,collision,819642,112.94235066778154,5.0,detected_misfiled,48,174
vanilla,440,easy,819886,207.7358830302046,,found,85,85
vanilla,163,pair,821236,111.57090967366283,,detected_misfiled,138,134
vanilla,328,noisy_channel,822586,146.789198669296,,detected_misfiled,16,42
vanilla,390,noisy_channel,822811,178.21810507825722,,found,23,23
vanilla,205,pair,823111,155.4515930937195,,found,106,106
vanilla,461,easy,824386,170.69443253094417,,detected_misfiled,18,94
vanilla,205,pair,828511,121.44012597184444,,found,106,106
vanilla,328,noisy_channel,829936,127.66035150439089,,found,42,42
vanilla,440,easy,830536,232.82659558438374,,found,85,85
vanilla,205,pair,830761,143.03009821636806,,found,106,106
vanilla,440,easy,833986,211.41838602330813,,found,85,85
vanilla,328,noisy_channel,834511,154.50758647742583,,detected_misfiled,142,42
vanilla,163,pair,834661,108.49889895621277,,not_detected,-1,134
vanilla,328,noisy_channel,834886,130.79859849436937,,found,42,42
vanilla,244,collision,837439,136.5452312116918,22.0,not_detected,-1,75
vanilla,371,noisy_channel,839236,183.23509217282069,,not_detected,-1,118
vanilla,440,easy,839911,232.69029763794947,,found,85,85
vanilla,270,collision,840132,174.8055126297594,-14.0,found,189,189
vanilla,186,pair,842386,105.3828404671094,,detected_misfiled,48,104
vanilla,186,pair,843361,98.73717713478669,,detected_misfiled,18,104
vanilla,163,pair,843886,104.73167557345492,,detected_misfiled,139,134
vanilla,186,pair,845386,109.95812438761214,,found,104,104
vanilla,244,collision,848369,189.34194577612809,8.0,detected_misfiled,168,75
vanilla,461,easy,848986,238.31771426690722,,detected_misfiled,95,94
vanilla,371,noisy_channel,850186,159.75526454819453,,found,118,118
vanilla,461,easy,850936,149.1512758665815,,found,94,94
vanilla,163,pair,855061,112.16277647347343,,detected_misfiled,44,134
vanilla,134,pair,855886,140.06960489580877,,found,135,135
vanilla,461,easy,856486,167.4952451143387,,found,94,94
vanilla,134,pair,856636,81.53682208197432,,found,135,135
vanilla,244,collision,857579,183.8157444512057,-16.0,found,75,75
vanilla,134,pair,858511,118.56622059371877,,found,135,135
vanilla,371,noisy_channel,860836,159.3249692118341,,found,118,118
vanilla,244,collision,861400,165.32296203577636,-17.0,found,75,75
vanilla,163,pair,863461,115.34319165845253,,not_detected,-1,134
vanilla,461,easy,863761,148.8548907124306,,found,94,94
vanilla,244,collision,864886,166.2779518678173,23.0,detected_misfiled,78,75
vanilla,163,pair,866086,149.1323313067822,,detected_misfiled,137,134
vanilla,461,easy,866311,195.52247438663954,,found,94,94
vanilla,413,easy,867286,170.8992033820805,,found,53,53
vanilla,163,pair,869011,99.98796443177574,,detected_misfiled,13,134
vanilla,440,easy,871711,280.0301091108004,,found,85,85
vanilla,461,easy,872461,279.9994072530766,,found,94,94
vanilla,163,pair,872611,105.76537645567191,,detected_misfiled,200,134
vanilla,440,easy,873961,200.21684863712267,,found,85,85
vanilla,292,collision,876758,115.16917110651531,-9.0,found,174,174
vanilla,205,pair,878386,149.49135994020054,,found,106,106
vanilla,244,collision,879735,206.70728682291582,5.0,found,75,75
vanilla,186,pair,881761,128.9549017329705,,detected_misfiled,197,104
vanilla,440,easy,882661,207.12062305652518,,found,85,85
vanilla,186,pair,883036,112.30581542938678,,detected_misfiled,121,104
vanilla,390,noisy_channel,885361,191.48007392553973,,found,23,23
vanilla,413,easy,886111,209.78263881520553,,found,53,53
vanilla,328,noisy_channel,886261,163.71943468124852,,found,42,42
vanilla,244,collision,887239,138.5110203817958,-11.0,found,75,75
vanilla,461,easy,887536,202.4506719390331,,found,94,94
vanilla,371,noisy_channel,889786,151.26931021114603,,found,118,118
vanilla,413,easy,890011,203.39926292138898,,found,53,53
vanilla,134,pair,890161,138.2630320533795,,found,135,135
vanilla,371,noisy_channel,890986,196.69139032124662,,detected_misfiled,199,118
vanilla,440,easy,891961,198.16627858689083,,found,85,85
vanilla,328,noisy_channel,892336,88.61421893732042,,detected_misfiled,65,42
vanilla,186,pair,892711,95.04115414415625,,detected_misfiled,144,104
vanilla,186,pair,893461,146.54962547363104,,detected_misfiled,22,104
vanilla,328,noisy_channel,893686,153.58463863639764,,detected_misfiled,40,42
vanilla,292,collision,894267,147.5004879452351,-17.0,found,174,174
vanilla,328,noisy_channel,894511,128.21377360360106,,found,42,42
vanilla,371,noisy_channel,895786,119.52182466473472,,found,118,118
vanilla,186,pair,897886,103.1090106291845,,detected_misfiled,55,104
vanilla,134,pair,901711,119.7476011947359,,found,135,135
vanilla,413,easy,901936,157.73046798748598,,found,53,53
vanilla,134,pair,902386,152.34139625193777,,found,135,135
vanilla,186,pair,902611,101.0025726062863,,detected_misfiled,113,104
vanilla,413,easy,903511,225.94716029914025,,found,53,53
vanilla,390,noisy_channel,904336,259.7723620931197,,found,23,23
vanilla,244,collision,904848,184.28191748446088,-18.0,detected_misfiled,119,75
vanilla,134,pair,910036,143.6633781414522,,found,135,135
vanilla,134,pair,910861,121.81761839070134,,found,135,135
vanilla,292,collision,912034,90.77893551900804,-4.0,found,174,174
vanilla,244,collision,914674,190.58533357242732,23.0,found,75,75
vanilla,461,easy,915361,205.70061013938286,,found,94,94
vanilla,134,pair,917311,126.49044684525572,,found,135,135
vanilla,390,noisy_channel,918886,231.84384504583534,,found,23,23
vanilla,390,noisy_channel,919636,265.1037122801204,,found,23,23
vanilla,292,collision,921297,119.58465620921535,-5.0,found,174,174
vanilla,390,noisy_channel,921736,259.1914456753283,,found,23,23
vanilla,292,collision,925554,151.68683281850974,-4.0,found,174,174
vanilla,390,noisy_channel,925861,231.11890926889598,,found,23,23
vanilla,461,easy,926086,171.1592611592152,,found,94,94
vanilla,186,pair,926536,90.80572584506265,,not_detected,-1,104
vanilla,390,noisy_channel,930061,210.2849825340963,,found,23,23
vanilla,244,collision,933725,174.38093634251337,-13.0,detected_misfiled,43,75
vanilla,244,collision,935223,165.04314140332974,4.0,found,75,75
vanilla,440,easy,935686,218.28583159832726,,found,85,85
vanilla,328,noisy_channel,936361,117.5812456692056,,detected_misfiled,75,42
vanilla,186,pair,937186,133.46347979963878,,found,104,104
vanilla,413,easy,938311,187.14029304356038,,found,53,53
vanilla,371,noisy_channel,939736,85.12949890698223,,found,118,118
vanilla,390,noisy_channel,940186,238.86690375575742,,found,23,23
vanilla,244,collision,940389,123.13110426155065,10.0,detected_misfiled,74,75
vanilla,371,noisy_channel,940561,97.140815896933,,found,118,118
vanilla,163,pair,941761,110.22665841084962,,detected_misfiled,137,134
vanilla,205,pair,942586,168.0558305491324,,found,106,106
vanilla,371,noisy_channel,943561,142.73068747884332,,detected_misfiled,154,118
vanilla,244,collision,945196,169.49933245401496,10.0,detected_misfiled,76,75
vanilla,205,pair,945736,115.49187365582543,,found,106,106
vanilla,328,noisy_channel,947911,118.20736300993505,,found,42,42
vanilla,134,pair,949336,135.0857923996441,,found,135,135
vanilla,163,pair,949486,90.7598729309543,,detected_misfiled,197,134
vanilla,413,easy,950086,212.02881886823917,,found,53,53
vanilla,186,pair,950236,107.0576015609675,,detected_misfiled,105,104
vanilla,244,collision,950530,147.63199952366625,-12.0,detected_misfiled,197,75
vanilla,461,easy,951361,140.82940108495535,,detected_misfiled,25,94
vanilla,186,pair,951961,150.09418171411136,,detected_misfiled,118,104
vanilla,461,easy,952711,136.3319421035605,,detected_misfiled,31,94
vanilla,440,easy,952936,193.04606319271844,,found,85,85
vanilla,371,noisy_channel,954361,133.01479261960708,,found,118,118
vanilla,163,pair,955936,98.10260699244758,,detected_misfiled,15,134
vanilla,244,collision,956747,152.3307876981794,20.0,detected_misfiled,136,75
vanilla,270,collision,959122,114.05778786338007,23.0,found,189,189
vanilla,371,noisy_channel,959986,114.23065284474504,,not_detected,-1,118
vanilla,440,easy,961486,247.1875118851853,,found,85,85
vanilla,292,collision,963215,103.02162583936948,4.0,found,174,174
vanilla,163,pair,964261,137.93103135067437,,detected_misfiled,72,134
vanilla,390,noisy_channel,964486,255.82612321805405,,found,23,23
vanilla,461,easy,966661,207.8092422674154,,found,94,94
vanilla,328,noisy_channel,970561,119.22437357397854,,found,42,42
vanilla,292,collision,972042,125.09695723122988,-16.0,detected_misfiled,120,174
vanilla,270,collision,973766,132.0403104768421,18.0,found,189,189
vanilla,328,noisy_channel,974836,197.0481278245103,,detected_misfiled,81,42
vanilla,461,easy,977761,118.5557861057234,,not_detected,-1,94
vanilla,205,pair,980686,129.16507115499826,,found,106,106
vanilla,390,noisy_channel,980836,241.69218948721783,,found,23,23
vanilla,163,pair,981511,160.5372021425723,,detected_misfiled,175,134
vanilla,134,pair,982111,186.13629914074835,,found,135,135
vanilla,413,easy,985261,180.65379066897657,,found,53,53
vanilla,205,pair,985636,116.75722188805668,,found,106,106
vanilla,134,pair,985861,115.39692396853974,,detected_misfiled,134,135
vanilla,440,easy,990136,217.23820270832783,,found,85,85
vanilla,244,collision,994014,104.93442740705329,20.0,detected_misfiled,155,75
vanilla,134,pair,995011,83.64633682372727,,found,135,135
vanilla,134,pair,995536,213.54249717384346,,found,135,135
vanilla,244,collision,995743,173.9320137095988,-14.0,found,75,75
vanilla,328,noisy_channel,996286,159.16565806954083,,found,42,42
vanilla,244,collision,996580,262.81911681476583,23.0,found,75,75
vanilla,270,collision,997035,133.51669429459076,16.0,found,189,189
vanilla,371,noisy_channel,998311,107.53740995810871,,found,118,118
vanilla,186,pair,998536,143.3729355687721,,detected_misfiled,19,104
vanilla,163,pair,1001686,136.80914663222688,,not_detected,-1,134
vanilla,292,collision,1002353,118.07075100005002,-21.0,found,174,174
vanilla,371,noisy_channel,1002736,127.23405109380118,,detected_misfiled,183,118
vanilla,413,easy,1004686,258.61063299674515,,found,53,53
vanilla,440,easy,1006111,262.87361139450434,,found,85,85
vanilla,413,easy,1006861,240.82725655937054,,found,53,53
vanilla,440,easy,1007311,263.27781386847244,,found,85,85
vanilla,134,pair,1007761,141.60768983543338,,found,135,135
vanilla,163,pair,1008736,117.35780682563845,,detected_misfiled,83,134
vanilla,390,noisy_channel,1009561,227.6515632084625,,found,23,23
vanilla,292,collision,1009807,134.83298320409955,15.0,found,174,174
vanilla,292,collision,1010937,94.3401780613465,22.0,found,174,174
vanilla,244,collision,1011264,173.2100825851651,21.0,detected_misfiled,139,75
vanilla,413,easy,1011886,191.570676600303,,found,53,53
vanilla,390,noisy_channel,1012561,263.0146343003371,,found,23,23
vanilla,390,noisy_channel,1013161,268.2988622523401,,found,23,23
vanilla,186,pair,1013911,91.31122484604333,,not_detected,-1,104
vanilla,205,pair,1014586,169.02564748836747,,found,106,106
vanilla,163,pair,1016011,139.55854692713126,,not_detected,-1,134
vanilla,413,easy,1016236,211.67111234052064,,found,53,53
vanilla,390,noisy_channel,1016461,199.16060733600366,,found,23,23
vanilla,205,pair,1016761,136.27981030082685,,found,106,106
vanilla,413,easy,1017286,196.01460706811656,,found,53,53
vanilla,371,noisy_channel,1018336,165.20392343562852,,not_detected,-1,118
vanilla,390,noisy_channel,1018486,223.29796942248032,,found,23,23
vanilla,134,pair,1019236,103.92584386587092,,found,135,135
vanilla,440,easy,1019536,291.0200740585896,,found,85,85
vanilla,205,pair,1020511,152.58557051754244,,found,106,106
vanilla,292,collision,1020719,124.13843669408305,11.0,found,174,174
vanilla,371,noisy_channel,1021111,172.5526104568212,,found,118,118
vanilla,134,pair,1022236,143.23120454302048,,found,135,135
vanilla,244,collision,1022432,142.110854204573,-16.0,detected_misfiled,80,75
vanilla,328,noisy_channel,1023061,188.01344954675181,,found,42,42
vanilla,270,collision,1023292,97.56058256654416,16.0,found,189,189
vanilla,244,collision,1023884,225.5109665816064,7.0,found,75,75
vanilla,244,collision,1024774,172.3227212270898,-12.0,found,75,75
vanilla,461,easy,1025236,161.7896156369325,,detected_misfiled,16,94
vanilla,461,easy,1025461,185.65074039719656,,found,94,94
vanilla,461,easy,1025986,136.00649721089528,,found,94,94
vanilla,328,noisy_channel,1026211,126.30208854464703,,found,42,42
vanilla,413,easy,1027411,164.3759853127694,,found,53,53
vanilla,205,pair,1027636,163.4301526986921,,found,106,106
vanilla,134,pair,1030561,164.72937713402504,,found,135,135
vanilla,244,collision,1030832,167.10898227951873,8.0,detected_misfiled,31,75
vanilla,134,pair,1034686,97.3028813438723,,found,135,135
vanilla,413,easy,1039111,178.6132969464167,,found,53,53
vanilla,390,noisy_channel,1039336,245.15199972009947,,found,23,23
vanilla,205,pair,1040386,167.57595999963686,,found,106,106
vanilla,134,pair,1042411,114.06104262317146,,found,135,135
vanilla,413,easy,1042561,189.86590988518344,,found,53,53
vanilla,205,pair,1042936,112.26713165593297,,detected_misfiled,154,106
vanilla,440,easy,1043461,242.42129090956286,,found,85,85
vanilla,163,pair,1046011,146.88181269514007,,found,134,134
vanilla,244,collision,1047785,165.6639477326386,5.0,detected_misfiled,77,75
vanilla,270,collision,1049460,95.57613253868116,-20.0,found,189,189
vanilla,244,collision,1049636,91.05678461536726,9.0,detected_misfiled,77,75
vanilla,163,pair,1050661,144.5477510018725,,not_detected,-1,134
vanilla,371,noisy_channel,1051186,139.99831150177022,,found,118,118
vanilla,205,pair,1052011,159.68503992546246,,found,106,106
vanilla,163,pair,1052686,124.37914660283121,,detected_misfiled,137,134
vanilla,244,collision,1053151,266.07376917555575,-15.0,detected_misfiled,32,75
vanilla,186,pair,1053361,108.81847367256344,,detected_misfiled,22,104
vanilla,244,collision,1054705,146.18282793891808,16.0,detected_misfiled,36,75
vanilla,413,easy,1056811,275.8765616761441,,found,53,53
vanilla,244,collision,1057734,122.34721538366986,-16.0,found,75,75
vanilla,461,easy,1058461,224.3882796672354,,found,94,94
vanilla,440,easy,1059811,238.94609453881222,,found,85,85
vanilla,328,noisy_channel,1061011,111.42396066074409,,detected_misfiled,126,42
vanilla,244,collision,1061448,153.57155922406918,-5.0,detected_misfiled,66,75
vanilla,270,collision,1063628,118.29078249929678,-22.0,found,189,189
vanilla,328,noisy_channel,1064461,113.28919055387871,,found,42,42
vanilla,440,easy,1064611,189.26130981765888,,detected_misfiled,168,85
vanilla,134,pair,1067761,158.1863375033601,,found,135,135
vanilla,205,pair,1068586,130.2800820489163,,found,106,106
vanilla,163,pair,1071136,129.44919632621014,,detected_misfiled,202,134
vanilla,371,noisy_channel,1074286,184.24943581414544,,detected_misfiled,155,118
vanilla,328,noisy_channel,1074811,101.01795203610106,,found,42,42
vanilla,186,pair,1075411,117.13545487101132,,detected_misfiled,42,104
vanilla,328,noisy_channel,1075561,153.44587724378334,,found,42,42
vanilla,244,collision,1076326,173.4701213554439,-13.0,detected_misfiled,119,75
vanilla,270,collision,1076554,150.839107170339,-22.0,found,189,189
vanilla,270,collision,1077315,122.47213625836142,12.0,found,189,189
vanilla,244,collision,1077737,184.6063656861142,-13.0,found,75,75
vanilla,371,noisy_channel,1078486,88.12307975933518,,detected_misfiled,28,118
vanilla,461,easy,1078861,175.9306881859937,,found,94,94
vanilla,163,pair,1079461,147.58128893337297,,detected_misfiled,47,134
vanilla,461,easy,1080061,159.96596041818844,,found,94,94
vanilla,205,pair,1080811,131.66686490751596,,found,106,106
vanilla,292,collision,1081712,153.71469430517797,-15.0,found,174,174
vanilla,328,noisy_channel,1082386,144.88770042618214,,found,42,42
vanilla,163,pair,1083136,104.21420974940833,,detected_misfiled,15,134
vanilla,328,noisy_channel,1084486,114.43083130676081,,detected_misfiled,45,42
vanilla,390,noisy_channel,1085311,258.87532159799855,,found,23,23
vanilla,205,pair,1086811,151.2346392342232,,found,106,106
vanilla,292,collision,1087312,166.59450235129242,-9.0,found,174,174
vanilla,328,noisy_channel,1090411,110.53684407566857,,detected_misfiled,109,42
vanilla,186,pair,1090711,88.74224580511125,,detected_misfiled,47,104
vanilla,440,easy,1091311,292.6699272750856,,found,85,85
vanilla,390,noisy_channel,1093936,211.2765107762131,,found,23,23
vanilla,244,collision,1094425,165.26969788075118,5.0,detected_misfiled,107,75
vanilla,440,easy,1094911,278.36696340943274,,found,85,85
vanilla,413,easy,1095136,238.87826229898675,,detected_misfiled,30,53
vanilla,440,easy,1095586,255.65861749805254,,found,85,85
vanilla,244,collision,1096574,171.87979379761123,-5.0,found,75,75
vanilla,186,pair,1096936,122.16013696676325,,detected_misfiled,115,104
vanilla,205,pair,1098061,127.48948406524877,,found,106,106
vanilla,163,pair,1098511,153.3216339215103,,detected_misfiled,35,134
vanilla,205,pair,1099261,175.39678120476793,,found,106,106
vanilla,205,pair,1100536,168.25424240498103,,found,106,106
vanilla,134,pair,1100761,119.37775261034847,,found,135,135
vanilla,270,collision,1102068,130.74869339913866,24.0,found,189,189
vanilla,461,easy,1103011,193.28994576526017,,found,94,94
vanilla,328,noisy_channel,1103461,132.4414160005679,,found,42,42
vanilla,270,collision,1105651,126.24095134980453,-21.0,found,189,189
vanilla,134,pair,1106761,116.25593208797001,,found,135,135
vanilla,440,easy,1109311,252.9879122227212,,found,85,85
vanilla,461,easy,1113436,160.11229533546555,,found,94,94
vanilla,292,collision,1114217,178.50864361270447,22.0,found,174,174
vanilla,390,noisy_channel,1114411,254.1568842991592,,found,23,23
vanilla,186,pair,1114561,108.63622721319987,,detected_misfiled,9,104
vanilla,440,easy,1114711,199.28600760199487,,found,85,85
vanilla,328,noisy_channel,1115236,97.98399730561663,,detected_misfiled,48,42
vanilla,390,noisy_channel,1116436,237.73809513381192,,found,23,23
vanilla,292,collision,1118639,185.20112800486027,-4.0,found,174,174
vanilla,270,collision,1121847,151.09335110735017,6.0,found,189,189
vanilla,371,noisy_channel,1123261,267.7788739694212,,found,118,118
vanilla,413,easy,1124011,206.93779749564968,,found,53,53
vanilla,186,pair,1124686,95.51984384623383,,detected_misfiled,149,104
vanilla,270,collision,1126206,153.6706085074211,19.0,found,189,189
vanilla,328,noisy_channel,1127836,142.44997544178494,,not_detected,-1,42
vanilla,413,easy,1127986,184.9654896971242,,found,53,53
vanilla,461,easy,1129936,173.8387836351514,,found,94,94
vanilla,440,easy,1131361,242.37097613728503,,found,85,85
vanilla,205,pair,1133161,184.09573699328075,,detected_misfiled,62,106
vanilla,244,collision,1133312,135.05325178821383,15.0,not_detected,-1,75
vanilla,270,collision,1133973,118.07128104986054,-5.0,found,189,189
vanilla,163,pair,1136011,122.64954531905427,,not_detected,-1,134
vanilla,413,easy,1137436,179.02001826651608,,found,53,53
vanilla,205,pair,1137661,127.00540668111233,,found,106,106
vanilla,440,easy,1139686,194.08483619647512,,found,85,85
vanilla,244,collision,1143221,152.20834211556593,-22.0,detected_misfiled,18,75
vanilla,371,noisy_channel,1143661,182.62271142889966,,found,118,118
vanilla,244,collision,1145085,122.06060967156756,-15.0,detected_misfiled,34,75
vanilla,413,easy,1146211,209.0882844277384,,found,53,53
vanilla,461,easy,1146436,158.30430008462304,,found,94,94
vanilla,371,noisy_channel,1149211,164.05973036972102,,detected_misfiled,60,118
vanilla,390,noisy_channel,1149886,200.26522956859762,,found,23,23
vanilla,440,easy,1151911,228.9987636902942,,detected_misfiled,89,85
vanilla,371,noisy_channel,1153711,138.50095941360587,,detected_misfiled,105,118
vanilla,390,noisy_channel,1154086,187.61913099398816,,found,23,23
vanilla,244,collision,1155977,192.32614565580838,-12.0,found,75,75
vanilla,390,noisy_channel,1156636,308.6492349618602,,found,23,23
vanilla,292,collision,1157114,148.9061123301642,-4.0,detected_misfiled,47,174
vanilla,413,easy,1157461,177.17589765028916,,found,53,53
vanilla,328,noisy_channel,1158736,117.63349610908881,,found,42,42
vanilla,244,collision,1160090,176.75804627905302,-11.0,not_detected,-1,75
vanilla,134,pair,1161286,109.38706190926354,,found,135,135
vanilla,186,pair,1162111,78.33934826373661,,detected_misfiled,65,104
vanilla,244,collision,1162918,117.21728651831307,-21.0,found,75,75
vanilla,413,easy,1163536,191.59119571148352,,found,53,53
vanilla,205,pair,1163911,167.71755296454924,,found,106,106
vanilla,440,easy,1164211,253.55099584208162,,found,85,85
vanilla,163,pair,1165411,137.86855928446477,,detected_misfiled,139,134
vanilla,328,noisy_channel,1167361,134.5041368313707,,found,42,42
vanilla,461,easy,1169161,170.4745720445131,,found,94,94
vanilla,163,pair,1170886,131.99021845051982,,detected_misfiled,20,134
vanilla,270,collision,1171202,107.33992081418971,18.0,found,189,189
vanilla,328,noisy_channel,1174786,188.43710566341844,,detected_misfiled,142,42
vanilla,440,easy,1175311,232.0472597869221,,found,85,85
vanilla,292,collision,1177212,125.90385325784838,12.0,found,174,174
vanilla,186,pair,1178461,115.59772018474769,,found,104,104
vanilla,186,pair,1179286,98.03427553041024,,detected_misfiled,2,104
vanilla,270,collision,1179806,146.54771925396187,20.0,found,189,189
vanilla,390,noisy_channel,1179961,166.5357464998608,,found,23,23
vanilla,163,pair,1180411,149.49722528024432,,found,134,134
vanilla,244,collision,1180869,127.91095180242164,-6.0,detected_misfiled,11,75
vanilla,461,easy,1182061,208.4793474517375,,found,94,94
vanilla,328,noisy_channel,1184236,124.70342944930741,,found,42,42
vanilla,390,noisy_channel,1186111,275.93786735527505,,found,23,23
vanilla,244,collision,1187378,131.70145795015202,24.0,detected_misfiled,145,75
vanilla,163,pair,1188061,154.96752813648982,,not_detected,-1,134
vanilla,328,noisy_channel,1188286,141.45535029183796,,found,42,42
vanilla,270,collision,1189177,133.7073529460028,5.0,found,189,189
vanilla,134,pair,1190086,164.7435247729851,,found,135,135
vanilla,244,collision,1190531,248.589716269756,19.0,detected_misfiled,9,75
vanilla,440,easy,1192636,253.90592988899843,,found,85,85
vanilla,244,collision,1193183,171.3974495709387,18.0,found,75,75
vanilla,244,collision,1193848,161.18300373752888,-13.0,detected_misfiled,69,75
vanilla,244,collision,1194211,266.6221643801331,16.0,detected_misfiled,78,75
vanilla,205,pair,1197061,156.10544825046014,,found,106,106
vanilla,292,collision,1197886,86.94731080870054,16.0,found,174,174
vanilla,134,pair,1198486,138.65953922042308,,found,135,135
vanilla,270,collision,1200758,134.81941183765318,-9.0,found,189,189
vanilla,292,collision,1201665,146.38317665795594,-7.0,found,174,174
vanilla,440,easy,1201861,263.0853105262636,,found,85,85
vanilla,390,noisy_channel,1202011,220.58530386658106,,found,23,23
vanilla,163,pair,1202236,126.0591708300363,,not_detected,-1,134
vanilla,461,easy,1203436,149.48268396277197,,detected_misfiled,159,94
vanilla,134,pair,1203586,111.46578727751177,,found,135,135
vanilla,163,pair,1205986,145.8822145178239,,detected_misfiled,137,134
vanilla,186,pair,1208236,88.47484049244153,,detected_misfiled,34,104
vanilla,413,easy,1208686,193.36880201570577,,found,53,53
vanilla,134,pair,1212136,97.20916792598443,,found,135,135
vanilla,244,collision,1212463,175.72685521513114,-9.0,detected_misfiled,72,75
vanilla,186,pair,1214536,117.24290566999215,,detected_misfiled,32,104
vanilla,371,noisy_channel,1215061,134.586197146203,,detected_misfiled,9,118
vanilla,292,collision,1217042,137.20029612519488,17.0,found,174,174
vanilla,328,noisy_channel,1218061,128.23254615786095,,not_detected,-1,42
vanilla,205,pair,1218886,157.19610227133916,,found,106,106
vanilla,461,easy,1219711,133.60965001449676,,found,94,94
vanilla,244,collision,1220573,123.8826603926338,19.0,detected_misfiled,9,75
vanilla,163,pair,1220761,113.96889211554846,,detected_misfiled,168,134
vanilla,292,collision,1221109,137.21745792032442,17.0,found,174,174
vanilla,205,pair,1221436,121.41580496431445,,found,106,106
vanilla,163,pair,1221961,107.96475575594485,,detected_misfiled,131,134
vanilla,390,noisy_channel,1222336,239.77163837134935,,found,23,23
vanilla,186,pair,1227061,83.13424828875162,,found,104,104
vanilla,292,collision,1229719,160.017911352162,13.0,found,174,174
vanilla,244,collision,1231928,244.58773045110536,-11.0,detected_misfiled,104,75
vanilla,390,noisy_channel,1235386,224.80986185444326,,found,23,23
vanilla,413,easy,1235611,161.83671415016423,,found,53,53
vanilla,270,collision,1242294,125.6050642174527,10.0,detected_misfiled,154,189
vanilla,205,pair,1243261,152.16448968706314,,found,106,106
vanilla,292,collision,1244061,111.81790273086108,18.0,found,174,174
vanilla,371,noisy_channel,1244536,123.9426087298456,,not_detected,-1,118
vanilla,244,collision,1244827,84.5616466574778,-10.0,detected_misfiled,36,75
vanilla,134,pair,1245511,140.1568184183676,,found,135,135
vanilla,244,collision,1246656,212.37047678579842,-24.0,found,75,75
vanilla,390,noisy_channel,1249486,212.59881613390257,,found,23,23
vanilla,163,pair,1252336,122.91195658598144,,detected_misfiled,188,134
vanilla,440,easy,1252636,220.9164009723212,,found,85,85
vanilla,134,pair,1254586,115.26254708277426,,found,135,135
vanilla,186,pair,1255336,95.51357454077164,,found,104,104
vanilla,292,collision,1257047,86.54921480410943,8.0,found,174,174
vanilla,134,pair,1258411,140.3351103038837,,found,135,135
vanilla,134,pair,1258861,116.36440567979734,,found,135,135
vanilla,371,noisy_channel,1259311,119.90800939826873,,found,118,118
vanilla,163,pair,1261486,136.72465147230378,,not_detected,-1,134
vanilla,134,pair,1262686,137.2312700637226,,found,135,135
vanilla,134,pair,1263886,151.27183869723126,,found,135,135
vanilla,186,pair,1264186,113.35233901977583,,found,104,104
vanilla,440,easy,1264561,199.9485950003667,,found,85,85
vanilla,440,easy,1265086,251.3232512282143,,found,85,85
vanilla,270,collision,1267712,122.67999440806555,7.0,found,189,189
vanilla,134,pair,1268086,172.53443107676432,,found,135,135
vanilla,163,pair,1269886,124.81469314970558,,not_detected,-1,134
vanilla,440,easy,1270561,276.48848099079305,,found,85,85
vanilla,371,noisy_channel,1271386,154.56553041089882,,found,118,118
vanilla,205,pair,1272736,114.76674032341589,,detected_misfiled,107,106
vanilla,163,pair,1274536,112.67361939902676,,detected_misfiled,32,134
vanilla,244,collision,1276108,119.96381547936159,8.0,detected_misfiled,101,75
vanilla,186,pair,1276411,127.86553379064945,,detected_misfiled,8,104
vanilla,186,pair,1277611,141.19046603029176,,detected_misfiled,44,104
vanilla,390,noisy_channel,1278436,239.81221599523673,,found,23,23
vanilla,413,easy,1279186,175.06275051282458,,found,53,53
vanilla,134,pair,1280386,129.50274822967907,,found,135,135
vanilla,440,easy,1281061,277.4378184461935,,found,85,85
vanilla,205,pair,1282411,130.80579740658712,,found,106,106
vanilla,328,noisy_channel,1283161,144.6327692338746,,found,42,42
vanilla,163,pair,1283536,103.1835986407701,,detected_misfiled,126,134
vanilla,163,pair,1284136,103.82037169244592,,detected_misfiled,46,134
vanilla,440,easy,1285336,140.49727410469112,,detected_misfiled,2,85
vanilla,440,easy,1286386,236.90320229467017,,found,85,85
vanilla,413,easy,1287586,168.23714260003493,,found,53,53
vanilla,270,collision,1289023,152.76780058371702,18.0,found,189,189
vanilla,390,noisy_channel,1290286,363.99418951496295,,found,23,23
vanilla,461,easy,1291636,147.4339592846567,,found,94,94
vanilla,390,noisy_channel,1292911,222.1405607697261,,found,23,23
vanilla,134,pair,1293811,123.5754158877088,,found,135,135
vanilla,390,noisy_channel,1294711,214.07643516042157,,found,23,23
vanilla,292,collision,1294871,167.99267810260972,7.0,found,174,174
vanilla,244,collision,1295397,181.2234158319752,15.0,detected_misfiled,8,75
vanilla,244,collision,1300691,185.53466360358806,15.0,found,75,75
vanilla,244,collision,1305045,187.38000364820266,-7.0,detected_misfiled,2,75
vanilla,186,pair,1307536,115.72455585308094,,detected_misfiled,48,104
vanilla,244,collision,1308905,201.8800772975212,-15.0,found,75,75
vanilla,461,easy,1309936,264.5977253169831,,found,94,94
vanilla,134,pair,1310461,165.77549277212404,,found,135,135
vanilla,244,collision,1311529,159.19633867206898,-16.0,found,75,75
vanilla,440,easy,1314361,292.57523791492565,,found,85,85
vanilla,413,easy,1315261,200.64557742506491,,found,53,53
vanilla,328,noisy_channel,1317211,138.43359429761801,,detected_misfiled,136,42
vanilla,461,easy,1318261,160.65771346832315,,found,94,94
vanilla,186,pair,1319761,67.5767580929799,,detected_misfiled,65,104
vanilla,461,easy,1321036,249.5864871777582,,found,94,94
vanilla,134,pair,1321936,137.09180669562764,,found,135,135
vanilla,440,easy,1322236,243.08027067207752,,found,85,85
vanilla,461,easy,1325911,139.71083829486378,,found,94,94
vanilla,461,easy,1326511,250.34761787926502,,detected_misfiled,44,94
vanilla,134,pair,1328836,112.73118424340555,,found,135,135
vanilla,244,collision,1329322,126.96233837900957,-19.0,not_detected,-1,75
vanilla,134,pair,1329586,125.92275150307634,,found,135,135
vanilla,390,noisy_channel,1330111,261.79471427063226,,found,23,23
vanilla,134,pair,1332211,148.2940521822635,,found,135,135
vanilla,186,pair,1333711,83.61665716716519,,detected_misfiled,36,104
vanilla,440,easy,1335061,228.2170198389136,,found,85,85
vanilla,413,easy,1335961,167.66575156064206,,found,53,53
vanilla,371,noisy_channel,1337611,182.74804794114962,,detected_misfiled,126,118
vanilla,205,pair,1338136,156.14109064471123,,found,106,106
vanilla,244,collision,1338389,243.80099301044172,11.0,found,75,75
vanilla,461,easy,1340386,129.70630732852968,,found,94,94
vanilla,328,noisy_channel,1341511,211.9103719391794,,detected_misfiled,1,42
vanilla,244,collision,1343072,253.59770102851428,-9.0,found,75,75
vanilla,244,collision,1343252,133.56416323058284,5.0,detected_misfiled,74,75
vanilla,270,collision,1343453,123.07241676687029,-17.0,found,189,189
vanilla,163,pair,1343761,142.5672016207133,,detected_misfiled,201,134
vanilla,186,pair,1345786,104.5770421234118,,detected_misfiled,168,104
vanilla,413,easy,1346611,219.9364385709414,,found,53,53
vanilla,134,pair,1347061,199.59165110328155,,found,135,135
vanilla,413,easy,1348036,205.76287940485486,,found,53,53
vanilla,134,pair,1349311,134.5479350828492,,found,135,135
vanilla,413,easy,1352986,160.7461145500967,,found,53,53
vanilla,163,pair,1353286,107.65578392782626,,not_detected,-1,134
vanilla,270,collision,1355591,153.2024973175856,-24.0,found,189,189
vanilla,440,easy,1357036,222.90064081004468,,found,85,85
vanilla,371,noisy_channel,1357636,109.56835950909192,,detected_misfiled,102,118
vanilla,205,pair,1359211,125.10134081522162,,found,106,106
vanilla,390,noisy_channel,1360786,245.53455188246204,,found,23,23
vanilla,461,easy,1362211,117.933227774599,,detected_misfiled,95,94
vanilla,205,pair,1362736,161.18490913110912,,found,106,106
vanilla,328,noisy_channel,1364836,167.27410959908255,,detected_misfiled,200,42
vanilla,134,pair,1364986,105.53853933041974,,found,135,135
vanilla,244,collision,1365250,201.9634721256918,-10.0,detected_misfiled,55,75
vanilla,390,noisy_channel,1366186,224.96401781919397,,found,23,23
vanilla,244,collision,1366979,217.67628772087247,24.0,detected_misfiled,130,75
vanilla,163,pair,1367161,94.95366626653922,,not_detected,-1,134
vanilla,440,easy,1367311,227.13315367895933,,found,85,85
vanilla,244,collision,1367463,250.74075066743893,24.0,detected_misfiled,102,75
vanilla,244,collision,1367859,197.42470190170337,-13.0,detected_misfiled,48,75
vanilla,413,easy,1368136,225.29056049181958,,found,53,53
vanilla,292,collision,1370652,101.91041449674961,-12.0,found,174,174
vanilla,186,pair,1370986,91.45732171479955,,detected_misfiled,100,104
vanilla,328,noisy_channel,1371661,197.3586133685572,,found,42,42
vanilla,440,easy,1371811,265.0399517841011,,found,85,85
vanilla,292,collision,1372200,135.99840704620806,24.0,found,174,174
vanilla,244,collision,1372957,161.64165829187158,18.0,detected_misfiled,47,75
vanilla,134,pair,1374136,127.31640726036294,,found,135,135
vanilla,244,collision,1375377,131.75794948308655,5.0,found,75,75
vanilla,134,pair,1375636,153.37755315018973,,found,135,135
vanilla,390,noisy_channel,1376236,256.33197287427305,,found,23,23
vanilla,134,pair,1377286,94.26518221847928,,found,135,135
vanilla,163,pair,1377436,103.88223680909748,,found,134,134
vanilla,186,pair,1377586,102.51325468936824,,detected_misfiled,11,104
vanilla,328,noisy_channel,1378486,134.03666451982954,,detected_misfiled,72,42
vanilla,461,easy,1378936,138.1302350157133,,detected_misfiled,26,94
vanilla,371,noisy_channel,1382311,138.37022015328202,,found,118,118
vanilla,134,pair,1384336,143.6028470469123,,found,135,135
vanilla,461,easy,1384711,157.91027185282016,,found,94,94
vanilla,440,easy,1384861,256.7602289093384,,found,85,85
vanilla,413,easy,1385611,260.3600583817864,,found,53,53
vanilla,461,easy,1387636,251.21787243208098,,found,94,94
vanilla,413,easy,1388236,216.04257068764025,,found,53,53
vanilla,292,collision,1388431,113.94272385118859,21.0,found,174,174
vanilla,328,noisy_channel,1388611,143.83623246557502,,found,42,42
vanilla,371,noisy_channel,1389211,105.82330466272244,,found,118,118
vanilla,440,easy,1390561,335.21100100055787,,found,85,85
vanilla,244,collision,1390878,118.3170136558576,-23.0,detected_misfiled,52,75
vanilla,371,noisy_channel,1391761,111.70959989970316,,found,118,118
vanilla,186,pair,1391986,130.98439796044966,,found,104,104
vanilla,270,collision,1393060,90.46778045533527,4.0,found,189,189
vanilla,440,easy,1394311,315.78824659824613,,found,85,85
vanilla,390,noisy_channel,1397836,278.5240984158402,,found,23,23
vanilla,205,pair,1399486,212.15763089711726,,found,106,106
vanilla,413,easy,1400086,226.06476155359863,,found,53,53
vanilla,186,pair,1400986,144.29717089420953,,detected_misfiled,139,104
vanilla,371,noisy_channel,1401211,112.773191286013,,not_detected,-1,118
vanilla,440,easy,1401586,259.38372979283423,,found,85,85
vanilla,371,noisy_channel,1401886,145.53853934513606,,detected_misfiled,155,118
vanilla,371,noisy_channel,1402411,129.33186986660468,,found,118,118
vanilla,163,pair,1402936,112.68121693875725,,found,134,134
vanilla,440,easy,1403911,191.70024288872378,,detected_misfiled,139,85
vanilla,390,noisy_channel,1404361,208.9000812087203,,found,23,23
vanilla,371,noisy_channel,1404811,137.41563354790796,,detected_misfiled,18,118
vanilla,390,noisy_channel,1406386,226.35603178726137,,found,23,23
vanilla,440,easy,1406761,283.39541429252034,,found,85,85
vanilla,134,pair,1407361,104.23740223915455,,found,135,135
vanilla,371,noisy_channel,1407736,125.18419211693413,,found,118,118
vanilla,205,pair,1408036,135.87100858729775,,found,106,106
vanilla,461,easy,1409236,188.3038249730253,,found,94,94
vanilla,413,easy,1409611,171.3157050345572,,found,53,53
vanilla,413,easy,1411486,158.17155701398718,,found,53,53
vanilla,186,pair,1411711,155.0654601543933,,detected_misfiled,48,104
vanilla,244,collision,1412153,167.19014617372525,-19.0,detected_misfiled,185,75
vanilla,440,easy,1413811,267.15107515604836,,found,85,85
vanilla,163,pair,1414036,132.74534766664203,,not_detected,-1,134
vanilla,461,easy,1414411,156.03173682521577,,found,94,94
vanilla,371,noisy_channel,1414861,163.11588798879515,,detected_misfiled,115,118
vanilla,244,collision,1415986,286.44023174449603,-14.0,detected_misfiled,2,75
vanilla,244,collision,1416243,129.42104554677232,21.0,detected_misfiled,28,75
vanilla,205,pair,1417186,103.14502779702893,,detected_misfiled,194,106
vanilla,461,easy,1417786,136.41973207372504,,detected_misfiled,29,94
vanilla,134,pair,1418611,130.13251162177235,,found,135,135
vanilla,205,pair,1424536,157.06357542426525,,found,106,106
vanilla,328,noisy_channel,1424911,152.84932364756105,,found,42,42
vanilla,205,pair,1425061,158.50359133271309,,found,106,106
vanilla,244,collision,1427109,161.86042069143105,-18.0,detected_misfiled,15,75
vanilla,440,easy,1427611,244.92264414767348,,found,85,85
vanilla,461,easy,1427836,191.56579944049332,,found,94,94
vanilla,461,easy,1428136,118.20750185309106,,found,94,94
vanilla,270,collision,1428329,136.4231161851448,-23.0,found,189,189
vanilla,205,pair,1428586,128.71257364894836,,detected_misfiled,192,106
vanilla,413,easy,1429786,218.69120408684913,,found,53,53
vanilla,134,pair,1430911,102.08571386408883,,found,135,135
vanilla,371,noisy_channel,1432111,127.47066125295842,,not_detected,-1,118
vanilla,244,collision,1434689,164.08029524813855,9.0,detected_misfiled,33,75
vanilla,134,pair,1434886,149.3753702117803,,found,135,135
vanilla,413,easy,1435036,181.21510157069866,,found,53,53
vanilla,205,pair,1436236,108.80502703870852,,found,106,106
vanilla,163,pair,1437736,120.16865185097653,,detected_misfiled,29,134
vanilla,390,noisy_channel,1440361,211.71027630845634,,found,23,23
vanilla,461,easy,1440811,165.62203375969867,,detected_misfiled,153,94
vanilla,461,easy,1442236,226.04189357704357,,detected_misfiled,95,94
vanilla,328,noisy_channel,1442461,131.56427120058856,,found,42,42
vanilla,205,pair,1443886,115.26282847235947,,found,106,106
vanilla,390,noisy_channel,1445386,232.76234259562142,,found,23,23
vanilla,461,easy,1445836,204.35381214155825,,detected_misfiled,27,94
vanilla,371,noisy_channel,1448236,119.97097735810489,,detected_misfiled,153,118
vanilla,440,easy,1449361,314.353369271558,,detected_misfiled,69,85
vanilla,461,easy,1451986,204.47019839228827,,found,94,94
vanilla,270,collision,1452238,101.52519163242243,13.0,found,189,189
vanilla,461,easy,1453486,201.85671512929446,,found,94,94
vanilla,244,collision,1453816,166.8132476635796,18.0,found,75,75
vanilla,390,noisy_channel,1454011,223.45528939850342,,found,23,23
vanilla,390,noisy_channel,1454161,224.27161722788526,,found,23,23
vanilla,134,pair,1455511,131.21591727997742,,found,135,135
vanilla,244,collision,1456304,200.0519883950651,-8.0,found,75,75
vanilla,205,pair,1457161,169.40969967146032,,found,106,106
vanilla,440,easy,1457461,158.14986886184414,,found,85,85
vanilla,163,pair,1458061,102.31704855962286,,detected_misfiled,186,134
vanilla,163,pair,1458436,97.96621801056469,,detected_misfiled,176,134
vanilla,328,noisy_channel,1459561,123.98669699938362,,found,42,42
vanilla,371,noisy_channel,1460536,125.60661621901005,,found,118,118
vanilla,270,collision,1460923,105.95176336289555,-19.0,found,189,189
vanilla,461,easy,1463236,183.57119607508955,,found,94,94
vanilla,440,easy,1463536,244.06621474333838,,found,85,85
vanilla,134,pair,1464886,102.91241104534069,,found,135,135
vanilla,244,collision,1466702,281.7658895032573,8.0,detected_misfiled,104,75
vanilla,186,pair,1469086,108.6795413959243,,detected_misfiled,35,104
vanilla,244,collision,1472981,147.00114222720447,-10.0,detected_misfiled,78,75
vanilla,186,pair,1473136,125.42013228829467,,found,104,104
vanilla,390,noisy_channel,1473361,208.95103534704234,,found,23,23
vanilla,163,pair,1474561,134.7816995935433,,detected_misfiled,200,134
vanilla,244,collision,1476236,131.68261694353498,-23.0,found,75,75
vanilla,461,easy,1477036,156.62993123738664,,detected_misfiled,95,94
vanilla,134,pair,1478311,130.4676104371419,,found,135,135
vanilla,413,easy,1481536,221.53588161778748,,found,53,53
vanilla,390,noisy_channel,1482211,242.2634602393114,,found,23,23
vanilla,244,collision,1483185,154.55336574548213,-6.0,detected_misfiled,27,75
vanilla,413,easy,1483486,263.3612772206082,,found,53,53
vanilla,134,pair,1483711,134.75227444408898,,found,135,135
vanilla,163,pair,1483936,118.67850903338633,,detected_misfiled,154,134
vanilla,440,easy,1485211,203.75025813667244,,found,85,85
vanilla,371,noisy_channel,1486036,99.37894187022955,,found,118,118
vanilla,461,easy,1486261,135.8465736191088,,found,94,94
vanilla,244,collision,1486420,144.09828657907687,-13.0,found,75,75
vanilla,440,easy,1487161,205.25636477840703,,found,85,85
vanilla,163,pair,1488061,208.96736028268694,,found,134,134
vanilla,244,collision,1488414,155.1813172561595,20.0,detected_misfiled,77,75
vanilla,244,collision,1488918,149.63398363521378,5.0,detected_misfiled,77,75
vanilla,244,collision,1489709,171.93018692285503,4.0,detected_misfiled,122,75
vanilla,186,pair,1490461,101.93357562783328,,not_detected,-1,104
vanilla,244,collision,1492256,202.554148924777,21.0,detected_misfiled,155,75
vanilla,440,easy,1494211,205.12538403670254,,found,85,85
vanilla,328,noisy_channel,1494511,120.28251873795149,,found,42,42
vanilla,270,collision,1497295,91.49970790442494,-22.0,found,189,189
vanilla,244,collision,1497688,199.09261875815437,-17.0,detected_misfiled,78,75
vanilla,244,collision,1498023,125.24571942272567,16.0,not_detected,-1,75
vanilla,244,collision,1498794,173.39586910978485,7.0,detected_misfiled,41,75
vanilla,205,pair,1499311,172.91377272001628,,found,106,106
vanilla,134,pair,1499761,136.21857663443674,,found,135,135
vanilla,186,pair,1501411,134.48268199753304,,not_detected,-1,104
vanilla,205,pair,1501636,134.45184627987265,,detected_misfiled,122,106
vanilla,440,easy,1502311,218.17132498786785,,found,85,85
vanilla,390,noisy_channel,1502461,275.23461601146334,,found,23,23
vanilla,270,collision,1504537,171.81408890927474,8.0,found,189,189
vanilla,328,noisy_channel,1505386,150.99092647699155,,detected_misfiled,28,42
vanilla,270,collision,1506202,108.33559358564963,-18.0,found,189,189
vanilla,244,collision,1507058,190.46925287298052,16.0,detected_misfiled,79,75
vanilla,134,pair,1507936,107.99290239818852,,found,135,135
vanilla,461,easy,1508236,125.85491048795949,,detected_misfiled,69,94
vanilla,186,pair,1508611,98.66715749476589,,detected_misfiled,82,104
vanilla,270,collision,1508904,124.33759670606369,6.0,detected_misfiled,69,189
vanilla,186,pair,1509211,132.54260309465502,,found,104,104
vanilla,163,pair,1509436,89.46687719223095,,detected_misfiled,88,134
vanilla,270,collision,1509650,109.39828820106402,-10.0,found,189,189
vanilla,371,noisy_channel,1510186,94.42998896527118,,found,118,118
vanilla,390,noisy_channel,1510786,265.4409841516599,,found,23,23
vanilla,292,collision,1511291,127.75810564055521,-9.0,found,174,174
vanilla,163,pair,1511761,106.09625138775098,,detected_misfiled,165,134
vanilla,390,noisy_channel,1512586,204.51833565907177,,detected_misfiled,119,23
vanilla,328,noisy_channel,1513561,151.73039730465487,,found,42,42
vanilla,186,pair,1513711,123.16286596869031,,detected_misfiled,147,104
vanilla,163,pair,1514011,126.08589640010659,,detected_misfiled,185,134
vanilla,328,noisy_channel,1515061,177.8245306436413,,detected_misfiled,35,42
vanilla,186,pair,1515586,140.4361955734298,,not_detected,-1,104
vanilla,390,noisy_channel,1515886,220.7994775034632,,found,23,23
vanilla,270,collision,1516412,134.77994661282912,6.0,detected_misfiled,114,189
vanilla,270,collision,1518082,95.41857123928047,9.0,found,189,189
vanilla,371,noisy_channel,1518586,146.25453751362667,,not_detected,-1,118
vanilla,390,noisy_channel,1520536,226.32408803463602,,found,23,23
vanilla,413,easy,1520986,188.1443686716892,,found,53,53
vanilla,390,noisy_channel,1524511,283.25402576716823,,found,23,23
vanilla,205,pair,1525636,115.0173159090749,,detected_misfiled,65,106
vanilla,244,collision,1526027,170.79716750823368,21.0,found,75,75
vanilla,163,pair,1526236,136.0314710615457,,detected_misfiled,125,134
vanilla,413,easy,1529461,212.79609240028753,,found,53,53
vanilla,461,easy,1529611,150.78913215767693,,found,94,94
vanilla,244,collision,1530748,150.30173399190602,-23.0,not_detected,-1,75
vanilla,244,collision,1531745,189.65003975618464,24.0,detected_misfiled,78,75
vanilla,134,pair,1532236,122.15272762162365,,found,135,135
vanilla,413,easy,1533286,226.74247261446936,,found,53,53
vanilla,390,noisy_channel,1533736,188.55937585506612,,found,23,23
vanilla,134,pair,1534036,141.07228776067362,,found,135,135
vanilla,292,collision,1537428,137.6254128011033,19.0,found,174,174
vanilla,163,pair,1539586,121.72658162793044,,detected_misfiled,149,134
vanilla,371,noisy_channel,1543561,124.64262956773268,,found,118,118
vanilla,390,noisy_channel,1544686,206.6157202908762,,found,23,23
vanilla,328,noisy_channel,1548586,159.34501005226917,,found,42,42
vanilla,390,noisy_channel,1548961,282.7938588061204,,found,23,23
vanilla,328,noisy_channel,1549561,101.67666324991737,,found,42,42
vanilla,461,easy,1549861,126.41645471338578,,found,94,94
vanilla,390,noisy_channel,1550536,338.70666756061166,,found,23,23
vanilla,134,pair,1551061,127.83072392325914,,found,135,135
vanilla,244,collision,1551558,193.53407996170802,15.0,detected_misfiled,113,75
vanilla,461,easy,1551736,169.6885845230165,,found,94,94
vanilla,244,collision,1552275,189.198947532233,-15.0,detected_misfiled,130,75
vanilla,292,collision,1556680,89.05599471000443,-13.0,found,174,174
vanilla,134,pair,1557661,103.52826877721174,,found,135,135
vanilla,440,easy,1557886,238.46298209203255,,found,85,85
vanilla,186,pair,1559161,102.5188259601921,,found,104,104
vanilla,440,easy,1560661,262.9094932091009,,found,85,85
vanilla,440,easy,1561486,166.5741248667712,,found,85,85
vanilla,134,pair,1563811,151.4565940227703,,found,135,135
vanilla,186,pair,1564561,93.89550029190364,,detected_misfiled,29,104
vanilla,134,pair,1565086,131.12134566798093,,detected_misfiled,15,135
vanilla,461,easy,1565911,234.6166604410916,,found,94,94
vanilla,205,pair,1568461,157.67704752243998,,found,106,106
vanilla,328,noisy_channel,1569136,107.01918063039534,,found,42,42
vanilla,461,easy,1569586,161.5720743384013,,found,94,94
vanilla,134,pair,1570786,141.47282544271928,,found,135,135
vanilla,134,pair,1571386,157.6277839443716,,found,135,135
vanilla,270,collision,1571852,106.11589939669494,-16.0,found,189,189
vanilla,270,collision,1572504,113.91718051314068,-22.0,found,189,189
vanilla,205,pair,1574836,127.40323688964763,,found,106,106
vanilla,371,noisy_channel,1575811,95.66285644608055,,found,118,118
vanilla,205,pair,1576111,155.1053072938073,,detected_misfiled,105,106
vanilla,390,noisy_channel,1578211,319.96338363659163,,found,23,23
vanilla,328,noisy_channel,1580086,126.68223039027731,,found,42,42
vanilla,186,pair,1582261,108.77244443731597,,detected_misfiled,153,104
vanilla,244,collision,1586317,200.52657588317183,15.0,found,75,75
vanilla,440,easy,1587061,244.27155322532596,,found,85,85
vanilla,134,pair,1588411,180.41700169351822,,found,135,135
vanilla,440,easy,1588561,216.30584967766447,,found,85,85
vanilla,413,easy,1589536,271.82893240824177,,found,53,53
vanilla,186,pair,1590661,135.56512854342688,,detected_misfiled,197,104
vanilla,371,noisy_channel,1592011,157.5595443700882,,found,118,118
vanilla,390,noisy_channel,1592986,229.3289464514346,,found,23,23
vanilla,440,easy,1594186,240.67984016618055,,found,85,85
vanilla,292,collision,1595187,156.35360677612277,16.0,found,174,174
vanilla,270,collision,1595478,172.47712572767554,-13.0,detected_misfiled,87,189
vanilla,244,collision,1595851,177.6632133940192,-21.0,detected_misfiled,175,75
vanilla,292,collision,1597919,149.22836724145373,21.0,found,174,174
vanilla,371,noisy_channel,1598161,124.0304320635231,,found,118,118
vanilla,270,collision,1598500,86.06169755246864,23.0,found,189,189
vanilla,163,pair,1598986,151.60634810068913,,detected_misfiled,66,134
vanilla,461,easy,1599661,155.20099223753937,,found,94,94
vanilla,270,collision,1600130,137.97412227925292,-4.0,found,189,189
vanilla,244,collision,1602391,147.61753125034642,8.0,found,75,75
vanilla,163,pair,1603036,101.9638345372091,,not_detected,-1,134
vanilla,371,noisy_channel,1603861,109.05549231601493,,detected_misfiled,62,118
vanilla,205,pair,1604461,132.78891066409741,,found,106,106
vanilla,440,easy,1604911,273.9562858607462,,found,85,85
vanilla,292,collision,1607681,160.02274377974902,-12.0,found,174,174
vanilla,413,easy,1607986,200.11972449738857,,found,53,53
vanilla,270,collision,1608393,139.2860780181599,17.0,found,189,189
vanilla,461,easy,1609261,219.31865077262563,,found,94,94
vanilla,328,noisy_channel,1610161,147.76812426045896,,detected_misfiled,18,42
vanilla,292,collision,1610818,191.2994798976269,16.0,found,174,174
vanilla,390,noisy_channel,1611211,256.13636571458204,,found,23,23
vanilla,292,collision,1613554,109.92939903417076,-13.0,found,174,174
vanilla,270,collision,1613979,114.97711251342443,18.0,found,189,189
vanilla,270,collision,1614328,115.41827725560574,-15.0,found,189,189
vanilla,270,collision,1615484,103.24286103884307,8.0,found,189,189
vanilla,134,pair,1615711,149.47482967341494,,found,135,135
vanilla,270,collision,1615977,131.74394866265465,-13.0,found,189,189
vanilla,270,collision,1616283,121.25131752644964,16.0,found,189,189
vanilla,440,easy,1617886,258.5202485190838,,found,85,85
vanilla,440,easy,1618036,250.2090671914924,,detected_misfiled,44,85
vanilla,390,noisy_channel,1618186,242.749198041667,,found,23,23
vanilla,205,pair,1620211,155.35818444438863,,found,106,106
vanilla,205,pair,1623811,145.88433808643887,,found,106,106
vanilla,186,pair,1623961,121.95798485022056,,not_detected,-1,104
vanilla,328,noisy_channel,1625086,140.58420081869386,,found,42,42
vanilla,292,collision,1628178,131.16001738247994,14.0,found,174,174
vanilla,134,pair,1628686,108.66361037188452,,found,135,135
vanilla,163,pair,1633711,117.41985520050667,,detected_misfiled,137,134
vanilla,328,noisy_channel,1635886,136.42533132694138,,found,42,42
vanilla,244,collision,1636523,144.51581211183426,-19.0,found,75,75
vanilla,163,pair,1637686,144.0738097484022,,detected_misfiled,7,134
vanilla,186,pair,1638511,120.76686813986638,,detected_misfiled,41,104
vanilla,390,noisy_channel,1640386,260.2066473217011,,found,23,23
vanilla,205,pair,1641511,149.47969442896584,,found,106,106
vanilla,371,noisy_channel,1642636,156.4212654855964,,detected_misfiled,40,118
vanilla,163,pair,1643011,129.21193205477687,,detected_misfiled,127,134
vanilla,371,noisy_channel,1643836,92.83071259419324,,found,118,118
vanilla,461,easy,1644436,149.75566097380423,,found,94,94
vanilla,186,pair,1645861,143.38751060844058,,detected_misfiled,100,104
vanilla,461,easy,1646386,156.4845531626006,,detected_misfiled,97,94
vanilla,134,pair,1646986,168.26522345826987,,found,135,135
vanilla,390,noisy_channel,1648336,264.6664909756502,,found,23,23
vanilla,440,easy,1648636,319.3606406289507,,found,85,85
vanilla,328,noisy_channel,1648861,148.71064268318557,,found,42,42
vanilla,371,noisy_channel,1651636,133.20969140635708,,found,118,118
vanilla,163,pair,1652011,114.09938819455027,,not_detected,-1,134
vanilla,413,easy,1653211,143.64997313962462,,found,53,53
vanilla,163,pair,1655086,124.98978048912682,,detected_misfiled,9,134
vanilla,186,pair,1655236,98.68009215620873,,found,104,104
vanilla,413,easy,1655686,200.95511173730233,,found,53,53
vanilla,371,noisy_channel,1656736,153.39252749104048,,detected_misfiled,116,118
vanilla,134,pair,1658011,115.54420582317232,,detected_misfiled,36,135
vanilla,390,noisy_channel,1658311,175.8867564721475,,found,23,23
vanilla,205,pair,1660636,152.82654919760762,,found,106,106
vanilla,413,easy,1661386,234.27271056232144,,found,53,53
vanilla,292,collision,1662606,120.23157752348659,-20.0,found,174,174
vanilla,461,easy,1662886,170.06748827942442,,found,94,94
vanilla,413,easy,1664536,198.51816670966963,,found,53,53
vanilla,413,easy,1664986,235.48248579560996,,found,53,53
vanilla,328,noisy_channel,1665886,167.5346757312594,,detected_misfiled,1,42
vanilla,205,pair,1667386,143.6589303934114,,found,106,106
vanilla,440,easy,1668286,332.908444182055,,found,85,85
vanilla,163,pair,1668586,170.1219225907792,,not_detected,-1,134
vanilla,440,easy,1669336,253.21735050667857,,detected_misfiled,39,85
vanilla,292,collision,1669844,122.93802193030659,-13.0,found,174,174
vanilla,390,noisy_channel,1675111,266.7173515296064,,found,23,23
vanilla,134,pair,1675411,103.41326972115515,,found,135,135
vanilla,461,easy,1675636,234.58713118049036,,found,94,94
vanilla,371,noisy_channel,1676386,142.56280545841378,,found,118,118
vanilla,270,collision,1676957,107.3148325036417,-22.0,found,189,189
vanilla,270,collision,1681064,101.46763491761999,19.0,found,189,189
vanilla,163,pair,1683811,98.26207566819218,,not_detected,-1,134
vanilla,186,pair,1684111,90.74350518457153,,detected_misfiled,182,104
vanilla,328,noisy_channel,1684336,147.43013896246066,,found,42,42
vanilla,270,collision,1684843,105.37414503869498,-24.0,detected_misfiled,32,189
vanilla,186,pair,1685311,95.43034569622053,,detected_misfiled,18,104
vanilla,270,collision,1685652,111.76085857375236,-17.0,found,189,189
vanilla,440,easy,1686361,207.07749714067762,,found,85,85
vanilla,461,easy,1687411,146.77144498796594,,found,94,94
vanilla,413,easy,1690261,146.87622508351077,,found,53,53
vanilla,390,noisy_channel,1690486,236.25661155070875,,found,23,23
vanilla,461,easy,1691761,130.91094285183127,,not_detected,-1,94
vanilla,461,easy,1692511,188.3843921645627,,found,94,94
vanilla,440,easy,1692661,300.35896015640077,,found,85,85
vanilla,186,pair,1694761,146.80431946950532,,detected_misfiled,195,104
vanilla,292,collision,1696125,123.21152991040381,10.0,detected_misfiled,35,174
vanilla,270,collision,1696477,150.0511163317056,9.0,found,189,189
vanilla,461,easy,1697311,136.615592965858,,found,94,94
vanilla,461,easy,1698211,162.67042235336316,,found,94,94
vanilla,440,easy,1698736,179.15283115852264,,found,85,85
vanilla,413,easy,1699036,149.48584472323574,,found,53,53
vanilla,328,noisy_channel,1700836,156.06606317809792,,found,42,42
vanilla,328,noisy_channel,1702786,161.5779288090015,,found,42,42
vanilla,461,easy,1704811,174.4372352065996,,found,94,94
vanilla,163,pair,1706311,153.79971186071037,,not_detected,-1,134
vanilla,163,pair,1706836,142.78775071804054,,detected_misfiled,53,134
vanilla,186,pair,1707211,123.56843300173375,,detected_misfiled,36,104
vanilla,163,pair,1711336,134.20521070970165,,detected_misfiled,28,134
vanilla,163,pair,1713211,118.91195750559446,,detected_misfiled,113,134
vanilla,461,easy,1713511,196.37373028865738,,found,94,94
vanilla,328,noisy_channel,1713811,131.8488124536764,,found,42,42
vanilla,163,pair,1714711,121.32987040161427,,not_detected,-1,134
vanilla,205,pair,1715986,153.8829955527748,,found,106,106
vanilla,371,noisy_channel,1716361,210.36728318229274,,found,118,118
vanilla,244,collision,1718929,142.6399183071456,-18.0,found,75,75
vanilla,461,easy,1719286,170.8164619543909,,found,94,94
vanilla,461,easy,1719811,159.7522106949805,,found,94,94
vanilla,270,collision,1721426,117.83545386340052,13.0,detected_misfiled,183,189
vanilla,440,easy,1722586,277.3892331920082,,found,85,85
vanilla,390,noisy_channel,1723861,205.53316426073624,,found,23,23
vanilla,461,easy,1724611,170.20115947873643,,found,94,94
vanilla,163,pair,1724911,119.65279508182493,,detected_misfiled,196,134
vanilla,371,noisy_channel,1725361,68.97580545673871,,found,118,118
vanilla,413,easy,1727986,206.51852300089462,,found,53,53
vanilla,134,pair,1728361,93.16691777756569,,found,135,135
vanilla,205,pair,1730761,162.0930317635088,,found,106,106
vanilla,440,easy,1731211,285.02263278028494,,found,85,85
vanilla,328,noisy_channel,1731811,108.8587941625866,,detected_misfiled,22,42
vanilla,163,pair,1733686,149.09933753933336,,detected_misfiled,125,134
vanilla,461,easy,1735336,210.88699883331554,,detected_misfiled,197,94
vanilla,270,collision,1737167,134.46326754950516,15.0,found,189,189
vanilla,328,noisy_channel,1737436,136.80740327009852,,not_detected,-1,42
vanilla,205,pair,1738261,161.93232541038486,,found,106,106
vanilla,292,collision,1740382,101.81348836366247,-6.0,found,174,174
vanilla,292,collision,1742242,84.11850686977597,23.0,found,174,174
vanilla,134,pair,1743061,120.6132226062621,,found,135,135
vanilla,244,collision,1743606,208.7295375903187,-22.0,detected_misfiled,76,75
vanilla,134,pair,1746661,146.5517089542152,,found,135,135
vanilla,186,pair,1746961,101.4592522235391,,detected_misfiled,98,104
vanilla,413,easy,1747186,186.9552328828774,,found,53,53
vanilla,205,pair,1748011,174.076691171362,,found,106,106
vanilla,244,collision,1750487,157.69632806069941,17.0,detected_misfiled,113,75
vanilla,413,easy,1751311,198.10213499821307,,found,53,53
vanilla,244,collision,1753699,609.1920891917581,12.0,detected_misfiled,14,75
vanilla,270,collision,1754348,106.64914688660542,-18.0,found,189,189
vanilla,270,collision,1755163,121.65077669231582,-10.0,found,189,189
vanilla,292,collision,1755379,119.30809793433558,6.0,found,174,174
vanilla,390,noisy_channel,1755961,253.00453105060203,,found,23,23
vanilla,186,pair,1756111,118.84173592600541,,found,104,104
vanilla,440,easy,1757011,259.5094477984767,,found,85,85
vanilla,413,easy,1759636,266.0179017995714,,found,53,53
vanilla,134,pair,1760086,134.35275828937918,,found,135,135
vanilla,186,pair,1760236,124.1420647752237,,detected_misfiled,105,104
vanilla,328,noisy_channel,1760461,113.84223312407173,,detected_misfiled,75,42
vanilla,270,collision,1760724,120.02533312745824,-11.0,found,189,189
vanilla,163,pair,1763461,130.5027286097917,,found,134,134
vanilla,244,collision,1764607,162.90084074667283,-12.0,detected_misfiled,26,75
vanilla,461,easy,1765786,182.09583834212646,,found,94,94
vanilla,205,pair,1766836,188.7634516019911,,found,106,106
vanilla,163,pair,1766986,140.321754058553,,detected_misfiled,113,134
vanilla,390,noisy_channel,1768786,311.7346331573135,,found,23,23
vanilla,163,pair,1772986,131.3723998254403,,detected_misfiled,157,134
vanilla,186,pair,1773661,103.58391358270343,,detected_misfiled,81,104
vanilla,371,noisy_channel,1774486,120.85482661134293,,found,118,118
vanilla,134,pair,1775986,123.44546753856048,,found,135,135
vanilla,244,collision,1779909,157.21119568475163,-17.0,found,75,75
vanilla,270,collision,1780132,124.92527178610425,8.0,found,189,189
vanilla,461,easy,1780411,170.93613329792498,,found,94,94
vanilla,205,pair,1780786,170.42852304024365,,found,106,106
vanilla,163,pair,1781236,142.25368836319655,,detected_misfiled,41,134
vanilla,413,easy,1781836,217.5230024098189,,found,53,53
vanilla,328,noisy_channel,1782061,133.7348994621593,,found,42,42
vanilla,371,noisy_channel,1782286,154.5979683419265,,found,118,118
vanilla,270,collision,1782557,97.20733637236211,23.0,found,189,189
vanilla,186,pair,1783336,136.0974186337382,,found,104,104
vanilla,270,collision,1784346,124.4603751107249,-4.0,detected_misfiled,143,189
vanilla,390,noisy_channel,1785736,271.49938269316544,,found,23,23
vanilla,270,collision,1786235,135.27223543747957,-13.0,found,189,189
vanilla,461,easy,1787386,153.2493591543523,,detected_misfiled,47,94
vanilla,461,easy,1788511,161.78448749320506,,found,94,94
vanilla,292,collision,1788976,129.96096604084022,-24.0,found,174,174
vanilla,186,pair,1790161,124.43490790016315,,found,104,104
vanilla,328,noisy_channel,1791961,97.05003851398064,,found,42,42
vanilla,390,noisy_channel,1793236,271.3977170208059,,detected_misfiled,125,23
vanilla,461,easy,1793761,180.10553781404656,,detected_misfiled,197,94
vanilla,134,pair,1795186,103.8102304782611,,found,135,135
vanilla,186,pair,1797136,110.51131182441117,,not_detected,-1,104
vanilla,440,easy,1797436,207.1764299336075,,found,85,85
vanilla,371,noisy_channel,1797586,120.87890521465204,,found,118,118
vanilla,186,pair,1797886,108.62020782673062,,not_detected,-1,104
vanilla,205,pair,1798336,184.2664032152478,,found,106,106
vanilla,292,collision,1799789,155.34079462370593,-7.0,found,174,174
vanilla,292,collision,1799978,122.77891748027972,13.0,found,174,174
vanilla,371,noisy_channel,1800211,138.54528731064624,,detected_misfiled,147,118
vanilla,440,easy,1800661,220.94289496539636,,found,85,85
vanilla,328,noisy_channel,1801411,92.23135415920976,,not_detected,-1,42
vanilla,205,pair,1801786,129.1035853850947,,found,106,106
vanilla,461,easy,1802461,159.29661773717032,,found,94,94
vanilla,461,easy,1804336,178.55482981869386,,found,94,94
vanilla,440,easy,1804861,218.9544651805049,,found,85,85
vanilla,134,pair,1805236,190.90227105834177,,found,135,135
vanilla,134,pair,1805911,112.09787096979613,,found,135,135
vanilla,292,collision,1808044,134.55438291508418,7.0,found,174,174
vanilla,270,collision,1810002,115.96739432189989,21.0,found,189,189
vanilla,186,pair,1810486,86.5343539792262,,detected_misfiled,52,104
vanilla,461,easy,1811161,142.72953730873502,,found,94,94
vanilla,270,collision,1813277,153.82912647360828,-14.0,detected_misfiled,87,189
vanilla,244,collision,1814291,131.06359990608308,10.0,detected_misfiled,78,75
vanilla,186,pair,1814536,111.2814603321599,,not_detected,-1,104
vanilla,205,pair,1814761,148.5639987823169,,detected_misfiled,107,106
vanilla,292,collision,1815615,155.38605642598742,8.0,found,174,174
vanilla,270,collision,1817721,115.99183366030954,-19.0,found,189,189
vanilla,440,easy,1818061,252.19182225430774,,found,85,85
vanilla,134,pair,1819336,177.4541226547782,,found,135,135
vanilla,390,noisy_channel,1821436,227.95027470166468,,found,23,23
vanilla,186,pair,1821586,111.48744864835776,,detected_misfiled,147,104
vanilla,390,noisy_channel,1821961,320.2468935033407,,found,23,23
vanilla,371,noisy_channel,1822111,148.38079806797123,,found,118,118
vanilla,371,noisy_channel,1822261,112.45140811565788,,found,118,118
vanilla,205,pair,1823086,172.07412949652104,,found,106,106
vanilla,371,noisy_channel,1824811,131.46183244814512,,found,118,118
vanilla,270,collision,1826055,112.42164051535414,-23.0,found,189,189
vanilla,413,easy,1827586,224.64232413341858,,found,53,53
vanilla,413,easy,1829761,147.126800100082,,found,53,53
vanilla,292,collision,1832987,185.09945953175458,23.0,detected_misfiled,50,174
vanilla,205,pair,1834636,157.70853690901686,,found,106,106
vanilla,390,noisy_channel,1835311,291.78077664445084,,found,23,23
vanilla,390,noisy_channel,1835911,233.58730442373079,,found,23,23
vanilla,270,collision,1836119,126.54005837961407,-20.0,detected_misfiled,199,189
vanilla,328,noisy_channel,1836361,155.52786914827806,,found,42,42
vanilla,163,pair,1838461,134.04054619813851,,detected_misfiled,186,134
vanilla,328,noisy_channel,1840936,177.91863697841637,,found,42,42
vanilla,134,pair,1841761,137.7103954453774,,found,135,135
vanilla,371,noisy_channel,1844011,194.69250968990656,,found,118,118
vanilla,134,pair,1845061,127.65061248459713,,found,135,135
vanilla,440,easy,1848811,240.44776487836623,,found,85,85
vanilla,390,noisy_channel,1849336,214.2248509452702,,found,23,23
vanilla,413,easy,1849561,226.7303827215899,,found,53,53
vanilla,461,easy,1850161,164.23058266292617,,detected_misfiled,197,94
vanilla,292,collision,1850406,118.28902047775892,11.0,found,174,174
vanilla,413,easy,1851361,162.28948915055247,,found,53,53
vanilla,163,pair,1851736,93.25700893654522,,not_detected,-1,134
vanilla,328,noisy_channel,1853761,127.1161033523591,,found,42,42
vanilla,244,collision,1854540,114.5152309089907,18.0,found,75,75
vanilla,292,collision,1857522,119.29302414827359,-20.0,found,174,174
vanilla,371,noisy_channel,1858636,103.2398127426957,,detected_misfiled,41,118
vanilla,270,collision,1858799,147.81329522147166,8.0,found,189,189
vanilla,270,collision,1859332,136.783630734611,22.0,detected_misfiled,32,189
vanilla,292,collision,1859505,150.95627603276296,-6.0,detected_misfiled,28,174
vanilla,292,collision,1859999,127.47609764452879,-4.0,found,174,174
vanilla,270,collision,1860717,96.33773926508036,-7.0,found,189,189
vanilla,244,collision,1861576,149.25505775109133,-9.0,detected_misfiled,78,75
vanilla,270,collision,1863465,91.40678915161305,-13.0,found,189,189
vanilla,163,pair,1863736,107.5243713358106,,detected_misfiled,18,134
vanilla,292,collision,1865294,90.1500767004662,-4.0,found,174,174
vanilla,390,noisy_channel,1865911,204.37502042622117,,found,23,23
vanilla,163,pair,1866286,110.68218511921265,,detected_misfiled,138,134
vanilla,134,pair,1866886,108.50048938004045,,found,135,135
vanilla,134,pair,1867186,129.81791218164983,,found,135,135
vanilla,371,noisy_channel,1868386,122.17714746742811,,found,118,118
vanilla,371,noisy_channel,1868761,115.4422590285842,,not_detected,-1,118
vanilla,292,collision,1869173,138.45631439446794,19.0,found,174,174
vanilla,205,pair,1873261,154.8641862864422,,found,106,106
vanilla,461,easy,1873561,172.93266891783412,,found,94,94
vanilla,413,easy,1876786,178.9844853922079,,found,53,53
vanilla,186,pair,1877761,123.07036690287185,,detected_misfiled,120,104
vanilla,328,noisy_channel,1879711,131.0835430837838,,detected_misfiled,23,42
vanilla,371,noisy_channel,1879936,97.3299037007695,,found,118,118
vanilla,440,easy,1880236,233.82605712011252,,found,85,85
vanilla,292,collision,1880597,116.97832984738518,9.0,found,174,174
vanilla,270,collision,1881088,143.98036557224566,8.0,found,189,189
vanilla,390,noisy_channel,1883311,185.48629158539939,,found,23,23
vanilla,371,noisy_channel,1884436,151.2795145594332,,found,118,118
vanilla,328,noisy_channel,1884961,84.56028667415421,,found,42,42
vanilla,186,pair,1886236,118.59236454843361,,detected_misfiled,68,104
vanilla,205,pair,1886386,140.9431927347713,,found,106,106
vanilla,205,pair,1886611,132.94436246187638,,found,106,106
vanilla,390,noisy_channel,1886761,222.0086532231274,,found,23,23
vanilla,186,pair,1886911,111.24889360243543,,not_detected,-1,104
vanilla,163,pair,1887961,99.17645694682085,,detected_misfiled,9,134
vanilla,371,noisy_channel,1888636,97.32919753019763,,found,118,118
vanilla,328,noisy_channel,1889536,161.37302799858242,,found,42,42
vanilla,328,noisy_channel,1889686,150.36046364970525,,found,42,42
vanilla,328,noisy_channel,1890436,96.97748687619145,,found,42,42
vanilla,270,collision,1892387,98.44089794799979,7.0,found,189,189
vanilla,163,pair,1893586,86.67116246178637,,detected_misfiled,124,134
vanilla,413,easy,1894561,159.5699155126227,,found,53,53
vanilla,163,pair,1896286,111.47127225452391,,found,134,134
vanilla,134,pair,1896661,136.65294347629342,,found,135,135
vanilla,328,noisy_channel,1897336,113.12552918967582,,found,42,42
vanilla,134,pair,1898911,133.2612560108952,,found,135,135
vanilla,328,noisy_channel,1899361,131.84700678304887,,found,42,42
vanilla,270,collision,1900843,115.68178419146852,-13.0,found,189,189
vanilla,270,collision,1902238,101.93962709754496,22.0,found,189,189
vanilla,328,noisy_channel,1903336,137.8009548078942,,found,42,42
vanilla,390,noisy_channel,1903786,317.6418706272787,,found,23,23
vanilla,134,pair,1904161,131.36027989705002,,found,135,135
vanilla,205,pair,1906186,140.9753285722668,,found,106,106
vanilla,461,easy,1907761,232.50182566298176,,found,94,94
vanilla,134,pair,1908211,182.5182188419414,,found,135,135
vanilla,461,easy,1910086,145.48609432040664,,found,94,94
vanilla,186,pair,1911061,109.80426499091053,,detected_misfiled,155,104
vanilla,328,noisy_channel,1911661,180.36603989467645,,detected_misfiled,153,42
vanilla,134,pair,1911961,102.52635549005424,,found,135,135
vanilla,163,pair,1912936,94.75849421094388,,not_detected,-1,134
vanilla,205,pair,1913161,171.28091334969605,,found,106,106
vanilla,440,easy,1917286,244.88936487339362,,found,85,85
vanilla,134,pair,1918561,134.48175678490048,,found,135,135
vanilla,205,pair,1919986,194.3797423358098,,found,106,106
vanilla,292,collision,1920475,119.60519481911474,-15.0,found,174,174
vanilla,270,collision,1921095,85.9895816838715,23.0,detected_misfiled,47,189
vanilla,163,pair,1921636,118.396498704952,,found,134,134
vanilla,205,pair,1922011,130.4470820408387,,found,106,106
vanilla,270,collision,1922683,91.641610376032,20.0,found,189,189
vanilla,186,pair,1923436,85.47682161882028,,detected_misfiled,97,104
vanilla,328,noisy_channel,1923886,163.2977155858931,,found,42,42
vanilla,440,easy,1924561,265.4216160656032,,detected_misfiled,65,85
vanilla,292,collision,1925941,125.07834198699526,-7.0,found,174,174
vanilla,205,pair,1926211,129.4500088422731,,found,106,106
vanilla,205,pair,1926586,136.110973927506,,found,106,106
vanilla,390,noisy_channel,1926736,247.16489612346805,,found,23,23
vanilla,270,collision,1927074,156.65601781820274,-23.0,found,189,189
vanilla,163,pair,1927936,133.48499713977802,,detected_misfiled,147,134
vanilla,205,pair,1928686,180.63064085281113,,found,106,106
vanilla,292,collision,1929134,112.06830108424893,-13.0,found,174,174
vanilla,413,easy,1929511,216.78598185454575,,found,53,53
vanilla,440,easy,1930561,266.06448548428625,,found,85,85
vanilla,163,pair,1931086,159.15877748132385,,not_detected,-1,134
vanilla,186,pair,1931686,100.65795452754561,,detected_misfiled,106,104
vanilla,292,collision,1932853,105.99556147177475,12.0,found,174,174
vanilla,270,collision,1934854,75.7703249609298,9.0,found,189,189
vanilla,205,pair,1935061,176.95630199827661,,found,106,106
vanilla,292,collision,1935236,146.05143360048783,-5.0,found,174,174
vanilla,292,collision,1937700,190.502248054051,-8.0,found,174,174
vanilla,270,collision,1940026,128.41390090595877,-22.0,detected_misfiled,129,189
vanilla,292,collision,1940750,162.44103638604594,22.0,found,174,174
vanilla,134,pair,1941211,153.10303743267056,,found,135,135
vanilla,440,easy,1941661,184.2596378905626,,found,85,85
vanilla,461,easy,1942111,196.8801514018629,,found,94,94
vanilla,186,pair,1944436,119.65564196719984,,detected_misfiled,47,104
vanilla,292,collision,1945076,124.82254531557643,13.0,found,174,174
vanilla,244,collision,1945500,153.92252849693796,16.0,found,75,75
vanilla,205,pair,1947361,171.10426061586384,,found,106,106
vanilla,461,easy,1948411,158.88782455548338,,detected_misfiled,34,94
vanilla,371,noisy_channel,1949011,114.21649096958777,,found,118,118
vanilla,390,noisy_channel,1950361,219.1902969152908,,found,23,23
vanilla,163,pair,1950586,92.6631005399406,,detected_misfiled,138,134
vanilla,440,easy,1950736,203.58403280699451,,found,85,85
vanilla,270,collision,1951652,100.47271232848576,23.0,found,189,189
vanilla,371,noisy_channel,1952236,115.2724686850311,,detected_misfiled,57,118
vanilla,163,pair,1953061,132.59660987115333,,found,134,134
vanilla,371,noisy_channel,1953436,107.11307320952778,,found,118,118
vanilla,292,collision,1953797,142.04056760571132,6.0,found,174,174
vanilla,292,collision,1954443,88.77697946108215,14.0,found,174,174
vanilla,371,noisy_channel,1954861,128.94480318529025,,detected_misfiled,181,118
vanilla,134,pair,1955086,114.05480287822277,,found,135,135
vanilla,440,easy,1956436,249.67523540107697,,found,85,85
vanilla,270,collision,1958595,147.2466198379824,13.0,found,189,189
vanilla,244,collision,1958848,125.2782116996371,-4.0,detected_misfiled,147,75
vanilla,440,easy,1960786,302.49280957398116,,found,85,85
vanilla,371,noisy_channel,1961386,165.44907670286923,,found,118,118
vanilla,163,pair,1964086,96.8837092333714,,detected_misfiled,157,134
vanilla,292,collision,1965101,132.86843361957847,8.0,found,174,174
vanilla,244,collision,1966279,217.90337361419915,-10.0,found,75,75
vanilla,270,collision,1966874,122.25516763940723,5.0,found,189,189
vanilla,270,collision,1967888,153.2874595819792,-6.0,found,189,189
vanilla,413,easy,1968736,230.20737194638107,,found,53,53
vanilla,390,noisy_channel,1970011,206.27823302034108,,found,23,23
vanilla,244,collision,1971185,172.34066308934501,21.0,detected_misfiled,48,75
vanilla,270,collision,1972553,114.09438675865997,-10.0,found,189,189
vanilla,186,pair,1973311,90.3467324420416,,detected_misfiled,105,104
vanilla,186,pair,1973611,96.8223239183259,,found,104,104
vanilla,413,easy,1973986,207.418193846216,,found,53,53
vanilla,292,collision,1974913,139.40126491008826,9.0,found,174,174
vanilla,292,collision,1975492,143.4489929045806,4.0,found,174,174
vanilla,413,easy,1976011,165.92926085224292,,found,53,53
vanilla,328,noisy_channel,1977286,128.72526688126075,,detected_misfiled,28,42
vanilla,413,easy,1982086,205.95659105183617,,found,53,53
vanilla,270,collision,1984022,115.30606093411666,-6.0,detected_misfiled,147,189
vanilla,371,noisy_channel,1984186,149.78186667384688,,found,118,118
vanilla,328,noisy_channel,1985761,103.62961032207338,,detected_misfiled,113,42
vanilla,440,easy,1985911,288.03101208304935,,found,85,85
vanilla,270,collision,1986326,158.8168618129165,-24.0,found,189,189
vanilla,371,noisy_channel,1987636,127.14259659078476,,found,118,118
vanilla,244,collision,1988002,187.30746710035532,-24.0,found,75,75
vanilla,371,noisy_channel,1988611,122.73405078551409,,detected_misfiled,160,118
vanilla,134,pair,1988761,107.68201481429475,,found,135,135
vanilla,205,pair,1989136,157.03397403259427,,found,106,106
vanilla,371,noisy_channel,1989511,264.50003734911155,,found,118,118
vanilla,270,collision,1990214,120.31863391908362,16.0,found,189,189
vanilla,270,collision,1990991,153.04083957783476,19.0,found,189,189
vanilla,413,easy,1992361,243.04439861626116,,found,53,53
vanilla,371,noisy_channel,1993486,187.77544695408523,,detected_misfiled,120,118
vanilla,244,collision,1993867,130.57580969880783,-10.0,detected_misfiled,2,75
vanilla,163,pair,1995136,158.17695515177263,,detected_misfiled,26,134
vanilla,134,pair,1995886,146.17909613318415,,found,135,135
vanilla,134,pair,1997911,114.16075761165192,,detected_misfiled,35,135
vanilla,461,easy,1998211,181.87856893036144,,found,94,94
vanilla,461,easy,1998736,154.75277071902588,,found,94,94
vanilla,461,easy,1998886,142.21304797843538,,found,94,94
vanilla,244,collision,1999442,250.51448850160818,4.0,detected_misfiled,24,75
vanilla,270,collision,2000809,134.6882431911758,5.0,found,189,189
vanilla,163,pair,2001136,182.94379226685098,,detected_misfiled,138,134
vanilla,186,pair,2002111,113.77869373969921,,detected_misfiled,124,104
vanilla,244,collision,2004523,151.11477033181185,24.0,detected_misfiled,98,75
vanilla,390,noisy_channel,2004736,226.08531063601623,,found,23,23
vanilla,390,noisy_channel,2004886,233.9130909532215,,found,23,23
vanilla,205,pair,2005486,245.15052624650482,,detected_misfiled,103,106
vanilla,461,easy,2006311,157.2500795958032,,found,94,94
vanilla,186,pair,2007061,119.31869658864198,,detected_misfiled,197,104
vanilla,390,noisy_channel,2007436,241.06923121617038,,found,23,23
vanilla,413,easy,2007661,139.10561969613775,,found,53,53
vanilla,244,collision,2009403,142.06198177548274,-19.0,detected_misfiled,36,75
vanilla,270,collision,2009788,126.84525073550591,-16.0,found,189,189
vanilla,390,noisy_channel,2010361,238.86455460967392,,found,23,23
vanilla,390,noisy_channel,2013361,198.01103289249068,,found,23,23
vanilla,390,noisy_channel,2014336,151.94758714597452,,found,23,23
vanilla,390,noisy_channel,2017861,223.24660573658247,,found,23,23
vanilla,163,pair,2019586,114.95434264296739,,not_detected,-1,134
vanilla,244,collision,2020662,148.69973636690835,-24.0,found,75,75
vanilla,270,collision,2020934,166.60646180645173,-22.0,found,189,189
vanilla,371,noisy_channel,2021461,163.039825169291,,found,118,118
vanilla,440,easy,2021836,230.4163251388271,,found,85,85
vanilla,413,easy,2023636,197.02690584408185,,found,53,53
vanilla,413,easy,2025586,259.50896826289977,,found,53,53
vanilla,390,noisy_channel,2025811,244.5361614005331,,found,23,23
vanilla,292,collision,2026248,132.674872278338,-8.0,found,174,174
vanilla,461,easy,2026486,154.18559113095037,,detected_misfiled,89,94
vanilla,461,easy,2026636,146.81696796127238,,detected_misfiled,158,94
vanilla,390,noisy_channel,2026936,226.2061494778856,,found,23,23
vanilla,244,collision,2027727,230.38364882630802,-11.0,detected_misfiled,142,75
vanilla,292,collision,2028086,133.09563625132736,-17.0,found,174,174
vanilla,390,noisy_channel,2028661,243.6385818579089,,found,23,23
vanilla,461,easy,2029486,160.46459283680105,,found,94,94
vanilla,440,easy,2030236,258.91296580064625,,found,85,85
vanilla,292,collision,2030462,117.37756610371592,-11.0,found,174,174
vanilla,390,noisy_channel,2031136,219.81925493825582,,found,23,23
vanilla,328,noisy_channel,2032111,179.09234919819045,,found,42,42
vanilla,270,collision,2032262,95.55357821947712,-14.0,found,189,189
vanilla,292,collision,2032940,120.79000281545828,-23.0,found,174,174
vanilla,440,easy,2034211,300.1721060275367,,found,85,85
vanilla,270,collision,2034759,152.68005972115637,12.0,found,189,189
vanilla,461,easy,2035036,166.78310342623823,,found,94,94
vanilla,440,easy,2035636,218.56450427672985,,found,85,85
vanilla,163,pair,2035861,137.61460018386785,,detected_misfiled,167,134
vanilla,413,easy,2036386,241.86376664567263,,found,53,53
vanilla,134,pair,2036686,127.03380879907787,,found,135,135
vanilla,205,pair,2038636,150.53192500402287,,found,106,106
vanilla,371,noisy_channel,2038861,99.1015263041256,,detected_misfiled,197,118
vanilla,390,noisy_channel,2039311,231.1299696784108,,found,23,23
vanilla,371,noisy_channel,2039911,125.31371682316275,,detected_misfiled,165,118
vanilla,390,noisy_channel,2042611,179.8641477578683,,found,23,23
vanilla,440,easy,2042761,254.58896405973377,,found,85,85
vanilla,328,noisy_channel,2043211,150.36705861405892,,found,42,42
vanilla,371,noisy_channel,2043961,94.54954720661947,,found,118,118
vanilla,186,pair,2044336,77.51187070060826,,detected_misfiled,47,104
vanilla,328,noisy_channel,2045461,115.025754993368,,found,42,42
vanilla,371,noisy_channel,2046211,119.9620617716543,,found,118,118
vanilla,440,easy,2047411,228.72676734218055,,found,85,85
vanilla,461,easy,2047636,196.3651125302509,,found,94,94
vanilla,461,easy,2047936,188.0307407223189,,found,94,94
vanilla,390,noisy_channel,2049961,232.01867839454934,,found,23,23
vanilla,292,collision,2050704,145.0289944253152,4.0,found,174,174
vanilla,413,easy,2051011,215.65049468047886,,found,53,53
vanilla,390,noisy_channel,2051236,259.23034144048904,,found,23,23
vanilla,413,easy,2051461,177.95309199334042,,found,53,53
vanilla,270,collision,2052803,119.37135754677485,24.0,found,189,189
vanilla,186,pair,2053636,101.59436140961725,,detected_misfiled,106,104
vanilla,413,easy,2056261,226.7643530664668,,found,53,53
vanilla,205,pair,2056411,143.03433219062123,,found,106,106
vanilla,163,pair,2059261,136.37923335287405,,detected_misfiled,152,134
vanilla,413,easy,2059486,156.69205391940358,,found,53,53
vanilla,270,collision,2060309,158.33000493185685,-7.0,found,189,189
vanilla,134,pair,2062036,147.75013739523285,,found,135,135
vanilla,461,easy,2063011,192.28749548808187,,found,94,94
vanilla,186,pair,2064961,111.36937592244041,,detected_misfiled,31,104
vanilla,390,noisy_channel,2065411,208.14339397002615,,found,23,23
vanilla,205,pair,2066311,133.31798747070846,,found,106,106
vanilla,440,easy,2068561,242.1097811914231,,found,85,85
vanilla,440,easy,2071336,259.1974243474739,,found,85,85
vanilla,244,collision,2073352,122.1706321408813,-23.0,detected_misfiled,89,75
vanilla,328,noisy_channel,2074486,156.22843697858423,,found,42,42
vanilla,270,collision,2074640,123.10146694352994,-20.0,found,189,189
vanilla,205,pair,2074936,170.4039739365476,,found,106,106
vanilla,292,collision,2077256,160.4074697988906,24.0,found,174,174
vanilla,390,noisy_channel,2077936,294.76409739945666,,found,23,23
vanilla,413,easy,2079286,164.11553893231093,,found,53,53
vanilla,413,easy,2079586,202.90059714366606,,found,53,53
vanilla,371,noisy_channel,2079811,107.60366101493572,,found,118,118
vanilla,440,easy,2081986,304.19676762142205,,found,85,85
vanilla,163,pair,2090761,203.4208558203706,,detected_misfiled,3,134
vanilla,244,collision,2091299,106.81032539285313,16.0,detected_misfiled,55,75
vanilla,205,pair,2091586,127.9645144512071,,found,106,106
vanilla,134,pair,2091961,128.05963270879516,,found,135,135
vanilla,440,easy,2092561,265.12230253906733,,found,85,85
vanilla,461,easy,2094736,153.5820816987723,,found,94,94
vanilla,205,pair,2095561,210.7759243911687,,found,106,106
vanilla,163,pair,2097811,105.76137283103606,,detected_misfiled,50,134
vanilla,205,pair,2097961,188.82171326117125,,found,106,106
vanilla,244,collision,2098489,128.77021456746854,6.0,detected_misfiled,4,75
vanilla,461,easy,2100436,195.57936702683702,,found,94,94
vanilla,328,noisy_channel,2101411,177.71049962384126,,detected_misfiled,138,42
vanilla,390,noisy_channel,2101561,267.66516927601066,,found,23,23
vanilla,186,pair,2101786,100.03733431007103,,detected_misfiled,28,104
vanilla,371,noisy_channel,2102236,118.27371779058205,,found,118,118
vanilla,134,pair,2102386,173.6993775930444,,found,135,135
vanilla,244,collision,2103548,156.50114322419125,-18.0,detected_misfiled,116,75
vanilla,134,pair,2106586,137.90754170641176,,found,135,135
vanilla,328,noisy_channel,2107111,157.1923369821865,,found,42,42
vanilla,292,collision,2108745,104.80484539974108,-19.0,found,174,174
vanilla,461,easy,2109511,204.920881757556,,found,94,94
vanilla,413,easy,2110036,177.99913821279029,,found,53,53
vanilla,390,noisy_channel,2110711,221.66433277468872,,found,23,23
vanilla,413,easy,2111761,215.97729210635032,,found,53,53
vanilla,163,pair,2112661,105.87424466154071,,detected_misfiled,22,134
vanilla,134,pair,2112811,179.02569857874454,,found,135,135
vanilla,244,collision,2114090,132.1567321079628,22.0,detected_misfiled,79,75
vanilla,371,noisy_channel,2114986,220.39445961453052,,found,118,118
vanilla,163,pair,2116036,113.50185254326816,,detected_misfiled,28,134
vanilla,270,collision,2116235,105.50158873695774,4.0,found,189,189
vanilla,440,easy,2116936,126.60961029638861,,found,85,85
vanilla,244,collision,2117574,174.47861926516413,17.0,found,75,75
vanilla,390,noisy_channel,2118661,247.25891003525146,,found,23,23
vanilla,163,pair,2119786,114.22360589890243,,detected_misfiled,137,134
vanilla,205,pair,2120461,118.19155547583478,,found,106,106
vanilla,134,pair,2121061,140.05300552298078,,found,135,135
vanilla,371,noisy_channel,2122561,165.54474295848033,,found,118,118
vanilla,270,collision,2123719,87.40442863255208,10.0,found,189,189
vanilla,163,pair,2126011,112.86604860432438,,detected_misfiled,90,134
vanilla,328,noisy_channel,2126461,146.7874358212726,,found,42,42
vanilla,292,collision,2128338,142.31894538512105,-21.0,found,174,174
vanilla,244,collision,2130600,151.1614601403846,4.0,detected_misfiled,18,75
vanilla,390,noisy_channel,2130961,228.37718165255023,,found,23,23
vanilla,134,pair,2131261,127.49529595378377,,found,135,135
vanilla,186,pair,2133436,121.79763728979005,,found,104,104
vanilla,390,noisy_channel,2134111,224.3943379801932,,found,23,23
vanilla,186,pair,2134261,77.29406718604596,,not_detected,-1,104
vanilla,440,easy,2136886,331.7926487042178,,found,85,85
vanilla,390,noisy_channel,2138236,250.58040167691098,,found,23,23
vanilla,371,noisy_channel,2140336,158.36499190179882,,found,118,118
vanilla,205,pair,2141986,150.9891220571334,,found,106,106
vanilla,134,pair,2146636,116.80829279677906,,found,135,135
vanilla,134,pair,2146786,138.74078477075932,,found,135,135
vanilla,292,collision,2147009,108.39062638681463,-14.0,found,174,174
vanilla,461,easy,2147686,178.458131877696,,found,94,94
vanilla,186,pair,2148211,91.7333331769984,,found,104,104
vanilla,328,noisy_channel,2149711,108.87069864483948,,found,42,42
vanilla,163,pair,2149936,119.57693953576177,,detected_misfiled,28,134
vanilla,244,collision,2151028,139.78912700280014,16.0,not_detected,-1,75
vanilla,134,pair,2152786,104.48134032451091,,found,135,135
vanilla,413,easy,2153161,180.78869450219878,,found,53,53
vanilla,440,easy,2153761,259.5226598212156,,found,85,85
vanilla,413,easy,2154886,215.30051206705087,,found,53,53
vanilla,292,collision,2156845,211.22879005909112,-13.0,found,174,174
vanilla,270,collision,2157071,104.49683631469514,-15.0,found,189,189
vanilla,413,easy,2158036,184.81558664147002,,found,53,53
vanilla,413,easy,2158261,177.85100379718614,,found,53,53
vanilla,390,noisy_channel,2158411,260.4379640850709,,found,23,23
vanilla,413,easy,2159761,203.2371347584376,,found,53,53
vanilla,371,noisy_channel,2161111,142.81983582481192,,found,118,118
vanilla,205,pair,2163511,138.70046719935164,,found,106,106
vanilla,270,collision,2164561,94.54309203234531,13.0,found,189,189
vanilla,292,collision,2165622,167.04739373541344,-11.0,found,174,174
vanilla,163,pair,2167036,117.32373269662764,,detected_misfiled,194,134
vanilla,461,easy,2167936,124.633384939043,,found,94,94
vanilla,163,pair,2168461,118.31822438749099,,found,134,134
vanilla,205,pair,2168611,168.4874990829813,,found,106,106
vanilla,413,easy,2169061,253.68666497043841,,found,53,53
vanilla,461,easy,2170111,156.60591869003795,,found,94,94
vanilla,413,easy,2171011,170.20943952177697,,found,53,53
vanilla,244,collision,2172381,210.68719239417118,22.0,detected_misfiled,81,75
vanilla,205,pair,2173111,102.68909941982378,,detected_misfiled,43,106
vanilla,205,pair,2174311,122.3786412160407,,found,106,106
vanilla,292,collision,2174804,133.86663564590845,-17.0,found,174,174
vanilla,270,collision,2174970,126.47454375068386,10.0,found,189,189
vanilla,328,noisy_channel,2175961,134.15233095166926,,detected_misfiled,7,42
vanilla,163,pair,2176111,151.8233697602663,,not_detected,-1,134
vanilla,461,easy,2176636,152.54727542430163,,found,94,94
vanilla,371,noisy_channel,2179111,144.95247798524483,,found,118,118
vanilla,461,easy,2179336,190.15335140971192,,found,94,94
vanilla,461,easy,2182411,141.10636078804592,,found,94,94
vanilla,371,noisy_channel,2184811,116.84555040575455,,found,118,118
vanilla,440,easy,2184961,256.68913266647326,,found,85,85
vanilla,205,pair,2185111,118.28673422067894,,found,106,106
vanilla,163,pair,2185261,137.9584660417601,,not_detected,-1,134
vanilla,390,noisy_channel,2186386,282.2956835580585,,found,23,23
vanilla,440,easy,2187886,280.98052119960425,,found,85,85
vanilla,270,collision,2190151,134.09562241456433,-5.0,found,189,189
vanilla,413,easy,2191036,216.54151597029522,,found,53,53
vanilla,244,collision,2194530,223.36148455693763,-13.0,detected_misfiled,87,75
vanilla,270,collision,2195202,120.09857661993468,13.0,found,189,189
vanilla,461,easy,2195386,201.53468863868133,,found,94,94
vanilla,461,easy,2196211,194.55856752783188,,found,94,94
vanilla,163,pair,2197411,109.30511384070641,,not_detected,-1,134
vanilla,390,noisy_channel,2197561,221.26225457345612,,found,23,23
vanilla,163,pair,2197711,125.13088926566222,,detected_misfiled,107,134
vanilla,440,easy,2199361,229.3783647867353,,found,85,85
vanilla,371,noisy_channel,2200486,104.77734537032983,,not_detected,-1,118
vanilla,134,pair,2201986,135.9621778657508,,found,135,135
vanilla,244,collision,2202359,190.87726955779357,5.0,detected_misfiled,103,75
vanilla,163,pair,2203711,140.97332938283157,,detected_misfiled,160,134
vanilla,292,collision,2203937,118.33796959079189,-7.0,found,174,174
vanilla,244,collision,2204507,201.03106149223407,11.0,found,75,75
vanilla,371,noisy_channel,2206111,123.1996125750455,,detected_misfiled,2,118
vanilla,440,easy,2206411,366.63403039260095,,found,85,85
vanilla,390,noisy_channel,2206936,264.2860813625074,,found,23,23
vanilla,270,collision,2209569,116.64781719953473,-11.0,found,189,189
vanilla,244,collision,2210047,163.76491070523844,-21.0,detected_misfiled,77,75
vanilla,461,easy,2210611,171.37337616703007,,found,94,94
vanilla,270,collision,2211145,121.19551947358408,11.0,found,189,189
vanilla,134,pair,2212861,157.3481051845461,,found,135,135
vanilla,186,pair,2215486,102.9107459830621,,found,104,104
vanilla,328,noisy_channel,2215861,119.37793675882202,,found,42,42
vanilla,440,easy,2217136,259.9247919422903,,found,85,85
vanilla,371,noisy_channel,2217286,127.465336622152,,found,118,118
vanilla,440,easy,2218186,276.4530359175228,,detected_misfiled,122,85
vanilla,163,pair,2218786,116.65499916700679,,detected_misfiled,47,134
vanilla,186,pair,2219236,117.37546021018153,,detected_misfiled,202,104
vanilla,461,easy,2219911,152.88924475397206,,found,94,94
vanilla,390,noisy_channel,2220961,283.87970899489176,,found,23,23
vanilla,292,collision,2222575,151.5005377054889,19.0,found,174,174
vanilla,292,collision,2222782,132.96499091168687,15.0,found,174,174
vanilla,413,easy,2224336,214.3376061906915,,found,53,53
vanilla,371,noisy_channel,2224486,124.78202834191526,,not_detected,-1,118
vanilla,440,easy,2226061,246.16140858631385,,found,85,85
vanilla,292,collision,2227156,134.04295385510306,4.0,detected_misfiled,173,174
vanilla,413,easy,2228236,128.08984931166563,,found,53,53
vanilla,390,noisy_channel,2228836,236.52257560953592,,found,23,23
vanilla,163,pair,2229511,99.85999253261349,,not_detected,-1,134
vanilla,205,pair,2231761,139.10971151912466,,found,106,106
vanilla,270,collision,2232436,95.8800128733692,-14.0,found,189,189
vanilla,413,easy,2234686,162.66137389882493,,found,53,53
vanilla,292,collision,2234973,109.786064801913,19.0,found,174,174
vanilla,270,collision,2235364,128.10436060279588,5.0,found,189,189
vanilla,270,collision,2236013,102.49573768454647,-9.0,found,189,189
vanilla,440,easy,2239036,199.95774259060101,,found,85,85
vanilla,163,pair,2239411,162.66276514746988,,detected_misfiled,137,134
vanilla,163,pair,2239786,131.72502820835746,,detected_misfiled,62,134
vanilla,292,collision,2240245,104.8561697612625,-13.0,found,174,174
vanilla,270,collision,2242475,133.81605218801744,-5.0,detected_misfiled,47,189
vanilla,390,noisy_channel,2244661,286.15503473003247,,found,23,23
vanilla,292,collision,2246388,249.5651737160789,-13.0,found,174,174
vanilla,413,easy,2246611,161.30047759828727,,found,53,53
vanilla,270,collision,2247050,166.2103151181359,-20.0,found,189,189
vanilla,292,collision,2247300,149.37111341807054,6.0,found,174,174
vanilla,413,easy,2247886,175.55278155906734,,detected_misfiled,47,53
vanilla,270,collision,2249110,232.0377807987963,-20.0,detected_misfiled,23,189
vanilla,163,pair,2249611,136.24914677251934,,detected_misfiled,70,134
vanilla,413,easy,2250736,239.11017221279036,,found,53,53
vanilla,413,easy,2251486,260.4941825205965,,found,53,53
vanilla,292,collision,2252269,129.74815742368654,-6.0,found,174,174
vanilla,270,collision,2252420,129.47134239976526,19.0,found,189,189
vanilla,390,noisy_channel,2252686,223.60265111024748,,found,23,23
vanilla,244,collision,2254096,202.36731458577862,24.0,detected_misfiled,169,75
vanilla,270,collision,2254292,153.18293961319551,13.0,found,189,189
vanilla,390,noisy_channel,2254486,240.8862850761748,,found,23,23
vanilla,371,noisy_channel,2255836,247.25818276017674,,found,118,118
vanilla,413,easy,2257711,195.92650764613535,,found,53,53
vanilla,390,noisy_channel,2258386,229.09895522384488,,found,23,23
vanilla,440,easy,2260261,246.11187273018902,,found,85,85
vanilla,328,noisy_channel,2265211,105.82190472740461,,not_detected,-1,42
vanilla,328,noisy_channel,2267161,125.99402992505462,,found,42,42
vanilla,134,pair,2268211,118.16783508527627,,found,135,135
vanilla,163,pair,2268886,102.64337579290441,,not_detected,-1,134
vanilla,328,noisy_channel,2269861,138.1862447813823,,found,42,42
vanilla,292,collision,2273058,119.99662268783322,15.0,found,174,174
vanilla,292,collision,2273331,194.3476188843839,19.0,found,174,174
vanilla,390,noisy_channel,2273836,204.92378529650924,,found,23,23
vanilla,270,collision,2275600,185.4885759226883,5.0,found,189,189
vanilla,461,easy,2275861,186.4183872071086,,detected_misfiled,102,94
vanilla,461,easy,2276011,165.56708078903077,,found,94,94
vanilla,390,noisy_channel,2276836,265.19790628715236,,found,23,23
vanilla,244,collision,2277087,176.9427840337229,15.0,found,75,75
vanilla,163,pair,2277586,147.65628289474967,,not_detected,-1,134
vanilla,413,easy,2279086,197.74200588175987,,found,53,53
vanilla,390,noisy_channel,2279911,282.57195395442477,,found,23,23
vanilla,186,pair,2280961,78.15078435208062,,detected_misfiled,39,104
vanilla,371,noisy_channel,2283661,113.49566019724521,,not_detected,-1,118
vanilla,244,collision,2285515,209.88860070387193,4.0,detected_misfiled,81,75
vanilla,205,pair,2285986,133.67018545424816,,found,106,106
vanilla,134,pair,2286661,86.59552195629468,,found,135,135
vanilla,371,noisy_channel,2288386,136.29222618505094,,found,118,118
vanilla,163,pair,2288911,107.89161670891184,,found,134,134
vanilla,371,noisy_channel,2291461,151.73145340147633,,found,118,118
vanilla,413,easy,2291986,205.7050713429045,,found,53,53
vanilla,163,pair,2292136,119.12135489809779,,not_detected,-1,134
vanilla,461,easy,2292661,169.76245440500043,,found,94,94
vanilla,244,collision,2293567,172.08417779734023,7.0,found,75,75
vanilla,328,noisy_channel,2294461,115.59213354088607,,detected_misfiled,100,42
vanilla,413,easy,2296111,230.18378917872855,,found,53,53
vanilla,328,noisy_channel,2297161,209.13013880673958,,found,42,42
vanilla,134,pair,2297761,179.2933349252054,,found,135,135
vanilla,461,easy,2298511,159.41661264536296,,found,94,94
vanilla,371,noisy_channel,2300761,102.99640497785785,,found,118,118
vanilla,413,easy,2301811,178.49552623362916,,found,53,53
vanilla,413,easy,2301961,138.77737106225555,,found,53,53
vanilla,461,easy,2302561,174.70889129295512,,found,94,94
vanilla,292,collision,2303086,193.64149089303328,8.0,found,174,174
vanilla,390,noisy_channel,2304361,254.78664669323092,,found,23,23
vanilla,413,easy,2305186,225.10003464891918,,found,53,53
vanilla,205,pair,2306686,155.02916346597203,,detected_misfiled,200,106
vanilla,270,collision,2309031,116.63014135738126,-22.0,found,189,189
vanilla,205,pair,2309686,156.9587659105811,,found,106,106
vanilla,292,collision,2310013,110.09119581517025,7.0,found,174,174
vanilla,390,noisy_channel,2310886,261.8032530658341,,detected_misfiled,17,23
vanilla,371,noisy_channel,2311036,106.58138439861992,,found,118,118
vanilla,461,easy,2311561,154.44945623683003,,found,94,94
vanilla,134,pair,2312386,149.65866675096663,,found,135,135
vanilla,413,easy,2312836,130.02414984794876,,found,53,53
vanilla,292,collision,2313299,169.56171554116955,-19.0,found,174,174
vanilla,292,collision,2313816,196.09752312502425,4.0,found,174,174
vanilla,186,pair,2314336,103.43752218570891,,detected_misfiled,28,104
vanilla,413,easy,2314561,160.09741418005493,,found,53,53
vanilla,205,pair,2314861,146.52012479089257,,found,106,106
vanilla,440,easy,2318311,260.8670694208116,,found,85,85
vanilla,244,collision,2319129,146.23488214094874,24.0,not_detected,-1,75
vanilla,186,pair,2319736,138.09747154187886,,detected_misfiled,52,104
vanilla,186,pair,2322661,88.52231031305453,,not_detected,-1,104
vanilla,205,pair,2322811,147.92650662303123,,found,106,106
vanilla,205,pair,2323936,179.03626794664387,,found,106,106
vanilla,292,collision,2325315,92.36600751998105,-10.0,found,174,174
vanilla,134,pair,2326261,98.70094199088477,,found,135,135
vanilla,440,easy,2326786,299.49751589417895,,found,85,85
vanilla,390,noisy_channel,2327461,264.94466353416556,,found,23,23
vanilla,371,noisy_channel,2328286,111.33947372807239,,detected_misfiled,162,118
vanilla,134,pair,2328811,103.7727814300458,,found,135,135
vanilla,134,pair,2328961,124.89576161883991,,found,135,135
vanilla,390,noisy_channel,2329561,266.98322629579883,,detected_misfiled,171,23
vanilla,205,pair,2329786,166.061797467604,,found,106,106
vanilla,328,noisy_channel,2333011,184.18377090940714,,found,42,42
vanilla,186,pair,2333236,92.71220647110009,,detected_misfiled,68,104
vanilla,440,easy,2333686,220.01416244009818,,found,85,85
vanilla,371,noisy_channel,2334136,200.3245802347434,,found,118,118
vanilla,270,collision,2334592,93.37956322580635,-20.0,found,189,189
vanilla,292,collision,2336406,135.66344991968353,13.0,found,174,174
vanilla,292,collision,2337788,114.01913805439989,-16.0,found,174,174
vanilla,461,easy,2337961,186.72046449117295,,found,94,94
vanilla,292,collision,2338937,145.44947976450942,-6.0,found,174,174
vanilla,292,collision,2339724,110.84483637860552,13.0,found,174,174
vanilla,292,collision,2340765,113.27765827399739,21.0,found,174,174
vanilla,371,noisy_channel,2341636,86.28154936017648,,found,118,118
vanilla,371,noisy_channel,2342311,151.32616239834044,,found,118,118
vanilla,186,pair,2342461,155.78600623007773,,detected_misfiled,166,104
vanilla,292,collision,2342986,130.7661132939417,19.0,found,174,174
vanilla,270,collision,2344052,85.52211846326654,-23.0,found,189,189
vanilla,292,collision,2345074,134.34359731056614,6.0,found,174,174
vanilla,390,noisy_channel,2345611,219.83116581417949,,found,23,23
vanilla,292,collision,2346482,130.5167623268162,6.0,found,174,174
vanilla,292,collision,2346648,107.58052456828088,-13.0,found,174,174
vanilla,371,noisy_channel,2346886,103.66036857341524,,found,118,118
vanilla,186,pair,2350186,98.79625655385391,,not_detected,-1,104
vanilla,186,pair,2351236,103.80226601596914,,detected_misfiled,28,104
vanilla,163,pair,2351686,92.2727416493795,,detected_misfiled,137,134
vanilla,328,noisy_channel,2355286,141.56648687697515,,detected_misfiled,28,42
vanilla,390,noisy_channel,2355436,229.4557408239914,,found,23,23
vanilla,134,pair,2357911,164.5367617179636,,found,135,135
vanilla,328,noisy_channel,2358361,107.41246860023108,,found,42,42
vanilla,371,noisy_channel,2359111,163.13044935922863,,found,118,118
vanilla,292,collision,2361166,177.91084927148108,16.0,found,174,174
vanilla,292,collision,2361555,159.07842742678815,23.0,found,174,174
vanilla,292,collision,2361935,152.7798900440008,13.0,detected_misfiled,156,174
vanilla,461,easy,2362561,206.1684819980943,,detected_misfiled,186,94
vanilla,328,noisy_channel,2363986,144.8298442441826,,detected_misfiled,40,42
vanilla,292,collision,2364161,113.65300950285032,20.0,found,174,174
vanilla,390,noisy_channel,2364361,222.3604107624996,,found,23,23
vanilla,292,collision,2364961,132.37346638369826,-9.0,found,174,174
vanilla,270,collision,2365124,160.66671539240699,-19.0,found,189,189
vanilla,440,easy,2365486,307.7017383648963,,found,85,85
vanilla,270,collision,2366041,108.19718383428042,-23.0,detected_misfiled,181,189
vanilla,461,easy,2366236,202.6668177691392,,not_detected,-1,94
vanilla,440,easy,2368711,288.02012505830874,,found,85,85
vanilla,244,collision,2369217,183.55938030759944,12.0,found,75,75
vanilla,413,easy,2369761,195.5300000476254,,found,53,53
vanilla,134,pair,2370586,166.25280647832673,,found,135,135
vanilla,186,pair,2371036,86.8451349274826,,detected_misfiled,28,104
vanilla,440,easy,2371936,215.27737266063252,,found,85,85
vanilla,328,noisy_channel,2372461,113.33168910005794,,not_detected,-1,42
vanilla,134,pair,2373736,108.88215168497533,,detected_misfiled,31,135
vanilla,413,easy,2374186,225.55349061734228,,found,53,53
vanilla,440,easy,2374636,268.7226426666759,,detected_misfiled,88,85
vanilla,186,pair,2375011,107.75848729200057,,detected_misfiled,38,104
vanilla,390,noisy_channel,2375761,302.82918193793057,,found,23,23
vanilla,270,collision,2378066,158.57562535902332,16.0,found,189,189
vanilla,134,pair,2378311,146.2617412816585,,found,135,135
vanilla,270,collision,2378793,113.03566645002807,12.0,found,189,189
vanilla,270,collision,2382103,143.07683055989557,-17.0,found,189,189
vanilla,413,easy,2382961,116.38190634179347,,found,53,53
vanilla,292,collision,2383354,174.3292002714025,11.0,found,174,174
vanilla,440,easy,2383786,219.88110600436954,,found,85,85
vanilla,244,collision,2383940,156.47902941469,-8.0,found,75,75
vanilla,186,pair,2384311,92.33823855844574,,detected_misfiled,20,104
vanilla,163,pair,2384536,107.0216645010519,,detected_misfiled,15,134
vanilla,440,easy,2384761,210.9278404841579,,found,85,85
vanilla,270,collision,2385142,166.03654157636691,-14.0,found,189,189
vanilla,270,collision,2385810,104.36845796805436,-21.0,found,189,189
vanilla,328,noisy_channel,2386261,190.0736984519626,,found,42,42
vanilla,371,noisy_channel,2386636,116.5927725496943,,found,118,118
vanilla,328,noisy_channel,2387611,130.98013356223308,,detected_misfiled,197,42
vanilla,270,collision,2388159,154.32383733371526,10.0,detected_misfiled,25,189
vanilla,413,easy,2389036,214.8578785364749,,found,53,53
vanilla,413,easy,2389336,268.17801866444626,,found,53,53
vanilla,270,collision,2389757,143.5723823485821,-6.0,found,189,189
vanilla,205,pair,2390161,115.15512329650603,,detected_misfiled,186,106
vanilla,440,easy,2391511,227.26783671523873,,detected_misfiled,65,85
vanilla,205,pair,2391661,125.35618640396362,,found,106,106
vanilla,163,pair,2392336,117.06579976271095,,not_detected,-1,134
vanilla,270,collision,2394752,96.13271075499449,4.0,found,189,189
vanilla,244,collision,2395566,224.07690671020748,10.0,detected_misfiled,102,75
vanilla,205,pair,2396086,107.89387849819835,,found,106,106
vanilla,390,noisy_channel,2396386,252.70821276596536,,detected_misfiled,36,23
vanilla,390,noisy_channel,2396686,297.10931626897326,,detected_misfiled,147,23
vanilla,328,noisy_channel,2397286,165.43446023411383,,found,42,42
vanilla,186,pair,2402161,166.06343549002077,,detected_misfiled,43,104
vanilla,244,collision,2403047,151.78862441794132,-18.0,found,75,75
vanilla,186,pair,2403286,117.58488960476512,,detected_misfiled,58,104
vanilla,292,collision,2403485,139.74485672465045,13.0,found,174,174
vanilla,186,pair,2403961,86.94100467114421,,detected_misfiled,32,104
vanilla,205,pair,2404111,149.4757829371531,,found,106,106
vanilla,390,noisy_channel,2404486,176.54462646555788,,found,23,23
vanilla,186,pair,2405011,119.98097910019877,,found,104,104
vanilla,244,collision,2405192,138.8873457304926,19.0,detected_misfiled,187,75
vanilla,461,easy,2405461,160.48740128093527,,found,94,94
vanilla,461,easy,2406961,153.81264703753425,,detected_misfiled,190,94
vanilla,292,collision,2407787,157.15618752620077,-17.0,found,174,174
vanilla,413,easy,2408086,182.13717905775837,,found,53,53
vanilla,205,pair,2409436,165.86551395024244,,found,106,106
vanilla,440,easy,2410186,240.31351946323423,,found,85,85
vanilla,244,collision,2414200,143.45315361297918,-13.0,detected_misfiled,195,75
vanilla,461,easy,2415886,133.46286652557956,,detected_misfiled,17,94
vanilla,205,pair,2416936,122.9617844774861,,found,106,106
vanilla,292,collision,2418462,222.12408165472237,22.0,found,174,174
vanilla,270,collision,2420015,138.55844537799794,8.0,found,189,189
vanilla,461,easy,2420386,170.46407231459818,,found,94,94
vanilla,186,pair,2420611,84.4263676621205,,detected_misfiled,190,104
vanilla,205,pair,2421361,183.05596632804185,,found,106,106
vanilla,186,pair,2421586,89.6935121964219,,not_detected,-1,104
vanilla,440,easy,2422111,171.99135288827915,,found,85,85
vanilla,461,easy,2422486,188.43404484376396,,found,94,94
vanilla,440,easy,2423686,382.60652463325334,,found,85,85
vanilla,205,pair,2424211,128.92524916445424,,found,106,106
vanilla,134,pair,2427136,186.91812091439064,,found,135,135
vanilla,205,pair,2428786,137.92288371708597,,found,106,106
vanilla,328,noisy_channel,2430436,129.25920413350235,,found,42,42
vanilla,440,easy,2430961,263.40047661640256,,found,85,85
vanilla,163,pair,2431111,164.4166666664629,,detected_misfiled,137,134
vanilla,390,noisy_channel,2432986,261.5656505524961,,found,23,23
vanilla,390,noisy_channel,2435911,249.3472865717016,,found,23,23
vanilla,371,noisy_channel,2437261,114.88641243270726,,detected_misfiled,161,118
vanilla,413,easy,2438911,177.13350613178983,,detected_misfiled,151,53
vanilla,390,noisy_channel,2439436,299.7911052120437,,found,23,23
vanilla,163,pair,2440486,97.02629128175313,,detected_misfiled,147,134
vanilla,461,easy,2441086,151.54965191652963,,not_detected,-1,94
vanilla,270,collision,2441837,151.50534395643922,9.0,found,189,189
vanilla,413,easy,2442136,220.27916498471512,,found,53,53
vanilla,292,collision,2443550,133.09104640199996,14.0,found,174,174
vanilla,270,collision,2443845,149.63231233737451,-19.0,found,189,189
vanilla,186,pair,2446111,79.73235328907235,,detected_misfiled,184,104
vanilla,328,noisy_channel,2446486,145.31493010614258,,found,42,42
vanilla,244,collision,2447364,172.75368511326957,15.0,detected_misfiled,192,75
vanilla,461,easy,2448286,150.67749723566538,,found,94,94
vanilla,134,pair,2449561,97.34850394626974,,found,135,135
vanilla,163,pair,2450161,90.51762869700403,,detected_misfiled,183,134
vanilla,390,noisy_channel,2452561,223.23167441160348,,found,23,23
vanilla,440,easy,2453761,225.1186168378063,,found,85,85
vanilla,186,pair,2457511,112.4060209991298,,found,104,104
vanilla,244,collision,2458255,150.77501546172985,-16.0,found,75,75
vanilla,270,collision,2458494,161.9481843903247,24.0,found,189,189
vanilla,205,pair,2458786,130.24501106495347,,detected_misfiled,84,106
vanilla,186,pair,2460286,107.23433117868015,,detected_misfiled,201,104
vanilla,134,pair,2461711,110.36201935835543,,found,135,135
vanilla,413,easy,2462761,221.939019309459,,found,53,53
vanilla,461,easy,2464261,123.48621827743963,,detected_misfiled,197,94
vanilla,205,pair,2465011,191.98182709797388,,found,106,106
vanilla,270,collision,2465563,109.51561392861528,-14.0,found,189,189
vanilla,371,noisy_channel,2465911,103.88474404793358,,found,118,118
vanilla,440,easy,2466436,242.064418516385,,found,85,85
vanilla,413,easy,2466586,204.7744239659518,,found,53,53
vanilla,461,easy,2468236,116.62698528166923,,found,94,94
vanilla,390,noisy_channel,2468611,278.18469225469187,,found,23,23
vanilla,270,collision,2471234,131.43654062102297,-22.0,found,189,189
vanilla,461,easy,2472511,169.49305418189866,,found,94,94
vanilla,413,easy,2472886,222.6097238763914,,found,53,53
vanilla,413,easy,2473636,271.58894314390795,,found,53,53
vanilla,292,collision,2475075,104.13195125717901,-5.0,found,174,174
vanilla,186,pair,2476336,113.23800205928737,,detected_misfiled,28,104
vanilla,390,noisy_channel,2477011,243.11610600590154,,found,23,23
vanilla,244,collision,2477675,134.12097135964106,-9.0,detected_misfiled,166,75
vanilla,163,pair,2478886,113.99719216856849,,detected_misfiled,137,134
vanilla,371,noisy_channel,2481211,166.22972866089611,,found,118,118
vanilla,292,collision,2481685,125.18998507897015,4.0,found,174,174
vanilla,292,collision,2482054,133.2681435997398,6.0,found,174,174
vanilla,270,collision,2484192,122.02525198358569,7.0,found,189,189
vanilla,186,pair,2485186,115.69497508290533,,detected_misfiled,105,104
vanilla,186,pair,2485486,109.64381321758881,,detected_misfiled,129,104
vanilla,163,pair,2489161,114.60913560658052,,not_detected,-1,134
vanilla,270,collision,2490591,164.68025612132763,-12.0,found,189,189
vanilla,270,collision,2493558,129.62725643581376,23.0,detected_misfiled,125,189
vanilla,390,noisy_channel,2493886,230.6644235162951,,found,23,23
vanilla,163,pair,2494711,140.77809782698992,,detected_misfiled,113,134
vanilla,270,collision,2495371,131.2874668478711,6.0,found,189,189
vanilla,163,pair,2496061,154.87854528036587,,not_detected,-1,134
vanilla,244,collision,2499698,140.1292909463404,-22.0,detected_misfiled,41,75
vanilla,461,easy,2503711,262.52063142106897,,found,94,94
vanilla,440,easy,2503861,201.68515617476373,,found,85,85
vanilla,163,pair,2504686,104.21406921411784,,not_detected,-1,134
vanilla,461,easy,2504911,168.57058816306744,,found,94,94
vanilla,440,easy,2505286,270.5847505431985,,found,85,85
vanilla,390,noisy_channel,2507236,173.41924274287658,,found,23,23
vanilla,292,collision,2509022,103.02384195887936,-22.0,found,174,174
vanilla,244,collision,2509912,296.47385869963534,-12.0,detected_misfiled,81,75
vanilla,292,collision,2511358,121.83124260999202,12.0,found,174,174
vanilla,134,pair,2511511,131.78097277659467,,found,135,135
vanilla,390,noisy_channel,2511736,266.10061615348855,,found,23,23
vanilla,371,noisy_channel,2512711,153.28414384469522,,found,118,118
vanilla,461,easy,2513761,205.49626166311913,,found,94,94
vanilla,270,collision,2514093,189.7622676808562,-7.0,found,189,189
vanilla,270,collision,2515575,128.18967155551735,5.0,found,189,189
vanilla,328,noisy_channel,2515861,127.34878413862825,,found,42,42
vanilla,292,collision,2516084,130.15938819651035,6.0,found,174,174
vanilla,390,noisy_channel,2517061,275.46223618061737,,found,23,23
vanilla,270,collision,2517444,129.94127097957988,-11.0,found,189,189
vanilla,440,easy,2518186,222.17689453469083,,found,85,85
vanilla,292,collision,2518627,162.43539593977334,-11.0,found,174,174
vanilla,186,pair,2520436,96.34700660297892,,detected_misfiled,157,104
vanilla,413,easy,2520886,251.70751877348235,,found,53,53
vanilla,461,easy,2521111,160.5243002236585,,found,94,94
vanilla,292,collision,2521813,169.87253994052585,-20.0,found,174,174
vanilla,292,collision,2522084,130.92520302152246,14.0,found,174,174
vanilla,371,noisy_channel,2522686,142.1647615134842,,detected_misfiled,165,118
vanilla,390,noisy_channel,2522911,250.16722137190834,,found,23,23
vanilla,292,collision,2523466,111.85966551012896,16.0,found,174,174
vanilla,292,collision,2524225,116.53854533598263,14.0,found,174,174
vanilla,270,collision,2524392,96.19610288057038,20.0,found,189,189
vanilla,371,noisy_channel,2525236,113.0960420273405,,detected_misfiled,138,118
vanilla,371,noisy_channel,2526061,132.07613302735666,,not_detected,-1,118
vanilla,270,collision,2526980,113.53162913801239,-11.0,found,189,189
vanilla,134,pair,2527261,145.38241356170442,,detected_misfiled,26,135
vanilla,292,collision,2528651,113.94031313769506,17.0,found,174,174
vanilla,270,collision,2529403,177.3616608223142,6.0,found,189,189
vanilla,390,noisy_channel,2529661,205.74052118120824,,found,23,23
vanilla,270,collision,2529846,110.28235327321212,4.0,found,189,189
vanilla,244,collision,2530066,193.25404126244058,-24.0,detected_misfiled,157,75
vanilla,292,collision,2530239,174.8830087856494,-23.0,found,174,174
vanilla,270,collision,2531621,155.19551637759176,15.0,found,189,189
vanilla,292,collision,2531778,94.64697516223889,-14.0,found,174,174
vanilla,186,pair,2531986,132.9024273402912,,found,104,104
vanilla,244,collision,2532392,254.1796242091249,11.0,detected_misfiled,12,75
vanilla,270,collision,2533202,111.68836270224689,5.0,found,189,189
vanilla,461,easy,2533861,210.94864668740007,,found,94,94
vanilla,292,collision,2534105,140.86223357547712,22.0,found,174,174
vanilla,390,noisy_channel,2534311,225.4818938368769,,found,23,23
vanilla,270,collision,2534820,121.64125759848704,-21.0,found,189,189
vanilla,270,collision,2535846,100.46183725176586,13.0,found,189,189
vanilla,270,collision,2536306,154.096267211387,14.0,detected_misfiled,190,189
vanilla,292,collision,2536692,160.2891107550658,-11.0,found,174,174
vanilla,134,pair,2536936,157.78428797100742,,found,135,135
vanilla,292,collision,2537545,131.9184675097641,-16.0,found,174,174
vanilla,413,easy,2538436,186.3031092595541,,found,53,53
vanilla,413,easy,2538886,173.05710875209712,,found,53,53
vanilla,390,noisy_channel,2542261,207.3952050955396,,found,23,23
vanilla,292,collision,2543025,145.6807575459362,16.0,found,174,174
vanilla,270,collision,2543960,87.00669066874758,-17.0,found,189,189
vanilla,270,collision,2545275,103.82051252750514,19.0,found,189,189
vanilla,163,pair,2545561,163.22755744982476,,detected_misfiled,149,134
vanilla,371,noisy_channel,2545786,122.94392916269283,,found,118,118
vanilla,186,pair,2546611,104.91687350737504,,detected_misfiled,161,104
vanilla,270,collision,2547414,195.6236082097617,12.0,detected_misfiled,104,189
vanilla,205,pair,2547586,150.46056076467133,,found,106,106
vanilla,270,collision,2548662,139.47911034008416,-14.0,found,189,189
vanilla,270,collision,2549235,130.88804638476225,13.0,found,189,189
vanilla,461,easy,2549461,237.57270718718945,,detected_misfiled,44,94
vanilla,270,collision,2551822,126.71198532679824,23.0,found,189,189
vanilla,440,easy,2552011,299.9082756780828,,detected_misfiled,157,85
vanilla,413,easy,2552386,211.1395493539959,,found,53,53
vanilla,186,pair,2552911,123.06333434121095,,found,104,104
vanilla,328,noisy_channel,2553361,152.45111158898828,,found,42,42
vanilla,270,collision,2554494,116.18051341075689,23.0,found,189,189
vanilla,461,easy,2556361,143.21064566632998,,found,94,94
vanilla,440,easy,2557111,261.27529383312896,,found,85,85
vanilla,371,noisy_channel,2557411,166.87745037859008,,found,118,118
vanilla,270,collision,2558630,116.35593534267315,-19.0,found,189,189
vanilla,413,easy,2558911,217.42810862496015,,found,53,53
vanilla,413,easy,2559361,197.13328925695603,,found,53,53
vanilla,440,easy,2561236,243.29774645854954,,found,85,85
vanilla,270,collision,2561556,138.71390965414494,15.0,found,189,189
vanilla,413,easy,2561911,231.9559492268184,,found,53,53
vanilla,371,noisy_channel,2563111,188.22558810031637,,found,118,118
vanilla,134,pair,2563261,138.63962345462247,,found,135,135
vanilla,328,noisy_channel,2563936,176.31547354194817,,found,42,42
vanilla,440,easy,2567236,243.8104043537243,,found,85,85
vanilla,244,collision,2567802,183.66056871077998,20.0,detected_misfiled,43,75
vanilla,244,collision,2568399,168.56772756553036,-24.0,detected_misfiled,87,75
vanilla,205,pair,2568961,141.4792374221696,,found,106,106
vanilla,270,collision,2569135,112.74457615443552,-9.0,found,189,189
vanilla,163,pair,2570161,160.68777398189542,,detected_misfiled,137,134
vanilla,270,collision,2570731,254.8880982381487,13.0,detected_misfiled,2,189
vanilla,292,collision,2574948,91.55393413085281,-20.0,found,174,174
vanilla,205,pair,2575261,167.19510689124922,,found,106,106
vanilla,205,pair,2575486,157.4276757593737,,found,106,106
vanilla,440,easy,2577961,190.9931444611787,,found,85,85
vanilla,461,easy,2578186,162.03615416296765,,found,94,94
vanilla,134,pair,2578411,98.11636737033447,,found,135,135
vanilla,390,noisy_channel,2579086,210.31009019518436,,found,23,23
vanilla,440,easy,2579536,236.48507975388333,,found,85,85
vanilla,205,pair,2580136,134.83094152749737,,found,106,106
vanilla,186,pair,2580511,137.57217038201753,,detected_misfiled,201,104
vanilla,328,noisy_channel,2581786,142.38047751633297,,found,42,42
vanilla,292,collision,2582210,96.04422986409632,-9.0,found,174,174
vanilla,205,pair,2582686,110.15806338523761,,found,106,106
vanilla,205,pair,2583586,141.5687966926269,,found,106,106
vanilla,413,easy,2586661,121.23940970828502,,found,53,53
vanilla,328,noisy_channel,2587336,120.88302984923038,,detected_misfiled,200,42
vanilla,371,noisy_channel,2587786,94.83876994654094,,found,118,118
vanilla,134,pair,2588611,151.1065463390676,,found,135,135
vanilla,413,easy,2589811,237.66342199046642,,found,53,53
vanilla,134,pair,2591236,173.6572484156791,,found,135,135
vanilla,461,easy,2591461,178.18322129359117,,detected_misfiled,16,94
vanilla,270,collision,2593397,132.66055282704454,13.0,found,189,189
vanilla,440,easy,2593786,271.2328019514859,,found,85,85
vanilla,390,noisy_channel,2595436,225.23804874384209,,found,23,23
vanilla,413,easy,2595661,188.1832437332481,,detected_misfiled,28,53
vanilla,328,noisy_channel,2595886,139.818212199433,,found,42,42
vanilla,413,easy,2596261,204.8492681280245,,found,53,53
vanilla,461,easy,2598286,194.5182394333354,,found,94,94
vanilla,328,noisy_channel,2598436,125.7178975122126,,detected_misfiled,40,42
vanilla,371,noisy_channel,2599111,137.59736844972252,,detected_misfiled,199,118
vanilla,205,pair,2599411,151.56674662956004,,found,106,106
vanilla,205,pair,2599561,234.06890379857745,,found,106,106
vanilla,270,collision,2600091,124.4546983731519,21.0,found,189,189
vanilla,390,noisy_channel,2600986,241.08259188313775,,found,23,23
vanilla,134,pair,2602786,127.85992624341989,,found,135,135
vanilla,186,pair,2603011,139.5191509564718,,detected_misfiled,26,104
vanilla,163,pair,2604661,123.11870488802208,,not_detected,-1,134
vanilla,413,easy,2607661,190.98620803611888,,detected_misfiled,197,53
vanilla,186,pair,2608186,66.71605812330348,,found,104,104
vanilla,186,pair,2609086,105.36517281955807,,detected_misfiled,105,104
vanilla,186,pair,2609911,91.41039856653919,,found,104,104
vanilla,413,easy,2610511,230.6288757970364,,found,53,53
vanilla,413,easy,2610886,194.4087565448213,,found,53,53
vanilla,292,collision,2611275,122.41639049239457,-17.0,found,174,174
vanilla,270,collision,2611510,99.85326359570186,-18.0,found,189,189
vanilla,390,noisy_channel,2611711,228.15557072851303,,found,23,23
vanilla,292,collision,2611947,131.1515777894446,22.0,found,174,174
vanilla,413,easy,2612236,156.19105539420156,,found,53,53
vanilla,413,easy,2615761,169.984602642315,,found,53,53
vanilla,134,pair,2617936,128.10785401016844,,found,135,135
vanilla,440,easy,2619286,191.32537724654892,,found,85,85
vanilla,186,pair,2619661,120.04242079755976,,detected_misfiled,133,104
vanilla,186,pair,2620336,124.72344805329358,,detected_misfiled,108,104
vanilla,292,collision,2620851,162.50386082001688,-21.0,found,174,174
vanilla,134,pair,2621461,148.41475608728842,,found,135,135
vanilla,292,collision,2621814,95.73130814562393,15.0,found,174,174
vanilla,205,pair,2621986,182.324148148316,,found,106,106
vanilla,461,easy,2622661,158.59296390040484,,found,94,94
vanilla,371,noisy_channel,2623036,118.8232762133019,,found,118,118
vanilla,163,pair,2624011,136.34874595806838,,not_detected,-1,134
vanilla,328,noisy_channel,2625361,92.33418924836835,,found,42,42
vanilla,270,collision,2626354,104.2351794076993,19.0,found,189,189
vanilla,413,easy,2628736,204.97616608596059,,detected_misfiled,181,53
vanilla,163,pair,2628961,162.8446392666177,,detected_misfiled,36,134
vanilla,186,pair,2629636,104.7141549921477,,detected_misfiled,107,104
vanilla,440,easy,2631361,230.61378126416162,,detected_misfiled,35,85
vanilla,390,noisy_channel,2633161,239.94192350112064,,found,23,23
vanilla,244,collision,2635021,136.4576695436673,8.0,detected_misfiled,46,75
vanilla,440,easy,2641411,212.56107646334516,,found,85,85
vanilla,461,easy,2642086,143.9336769720232,,found,94,94
vanilla,461,easy,2642611,146.91564115815368,,detected_misfiled,25,94
vanilla,205,pair,2643811,140.39975630481996,,found,106,106
vanilla,413,easy,2644411,218.0310272755546,,found,53,53
vanilla,270,collision,2646274,95.94854884472241,8.0,found,189,189
vanilla,205,pair,2647186,134.31188634374615,,detected_misfiled,168,106
vanilla,186,pair,2648986,89.11991371874393,,detected_misfiled,107,104
vanilla,186,pair,2649286,99.47007378666393,,detected_misfiled,107,104
vanilla,461,easy,2650561,152.468114006019,,found,94,94
vanilla,413,easy,2651011,215.9480856503847,,found,53,53
vanilla,292,collision,2652496,174.4678558700145,-18.0,found,174,174
vanilla,440,easy,2653186,259.441303453116,,found,85,85
vanilla,371,noisy_channel,2653636,107.5476741236887,,found,118,118
vanilla,244,collision,2653898,199.15363722435558,-10.0,found,75,75
vanilla,371,noisy_channel,2654086,126.4486610429532,,detected_misfiled,34,118
vanilla,244,collision,2654527,181.9462658327446,-12.0,found,75,75
vanilla,371,noisy_channel,2654761,75.00004497371316,,found,118,118
vanilla,163,pair,2655136,99.57091165230281,,detected_misfiled,17,134
vanilla,292,collision,2655455,118.62842183507591,20.0,found,174,174
vanilla,440,easy,2656036,266.90969958039557,,found,85,85
vanilla,292,collision,2657822,128.40054140820249,-11.0,found,174,174
vanilla,390,noisy_channel,2658136,233.8434033121522,,found,23,23
vanilla,244,collision,2659024,170.68541464900576,-23.0,detected_misfiled,78,75
vanilla,371,noisy_channel,2660236,173.03110381882723,,found,118,118
vanilla,163,pair,2661061,168.60093191361005,,found,134,134
vanilla,413,easy,2661211,144.15071617894534,,found,53,53
vanilla,371,noisy_channel,2662036,128.99064037632178,,found,118,118
vanilla,134,pair,2662711,100.58020162442762,,found,135,135
vanilla,461,easy,2662936,149.2222905804938,,found,94,94
vanilla,163,pair,2663311,101.02868220462412,,not_detected,-1,134
vanilla,328,noisy_channel,2663461,194.68478983094172,,detected_misfiled,147,42
vanilla,440,easy,2664136,320.2582436817262,,found,85,85
vanilla,134,pair,2664286,91.76222286323353,,found,135,135
vanilla,328,noisy_channel,2669086,153.83056199876285,,detected_misfiled,200,42
vanilla,134,pair,2670886,160.916858600826,,found,135,135
vanilla,244,collision,2673331,146.66223139458438,17.0,found,75,75
vanilla,205,pair,2676436,163.86061546075786,,found,106,106
vanilla,371,noisy_channel,2677636,135.0100036657539,,found,118,118
vanilla,205,pair,2680036,134.48324331397166,,detected_misfiled,35,106
vanilla,292,collision,2680966,103.55527487708105,11.0,found,174,174
vanilla,270,collision,2682430,113.01720276863837,-9.0,found,189,189
vanilla,244,collision,2682956,217.5222184998034,-17.0,detected_misfiled,36,75
vanilla,390,noisy_channel,2683711,227.10602073014323,,found,23,23
vanilla,205,pair,2685361,106.9911883934191,,found,106,106
vanilla,413,easy,2686936,198.8728001242874,,found,53,53
vanilla,163,pair,2688736,153.9305086173162,,detected_misfiled,65,134
vanilla,163,pair,2689561,101.05542896673393,,detected_misfiled,15,134
vanilla,390,noisy_channel,2690686,243.22532701832267,,found,23,23
vanilla,440,easy,2693761,192.43643218680697,,found,85,85
vanilla,390,noisy_channel,2695411,274.4392757375837,,found,23,23
vanilla,270,collision,2695854,111.09338353476204,6.0,found,189,189
vanilla,163,pair,2696311,131.97171551553166,,detected_misfiled,68,134
vanilla,461,easy,2698786,144.43867409673487,,detected_misfiled,47,94
vanilla,163,pair,2698936,115.96027052431859,,not_detected,-1,134
vanilla,371,noisy_channel,2699086,156.6933501639263,,detected_misfiled,55,118
vanilla,205,pair,2699311,121.77461937666544,,detected_misfiled,47,106
vanilla,134,pair,2701111,126.27814868207338,,found,135,135
vanilla,186,pair,2701261,100.23205208744415,,detected_misfiled,6,104
vanilla,440,easy,2703361,203.4820596730512,,found,85,85
vanilla,328,noisy_channel,2703586,114.37823257908897,,found,42,42
vanilla,413,easy,2704111,238.6228660727191,,found,53,53
vanilla,134,pair,2706586,99.98743318198215,,found,135,135
vanilla,205,pair,2707561,154.23592683461965,,not_detected,-1,106
vanilla,244,collision,2709228,110.60937702919972,-9.0,not_detected,-1,75
vanilla,371,noisy_channel,2709661,151.13414596595211,,detected_misfiled,142,118
vanilla,205,pair,2710186,145.64985917179808,,found,106,106
vanilla,328,noisy_channel,2710861,126.51246775899449,,found,42,42
vanilla,371,noisy_channel,2712286,211.00852044752293,,detected_misfiled,31,118
vanilla,134,pair,2713336,153.47346454051112,,found,135,135
vanilla,270,collision,2713568,127.90354014774768,-24.0,found,189,189
vanilla,413,easy,2714611,189.73078644561582,,found,53,53
vanilla,440,easy,2716711,235.02453465461863,,found,85,85
vanilla,328,noisy_channel,2717236,109.05183580276005,,detected_misfiled,120,42
vanilla,186,pair,2717986,105.07146339261055,,detected_misfiled,106,104
vanilla,413,easy,2720461,174.77644528115536,,found,53,53
vanilla,205,pair,2721361,188.74920566639707,,found,106,106
vanilla,205,pair,2722261,148.8466694038621,,found,106,106
vanilla,371,noisy_channel,2723161,148.42634337959453,,detected_misfiled,35,118
vanilla,244,collision,2723895,170.07675530797374,-20.0,detected_misfiled,81,75
vanilla,134,pair,2724511,118.34362753008733,,found,135,135
vanilla,163,pair,2725111,114.11641917955106,,detected_misfiled,89,134
vanilla,413,easy,2726686,214.73455994956348,,found,53,53
vanilla,440,easy,2727061,267.9855528473551,,found,85,85
vanilla,163,pair,2728036,185.0549459079246,,detected_misfiled,135,134
vanilla,270,collision,2728687,150.05073630672263,22.0,found,189,189
vanilla,413,easy,2728936,184.85903091291794,,found,53,53
vanilla,244,collision,2729924,154.92210028132774,-24.0,found,75,75
vanilla,163,pair,2731111,127.36879371409427,,detected_misfiled,28,134
vanilla,205,pair,2733061,143.05843849060867,,found,106,106
vanilla,134,pair,2733511,105.69869608959092,,found,135,135
vanilla,413,easy,2733886,199.2414154278307,,found,53,53
vanilla,328,noisy_channel,2734261,95.77843955122053,,detected_misfiled,20,42
vanilla,390,noisy_channel,2734861,199.3167507763398,,found,23,23
vanilla,292,collision,2735617,122.51905568932298,22.0,found,174,174
vanilla,163,pair,2735836,113.36351031455825,,detected_misfiled,198,134
vanilla,186,pair,2735986,96.03589386700224,,found,104,104
vanilla,413,easy,2736586,176.38489191274687,,detected_misfiled,197,53
vanilla,134,pair,2737036,112.24905986944896,,found,135,135
vanilla,461,easy,2738386,149.04282032474276,,detected_misfiled,144,94
vanilla,244,collision,2738893,132.28836275227695,7.0,detected_misfiled,35,75
vanilla,186,pair,2740486,97.92289977621607,,not_detected,-1,104
vanilla,440,easy,2742661,221.48509943112703,,found,85,85
vanilla,390,noisy_channel,2745586,247.35226071456097,,found,23,23
vanilla,390,noisy_channel,2746186,226.7278242980955,,found,23,23
vanilla,134,pair,2749111,132.09753443641262,,found,135,135
vanilla,371,noisy_channel,2752636,140.24944574588525,,found,118,118
vanilla,186,pair,2753386,89.19241159587563,,found,104,104
vanilla,390,noisy_channel,2753611,237.13229184309387,,found,23,23
vanilla,292,collision,2754955,115.58385920582812,-6.0,found,174,174
vanilla,270,collision,2757139,153.26803876180753,-23.0,found,189,189
vanilla,134,pair,2758786,113.58498954681784,,found,135,135
vanilla,244,collision,2759727,121.81714721735048,16.0,detected_misfiled,22,75
vanilla,461,easy,2760586,137.34039904028143,,detected_misfiled,17,94
vanilla,390,noisy_channel,2761486,195.65187735024898,,found,23,23
vanilla,371,noisy_channel,2761711,101.15126188078912,,detected_misfiled,197,118
vanilla,163,pair,2762611,151.6593897377275,,not_detected,-1,134
vanilla,270,collision,2763866,107.66928200314882,5.0,found,189,189
vanilla,440,easy,2765086,265.05245071721214,,detected_misfiled,126,85
vanilla,163,pair,2765461,160.61176392879645,,found,134,134
vanilla,134,pair,2765911,132.37817856496278,,found,135,135
vanilla,134,pair,2768911,187.0373974566694,,found,135,135
vanilla,205,pair,2769511,134.7837171461274,,found,106,106
vanilla,390,noisy_channel,2770561,318.3662437021724,,found,23,23
vanilla,292,collision,2772060,123.56982499857182,24.0,found,174,174
vanilla,461,easy,2772361,170.37161357977857,,detected_misfiled,52,94
vanilla,134,pair,2772661,104.02346848600479,,found,135,135
vanilla,390,noisy_channel,2773561,249.5714167689764,,found,23,23
vanilla,163,pair,2774011,111.35354677303107,,detected_misfiled,147,134
vanilla,413,easy,2775736,196.28084581214966,,found,53,53
vanilla,371,noisy_channel,2776861,118.94623534676936,,not_detected,-1,118
vanilla,205,pair,2777386,156.36798983822214,,found,106,106
vanilla,163,pair,2781436,139.52714264186505,,detected_misfiled,13,134
vanilla,390,noisy_channel,2781586,235.7860199709882,,detected_misfiled,136,23
vanilla,390,noisy_channel,2781961,264.7694820501669,,found,23,23
vanilla,163,pair,2783536,105.81147709359752,,detected_misfiled,101,134
vanilla,371,noisy_channel,2786011,84.66456451153813,,found,118,118
vanilla,186,pair,2786611,99.71981432575795,,not_detected,-1,104
vanilla,413,easy,2787961,154.88134645302105,,found,53,53
vanilla,134,pair,2789686,92.6823073165416,,found,135,135
vanilla,186,pair,2790436,144.9314039202768,,detected_misfiled,105,104
vanilla,134,pair,2790886,154.98318170366022,,found,135,135
vanilla,461,easy,2791561,178.41997780597157,,found,94,94
vanilla,163,pair,2792311,115.38008674939573,,not_detected,-1,134
vanilla,461,easy,2792761,157.98885301902715,,detected_misfiled,168,94
vanilla,134,pair,2794411,169.4825131468872,,detected_misfiled,200,135
vanilla,134,pair,2795161,105.93665552625374,,found,135,135
vanilla,390,noisy_channel,2795536,236.79188685306883,,found,23,23
vanilla,328,noisy_channel,2797186,143.5687479477431,,found,42,42
vanilla,205,pair,2797411,148.77885818273364,,found,106,106
vanilla,390,noisy_channel,2800111,240.46688712327028,,found,23,23
vanilla,390,noisy_channel,2800261,273.7751102046291,,found,23,23
vanilla,244,collision,2801150,230.22733258199378,-24.0,detected_misfiled,77,75
vanilla,292,collision,2801764,107.55090855454571,10.0,found,174,174
vanilla,390,noisy_channel,2802436,189.701024515094,,found,23,23
vanilla,270,collision,2803726,138.59721935223288,19.0,found,189,189
vanilla,440,easy,2805961,274.3968905913438,,found,85,85
vanilla,390,noisy_channel,2808511,270.50310597508565,,found,23,23
vanilla,163,pair,2809036,154.2764529589643,,found,134,134
vanilla,390,noisy_channel,2812186,208.38819931537375,,found,23,23
vanilla,205,pair,2812636,167.39147100257787,,found,106,106
vanilla,186,pair,2814061,101.89886656459151,,detected_misfiled,107,104
vanilla,270,collision,2814264,159.32897423245674,-14.0,found,189,189
vanilla,163,pair,2816161,141.37437016670677,,detected_misfiled,3,134
vanilla,186,pair,2822611,84.8469598234033,,not_detected,-1,104
vanilla,205,pair,2822761,154.23966675840194,,found,106,106
vanilla,270,collision,2823314,152.11685276612826,-4.0,found,189,189
vanilla,371,noisy_channel,2823661,107.93990543076512,,detected_misfiled,25,118
vanilla,205,pair,2825011,120.67551063283173,,found,106,106
vanilla,390,noisy_channel,2825311,274.189665563634,,found,23,23
vanilla,244,collision,2825570,164.242411166301,-13.0,not_detected,-1,75
vanilla,163,pair,2826136,128.3818009654639,,detected_misfiled,100,134
vanilla,163,pair,2826661,141.41850100679298,,not_detected,-1,134
vanilla,270,collision,2827707,129.3052172339764,16.0,found,189,189
vanilla,371,noisy_channel,2828461,126.90624186994309,,found,118,118
vanilla,461,easy,2830261,155.3492626605734,,found,94,94
vanilla,371,noisy_channel,2831161,113.39395116843009,,detected_misfiled,139,118
vanilla,371,noisy_channel,2833261,128.71108259090659,,found,118,118
vanilla,186,pair,2835586,107.18398049513716,,detected_misfiled,11,104
vanilla,163,pair,2837986,147.40172703034563,,not_detected,-1,134
vanilla,390,noisy_channel,2838586,243.4872304431303,,found,23,23
vanilla,244,collision,2839588,181.0369878521221,-24.0,detected_misfiled,96,75
vanilla,163,pair,2840011,125.91947053152896,,detected_misfiled,191,134
vanilla,390,noisy_channel,2840686,268.54433102527923,,found,23,23
vanilla,205,pair,2840986,126.81438475077819,,found,106,106
vanilla,163,pair,2842111,113.29132292649464,,detected_misfiled,22,134
vanilla,205,pair,2843086,144.39719641204786,,found,106,106
vanilla,371,noisy_channel,2844286,146.96493030852812,,found,118,118
vanilla,461,easy,2844886,167.22640810234503,,found,94,94
vanilla,371,noisy_channel,2845411,143.1403501398213,,found,118,118
vanilla,134,pair,2847511,116.93479653889835,,found,135,135
vanilla,163,pair,2848186,143.382759165587,,detected_misfiled,6,134
vanilla,440,easy,2848936,218.49099411166827,,found,85,85
vanilla,292,collision,2849238,145.26735276183916,-5.0,found,174,174
vanilla,134,pair,2851711,164.07096888567483,,detected_misfiled,61,135
vanilla,163,pair,2852836,184.4945637976342,,detected_misfiled,150,134
vanilla,205,pair,2855761,147.82596747306002,,found,106,106
vanilla,205,pair,2858386,154.7159020670392,,found,106,106
vanilla,270,collision,2858724,116.31142556662795,9.0,found,189,189
vanilla,244,collision,2859872,159.00618877115423,17.0,detected_misfiled,113,75
vanilla,440,easy,2860486,193.12381659397948,,found,85,85
vanilla,413,easy,2861611,187.7747837807592,,found,53,53
vanilla,186,pair,2861986,126.97247487444042,,not_detected,-1,104
vanilla,440,easy,2862361,175.29072483784742,,found,85,85
vanilla,163,pair,2863336,98.37361930347707,,not_detected,-1,134
vanilla,328,noisy_channel,2863786,125.6197354427805,,found,42,42
vanilla,440,easy,2865961,167.45050699683196,,found,85,85
vanilla,413,easy,2866711,244.49689552319356,,found,53,53
vanilla,461,easy,2867761,149.7043296970482,,found,94,94
vanilla,390,noisy_channel,2869936,290.42808372573523,,found,23,23
vanilla,186,pair,2870536,137.3073735605182,,detected_misfiled,75,104
vanilla,134,pair,2871136,127.73840532511014,,found,135,135
vanilla,163,pair,2872336,106.36810587433916,,detected_misfiled,44,134
vanilla,244,collision,2873159,144.66506865885447,14.0,detected_misfiled,18,75
vanilla,205,pair,2873311,161.36187884515886,,found,106,106
vanilla,186,pair,2873836,134.69658502787786,,not_detected,-1,104
vanilla,371,noisy_channel,2875936,159.9932308943194,,found,118,118
vanilla,134,pair,2877436,104.85157002133042,,found,135,135
vanilla,371,noisy_channel,2877661,142.5760245830555,,detected_misfiled,70,118
vanilla,292,collision,2878372,118.09812247326121,-8.0,found,174,174
vanilla,134,pair,2879386,165.48589883696366,,found,135,135
vanilla,390,noisy_channel,2880286,250.78202417559874,,found,23,23
vanilla,440,easy,2881711,201.9066893956399,,found,85,85
vanilla,413,easy,2882011,239.22167246056512,,found,53,53
vanilla,205,pair,2885761,131.61582732942213,,found,106,106
vanilla,390,noisy_channel,2886511,230.5419465414725,,found,23,23
vanilla,292,collision,2887912,101.87433268603507,-12.0,found,174,174
vanilla,292,collision,2889595,118.94209115699087,-16.0,found,174,174
vanilla,413,easy,2890636,202.2503144466042,,found,53,53
vanilla,328,noisy_channel,2891161,141.90780122285472,,detected_misfiled,46,42
vanilla,328,noisy_channel,2891386,228.48976039051104,,found,42,42
vanilla,390,noisy_channel,2892136,176.05261117423944,,found,23,23
vanilla,270,collision,2893861,119.21589166655995,-20.0,found,189,189
vanilla,461,easy,2894611,133.9735815248883,,found,94,94
vanilla,461,easy,2894761,197.2676215401321,,found,94,94
vanilla,292,collision,2895657,183.9667899160803,-13.0,found,174,174
vanilla,371,noisy_channel,2896861,128.3775851637526,,detected_misfiled,41,118
vanilla,371,noisy_channel,2898136,162.61464474343876,,detected_misfiled,18,118
vanilla,440,easy,2898961,253.6060193035368,,found,85,85
vanilla,186,pair,2899411,107.8379397838086,,detected_misfiled,171,104
vanilla,440,easy,2900236,143.39645689861518,,found,85,85
vanilla,134,pair,2900386,134.29806308605015,,found,135,135
vanilla,244,collision,2901875,185.63468227394878,8.0,found,75,75
vanilla,413,easy,2902111,261.7909108715262,,found,53,53
vanilla,461,easy,2902786,170.18047153667436,,found,94,94
vanilla,413,easy,2903386,292.42096993545283,,found,53,53
vanilla,390,noisy_channel,2903836,273.992474486064,,found,23,23
vanilla,134,pair,2905186,121.20807902183228,,found,135,135
vanilla,292,collision,2905767,146.4724926274878,-23.0,found,174,174
vanilla,163,pair,2906536,112.87197109281828,,not_detected,-1,134
vanilla,270,collision,2908073,98.32967095692965,22.0,found,189,189
vanilla,371,noisy_channel,2909986,245.302680714205,,found,118,118
vanilla,371,noisy_channel,2910511,144.97265076463768,,not_detected,-1,118
vanilla,163,pair,2912911,162.76790696589265,,detected_misfiled,34,134
vanilla,413,easy,2913511,140.68389541153093,,found,53,53
vanilla,440,easy,2913961,268.2507821391469,,found,85,85
vanilla,413,easy,2915086,178.09838662843225,,found,53,53
vanilla,244,collision,2915322,132.31385564561663,-4.0,detected_misfiled,74,75
vanilla,390,noisy_channel,2918386,220.26396844369475,,found,23,23
vanilla,413,easy,2918911,126.80981444058061,,detected_misfiled,7,53
vanilla,292,collision,2922459,132.85844927750856,-17.0,found,174,174
vanilla,270,collision,2925034,103.21841710764653,12.0,found,189,189
vanilla,371,noisy_channel,2925586,119.96148506152946,,found,118,118
vanilla,413,easy,2925886,212.19499194643384,,found,53,53
vanilla,440,easy,2927911,244.95850986068768,,found,85,85
vanilla,390,noisy_channel,2928061,211.49413204950207,,found,23,23
vanilla,371,noisy_channel,2929261,120.09805441678816,,detected_misfiled,8,118
vanilla,461,easy,2930086,152.10201057897524,,found,94,94
vanilla,292,collision,2930363,122.92821704555915,-13.0,found,174,174
vanilla,440,easy,2931211,274.412730668563,,found,85,85
vanilla,205,pair,2931361,93.88489009808296,,found,106,106
vanilla,328,noisy_channel,2931811,137.7964982517728,,found,42,42
vanilla,413,easy,2932186,159.23635023496405,,found,53,53
vanilla,292,collision,2932741,95.15197761096357,-11.0,found,174,174
vanilla,440,easy,2933836,255.0857210729925,,detected_misfiled,197,85
vanilla,205,pair,2936461,176.38025402221731,,found,106,106
vanilla,205,pair,2936761,130.600737526195,,found,106,106
vanilla,205,pair,2938111,176.68861200214332,,found,106,106
vanilla,292,collision,2938493,138.32547925006668,20.0,found,174,174
vanilla,163,pair,2939386,112.20049027193221,,not_detected,-1,134
vanilla,413,easy,2942086,219.28891210182863,,found,53,53
vanilla,413,easy,2942611,243.3970407945494,,found,53,53
vanilla,205,pair,2943436,140.4595617423456,,found,106,106
vanilla,292,collision,2945315,140.35685789058502,-17.0,found,174,174
vanilla,371,noisy_channel,2945761,124.87802114178496,,found,118,118
vanilla,270,collision,2946615,87.40626375476837,-5.0,found,189,189
vanilla,134,pair,2947186,130.25904344574704,,found,135,135
vanilla,328,noisy_channel,2947411,98.19811058501591,,detected_misfiled,59,42
vanilla,390,noisy_channel,2947861,175.107795987957,,found,23,23
vanilla,461,easy,2948011,157.78165550028285,,detected_misfiled,195,94
vanilla,390,noisy_channel,2950861,195.04819616183158,,found,23,23
vanilla,328,noisy_channel,2952661,95.82014589285552,,found,42,42
vanilla,390,noisy_channel,2953486,301.3651636083285,,found,23,23
vanilla,186,pair,2954236,86.92375935913837,,detected_misfiled,100,104
vanilla,134,pair,2954836,185.09899180250642,,found,135,135
vanilla,205,pair,2955811,145.2520073848168,,found,106,106
vanilla,413,easy,2956336,228.7724758159194,,found,53,53
vanilla,205,pair,2957086,127.89987153912854,,found,106,106
vanilla,461,easy,2957236,189.02912622018405,,found,94,94
vanilla,390,noisy_channel,2957761,221.44761187967788,,found,23,23
vanilla,371,noisy_channel,2958286,118.0595532675232,,found,118,118
vanilla,205,pair,2958586,191.36407674636044,,found,106,106
vanilla,244,collision,2959889,163.34311118551682,23.0,detected_misfiled,9,75
vanilla,328,noisy_channel,2962111,95.13977062514161,,found,42,42
vanilla,186,pair,2962711,502.91722482759894,,detected_misfiled,105,104
vanilla,390,noisy_channel,2963461,267.41538383180665,,detected_misfiled,130,23
vanilla,134,pair,2963836,150.20895690137775,,found,135,135
vanilla,328,noisy_channel,2964061,178.28547319983858,,found,42,42
vanilla,292,collision,2964287,129.8217012922138,14.0,found,174,174
vanilla,461,easy,2964586,189.78013933241556,,found,94,94
vanilla,270,collision,2964805,130.45094878250995,22.0,detected_misfiled,168,189
vanilla,186,pair,2965861,130.71494373700529,,detected_misfiled,147,104
vanilla,205,pair,2966086,116.35510021334424,,found,106,106
vanilla,328,noisy_channel,2966536,119.21425447547688,,found,42,42
vanilla,390,noisy_channel,2967436,205.8344137473331,,found,23,23
vanilla,328,noisy_channel,2969386,142.61711603707099,,found,42,42
vanilla,292,collision,2969649,146.36171464788436,19.0,found,174,174
vanilla,390,noisy_channel,2970511,250.1322357023135,,found,23,23
vanilla,134,pair,2971336,193.37459642034537,,found,135,135
vanilla,205,pair,2971486,129.78796683560117,,found,106,106
vanilla,413,easy,2972161,194.78663507975864,,detected_misfiled,1,53
vanilla,163,pair,2973436,143.7920674664545,,not_detected,-1,134
vanilla,413,easy,2974036,170.47265984216563,,found,53,53
vanilla,205,pair,2975611,149.74136632925828,,found,106,106
vanilla,440,easy,2977411,272.3428141131198,,found,85,85
vanilla,461,easy,2979736,207.84824706350523,,detected_misfiled,185,94
vanilla,440,easy,2980186,269.4498568741592,,found,85,85
vanilla,186,pair,2980636,71.792151771163,,detected_misfiled,18,104
vanilla,134,pair,2983411,92.38051586854472,,found,135,135
vanilla,440,easy,2985736,228.9873775704967,,found,85,85
vanilla,205,pair,2986486,115.31193549060677,,found,106,106
vanilla,440,easy,2986861,297.65117961766174,,found,85,85
vanilla,390,noisy_channel,2989111,275.2733184676722,,found,23,23
vanilla,371,noisy_channel,2989261,135.3781890427042,,found,118,118
vanilla,205,pair,2990911,177.9893414037858,,found,106,106
vanilla,413,easy,2991211,226.90833122758468,,found,53,53
vanilla,390,noisy_channel,2991436,170.3827050127362,,found,23,23
vanilla,292,collision,2991920,111.56174632737552,14.0,found,174,174
vanilla,328,noisy_channel,2992411,121.63192513745884,,detected_misfiled,65,42
vanilla,292,collision,2992724,142.37404664147533,-15.0,found,174,174
vanilla,163,pair,2993086,112.42768342060765,,detected_misfiled,168,134
vanilla,371,noisy_channel,2994661,373.4666690120165,,found,118,118
vanilla,134,pair,2997286,104.8647308793681,,found,135,135
vanilla,390,noisy_channel,2999086,212.34017779269124,,detected_misfiled,193,23
vanilla,371,noisy_channel,2999461,152.32465837347019,,found,118,118
vanilla,413,easy,2999686,219.74178301558032,,found,53,53
vanilla,390,noisy_channel,3000436,224.35518688919348,,found,23,23
vanilla,270,collision,3000850,116.77084493349771,-7.0,found,189,189
vanilla,205,pair,3001786,152.21326062654424,,found,106,106
vanilla,244,collision,3002844,115.91597393581694,15.0,detected_misfiled,172,75
vanilla,371,noisy_channel,3003136,109.40254883361735,,found,118,118
vanilla,270,collision,3005106,122.56907542613024,14.0,detected_misfiled,65,189
vanilla,270,collision,3006034,155.91712465458477,7.0,found,189,189
vanilla,134,pair,3006511,136.56337647060911,,found,135,135
vanilla,292,collision,3008544,131.57985205846774,24.0,found,174,174
vanilla,461,easy,3009361,159.48534477305685,,detected_misfiled,198,94
vanilla,390,noisy_channel,3011011,215.90165891156394,,found,23,23
vanilla,163,pair,3011161,122.05179226675058,,detected_misfiled,160,134
vanilla,292,collision,3012204,146.54034411770334,12.0,found,174,174
vanilla,440,easy,3012811,206.68507920262707,,found,85,85
vanilla,292,collision,3013619,134.216172206944,-7.0,found,174,174
vanilla,186,pair,3014461,143.8587260105703,,detected_misfiled,47,104
vanilla,390,noisy_channel,3016486,256.663687078596,,found,23,23
vanilla,292,collision,3017261,142.8836414245427,-12.0,found,174,174
vanilla,163,pair,3017461,138.3607222513263,,detected_misfiled,101,134
vanilla,163,pair,3017836,142.6638146012482,,detected_misfiled,120,134
vanilla,413,easy,3018661,210.35155253058377,,found,53,53
vanilla,270,collision,3019854,210.62968244179012,20.0,found,189,189
vanilla,328,noisy_channel,3020311,107.76660291631441,,detected_misfiled,168,42
vanilla,371,noisy_channel,3020611,142.98612214417227,,found,118,118
vanilla,163,pair,3020911,109.77747888686237,,detected_misfiled,35,134
vanilla,163,pair,3021511,141.28656797503214,,detected_misfiled,200,134
vanilla,292,collision,3021990,128.76829316587822,23.0,found,174,174
vanilla,371,noisy_channel,3023911,99.5441545196565,,detected_misfiled,200,118
vanilla,292,collision,3026013,99.02469645399034,-18.0,found,174,174
vanilla,461,easy,3026236,220.47661920282826,,found,94,94
vanilla,186,pair,3026386,93.11756469232148,,detected_misfiled,41,104
vanilla,413,easy,3026611,147.77729389248887,,found,53,53
vanilla,186,pair,3028411,105.14670975487223,,detected_misfiled,129,104
vanilla,371,noisy_channel,3028636,129.1834454877027,,found,118,118
vanilla,134,pair,3029461,130.46699398166936,,found,135,135
vanilla,328,noisy_channel,3030211,160.08743338885546,,found,42,42
vanilla,292,collision,3030380,117.1196356918451,14.0,found,174,174
vanilla,440,easy,3030661,265.00891486969215,,found,85,85
vanilla,390,noisy_channel,3031861,256.2353591658465,,found,23,23
vanilla,371,noisy_channel,3034636,123.20276261526364,,found,118,118
vanilla,244,collision,3037098,86.94143400750878,8.0,detected_misfiled,55,75
vanilla,461,easy,3037786,125.92347680004795,,found,94,94
vanilla,440,easy,3038536,239.36190296381088,,detected_misfiled,120,85
vanilla,163,pair,3038761,146.8828033643395,,detected_misfiled,138,134
vanilla,205,pair,3041086,151.0592962004455,,found,106,106
vanilla,390,noisy_channel,3041236,255.87095173247081,,found,23,23
vanilla,270,collision,3044536,155.12121766814045,21.0,found,189,189
vanilla,186,pair,3045886,66.15671203585444,,detected_misfiled,121,104
vanilla,461,easy,3046261,199.5633942177868,,found,94,94
vanilla,461,easy,3048886,143.3786719213478,,found,94,94
vanilla,186,pair,3049186,112.07468015346267,,detected_misfiled,36,104
vanilla,440,easy,3049786,229.76287727482958,,found,85,85
vanilla,163,pair,3050236,109.42373620287827,,detected_misfiled,139,134
vanilla,461,easy,3052036,176.14858618220677,,detected_misfiled,198,94
vanilla,413,easy,3052186,124.69623030241321,,found,53,53
vanilla,270,collision,3052379,98.32324588179831,9.0,found,189,189
vanilla,205,pair,3052786,157.74615849169385,,found,106,106
vanilla,440,easy,3053086,211.0362654777457,,found,85,85
vanilla,244,collision,3053293,178.25075251661997,-13.0,found,75,75
vanilla,134,pair,3058036,223.02826493263623,,found,135,135
vanilla,440,easy,3058261,289.4554759370152,,found,85,85
vanilla,134,pair,3059911,123.40181609441706,,found,135,135
vanilla,440,easy,3061411,303.02106747212883,,found,85,85
vanilla,371,noisy_channel,3061861,138.7264291948337,,found,118,118
vanilla,163,pair,3064561,117.24536272420751,,detected_misfiled,122,134
vanilla,440,easy,3064711,226.98365450935484,,found,85,85
vanilla,134,pair,3066436,137.14903424658843,,found,135,135
vanilla,163,pair,3066736,128.72068275085127,,detected_misfiled,71,134
vanilla,244,collision,3069110,179.4119762863555,9.0,detected_misfiled,18,75
vanilla,371,noisy_channel,3069361,163.08818361811387,,found,118,118
vanilla,244,collision,3070364,177.63316456259383,-4.0,found,75,75
vanilla,163,pair,3071611,124.70454107011379,,detected_misfiled,89,134
vanilla,205,pair,3072886,180.6945998156204,,found,106,106
vanilla,328,noisy_channel,3074311,170.22000817880985,,found,42,42
vanilla,328,noisy_channel,3076861,104.2893712062168,,found,42,42
vanilla,163,pair,3077161,143.74654594407008,,detected_misfiled,113,134
vanilla,371,noisy_channel,3077386,87.46946837499178,,detected_misfiled,52,118
vanilla,186,pair,3079186,90.39573490445231,,detected_misfiled,32,104
vanilla,440,easy,3080161,254.34556522865876,,found,85,85
vanilla,134,pair,3082261,102.40712656971589,,found,135,135
vanilla,244,collision,3082883,153.04120529516484,-6.0,detected_misfiled,77,75
vanilla,134,pair,3083311,102.8243421343343,,found,135,135
vanilla,134,pair,3083686,96.16769264788968,,found,135,135
vanilla,270,collision,3084289,191.07750345892973,12.0,detected_misfiled,118,189
vanilla,328,noisy_channel,3085561,113.86813662129262,,detected_misfiled,45,42
vanilla,244,collision,3086334,118.95208407663841,-20.0,not_detected,-1,75
vanilla,292,collision,3088702,148.7170164991688,-15.0,found,174,174
vanilla,371,noisy_channel,3089611,208.06747659527005,,detected_misfiled,120,118
vanilla,371,noisy_channel,3089836,115.36280904710549,,not_detected,-1,118
vanilla,328,noisy_channel,3090136,160.13409786471817,,detected_misfiled,200,42
vanilla,186,pair,3091186,115.18893386053749,,detected_misfiled,156,104
vanilla,371,noisy_channel,3091711,104.89252313903424,,found,118,118
vanilla,244,collision,3092066,170.03726669466926,-24.0,not_detected,-1,75
vanilla,163,pair,3092311,151.3691480565667,,not_detected,-1,134
vanilla,328,noisy_channel,3093811,132.2011057876498,,found,42,42
vanilla,440,easy,3094111,224.35608473173522,,found,85,85
vanilla,371,noisy_channel,3095086,145.4173411564133,,detected_misfiled,162,118
vanilla,163,pair,3095386,107.47745732800014,,detected_misfiled,147,134
vanilla,205,pair,3097261,146.1272425437091,,found,106,106
vanilla,163,pair,3097486,173.5951497602333,,detected_misfiled,40,134
vanilla,270,collision,3098350,124.11577889344929,20.0,found,189,189
vanilla,390,noisy_channel,3100636,178.66377249137358,,detected_misfiled,117,23
vanilla,440,easy,3101986,246.45196453231898,,found,85,85
vanilla,440,easy,3102211,269.2991852376897,,detected_misfiled,117,85
vanilla,371,noisy_channel,3104536,109.3055876377185,,found,118,118
vanilla,440,easy,3106186,284.0758228376535,,found,85,85
vanilla,186,pair,3106561,124.38677023871543,,not_detected,-1,104
vanilla,186,pair,3106861,97.80830865150287,,not_detected,-1,104
vanilla,292,collision,3107050,129.42247631088475,15.0,found,174,174
vanilla,186,pair,3107461,82.97053078574177,,found,104,104
vanilla,413,easy,3108736,183.57599805919517,,detected_misfiled,170,53
vanilla,163,pair,3110236,146.2518080759554,,detected_misfiled,111,134
vanilla,205,pair,3111361,152.3791357523095,,found,106,106
vanilla,390,noisy_channel,3112936,215.82524730041345,,found,23,23
vanilla,186,pair,3114286,108.27497450285709,,found,104,104
vanilla,390,noisy_channel,3114661,259.40740210019806,,found,23,23
vanilla,205,pair,3114886,153.60861087078783,,found,106,106
vanilla,270,collision,3115089,170.03085542714607,20.0,found,189,189
vanilla,461,easy,3115486,153.2033885532593,,found,94,94
vanilla,390,noisy_channel,3115636,279.76330676701986,,found,23,23
vanilla,244,collision,3116265,142.7212920939475,-24.0,detected_misfiled,14,75
vanilla,134,pair,3118186,165.6475419171337,,found,135,135
vanilla,270,collision,3118398,178.2034541597435,4.0,detected_misfiled,26,189
vanilla,413,easy,3120211,258.91313666284856,,found,53,53
vanilla,134,pair,3120436,109.1852694490762,,found,135,135
vanilla,413,easy,3122686,139.51397390609975,,found,53,53
vanilla,440,easy,3123586,236.64362098084737,,found,85,85
vanilla,244,collision,3125015,139.89054529053232,-13.0,detected_misfiled,116,75
vanilla,134,pair,3125236,129.82699690837183,,found,135,135
vanilla,461,easy,3125461,174.25358988529052,,found,94,94
vanilla,134,pair,3126886,123.25837860556362,,found,135,135
vanilla,371,noisy_channel,3127336,114.11524240864954,,detected_misfiled,142,118
vanilla,186,pair,3129061,97.44547562637104,,detected_misfiled,22,104
vanilla,186,pair,3132061,101.88385626411278,,not_detected,-1,104
vanilla,244,collision,3133225,186.16234351923237,-17.0,found,75,75
vanilla,244,collision,3133587,102.27831752074178,15.0,detected_misfiled,176,75
vanilla,134,pair,3133861,99.2491075275888,,found,135,135
vanilla,134,pair,3134011,99.27208779890645,,found,135,135
vanilla,440,easy,3134236,284.7875401901027,,found,85,85
vanilla,205,pair,3135511,121.32595261834095,,found,106,106
vanilla,440,easy,3135736,304.6758712002905,,found,85,85
vanilla,328,noisy_channel,3136486,141.94472292964255,,found,42,42
vanilla,270,collision,3138047,98.34086106776255,-20.0,found,189,189
vanilla,413,easy,3138586,223.98653903757503,,detected_misfiled,129,53
vanilla,134,pair,3140011,114.74372342493155,,found,135,135
vanilla,270,collision,3140788,158.86717236971987,20.0,found,189,189
vanilla,413,easy,3141511,254.73103563118048,,found,53,53
vanilla,163,pair,3141811,118.13972679315948,,detected_misfiled,32,134
vanilla,205,pair,3142786,141.2531695592145,,found,106,106
vanilla,186,pair,3143611,103.17579649647733,,detected_misfiled,107,104
vanilla,134,pair,3145111,83.1387884693037,,found,135,135
vanilla,390,noisy_channel,3145336,210.3796091756766,,found,23,23
vanilla,390,noisy_channel,3145486,199.68265363200294,,found,23,23
vanilla,371,noisy_channel,3147061,113.35736961087832,,found,118,118
vanilla,328,noisy_channel,3147361,118.10407058465293,,found,42,42
vanilla,390,noisy_channel,3149386,219.20691482418022,,found,23,23
vanilla,461,easy,3150286,181.90192493308143,,found,94,94
vanilla,292,collision,3150496,134.21352523291495,-7.0,found,174,174
vanilla,328,noisy_channel,3151111,206.86682247941135,,found,42,42
vanilla,440,easy,3151336,310.0044046662284,,detected_misfiled,147,85
vanilla,413,easy,3152161,260.112769745931,,found,53,53
vanilla,390,noisy_channel,3152611,226.2191818157367,,found,23,23
vanilla,413,easy,3152911,160.17620622040442,,found,53,53
vanilla,270,collision,3153658,95.96284316463152,-16.0,found,189,189
vanilla,244,collision,3154717,216.57977834173408,10.0,found,75,75
vanilla,270,collision,3156221,91.58173982789717,-6.0,detected_misfiled,112,189
vanilla,186,pair,3156736,112.22413722674801,,detected_misfiled,18,104
vanilla,328,noisy_channel,3156886,136.25662120555143,,detected_misfiled,40,42
vanilla,371,noisy_channel,3161611,158.00250417494698,,detected_misfiled,32,118
vanilla,134,pair,3162661,187.0326145626795,,found,135,135
vanilla,328,noisy_channel,3163111,121.40156045669076,,found,42,42
vanilla,163,pair,3163786,114.3438126230931,,detected_misfiled,117,134
vanilla,371,noisy_channel,3167086,138.0697239620061,,found,118,118
vanilla,163,pair,3167386,123.89969834863066,,not_detected,-1,134
vanilla,413,easy,3168061,228.7995464319947,,found,53,53
vanilla,134,pair,3170761,135.43454685643522,,found,135,135
vanilla,371,noisy_channel,3171286,115.97594306307889,,found,118,118
vanilla,390,noisy_channel,3172861,267.087075488499,,found,23,23
vanilla,186,pair,3173086,116.9931125495865,,detected_misfiled,40,104
vanilla,461,easy,3174961,138.5973023388301,,found,94,94
vanilla,461,easy,3176311,141.88690437139792,,detected_misfiled,31,94
vanilla,328,noisy_channel,3177361,117.57009454222268,,not_detected,-1,42
vanilla,371,noisy_channel,3178036,102.61282930606674,,detected_misfiled,77,118
vanilla,413,easy,3178336,215.36800258910813,,found,53,53
vanilla,461,easy,3179386,198.19452075793066,,found,94,94
vanilla,371,noisy_channel,3179836,142.97324374636187,,detected_misfiled,102,118
vanilla,371,noisy_channel,3181036,124.74891821898589,,detected_misfiled,9,118
vanilla,328,noisy_channel,3181486,121.94278733781675,,detected_misfiled,11,42
vanilla,413,easy,3182536,207.46095945043385,,found,53,53
vanilla,163,pair,3183361,128.47475193697744,,detected_misfiled,22,134
vanilla,134,pair,3183586,160.4739225947763,,found,135,135
vanilla,134,pair,3185836,149.55607024313542,,found,135,135
vanilla,390,noisy_channel,3186136,225.45081660410517,,found,23,23
vanilla,440,easy,3186361,234.62515649394282,,found,85,85
vanilla,440,easy,3187261,198.9353158916052,,found,85,85
vanilla,461,easy,3187411,246.92482826887806,,found,94,94
vanilla,328,noisy_channel,3188761,186.487614665708,,found,42,42
vanilla,390,noisy_channel,3188911,228.460574419014,,found,23,23
vanilla,413,easy,3190036,176.06883780245153,,found,53,53
vanilla,244,collision,3194998,188.5042240034051,-18.0,detected_misfiled,68,75
vanilla,461,easy,3198436,175.58357033475795,,found,94,94
vanilla,244,collision,3199300,172.01277513961725,-24.0,detected_misfiled,57,75
vanilla,163,pair,3200761,137.3219579198658,,found,134,134
vanilla,328,noisy_channel,3201136,115.05012249007584,,found,42,42
vanilla,390,noisy_channel,3202411,232.66573173004133,,found,23,23
vanilla,371,noisy_channel,3203236,164.02888577721512,,found,118,118
vanilla,328,noisy_channel,3204961,199.6840258607428,,found,42,42
vanilla,163,pair,3205411,135.96429825849526,,detected_misfiled,31,134
vanilla,270,collision,3207529,124.7154528211295,-15.0,found,189,189
vanilla,270,collision,3209648,149.4644203303527,-8.0,found,189,189
vanilla,461,easy,3210061,150.17579359465327,,found,94,94
vanilla,292,collision,3210266,152.7877363818322,20.0,found,174,174
vanilla,134,pair,3211336,161.3454037010676,,found,135,135
vanilla,134,pair,3212836,101.88174591526057,,found,135,135
vanilla,440,easy,3213061,201.2996938625056,,found,85,85
vanilla,244,collision,3213335,140.2166248198574,14.0,detected_misfiled,147,75
vanilla,244,collision,3219439,133.88423239474827,10.0,detected_misfiled,35,75
vanilla,461,easy,3220411,106.66239597309453,,not_detected,-1,94
vanilla,186,pair,3220636,64.5115330432439,,detected_misfiled,126,104
vanilla,371,noisy_channel,3221086,122.37227146025974,,found,118,118
vanilla,390,noisy_channel,3221986,256.90000923042334,,found,23,23
vanilla,163,pair,3222436,127.97203807363599,,detected_misfiled,117,134
vanilla,270,collision,3223409,129.77779977723395,-19.0,found,189,189
vanilla,413,easy,3224311,227.84054749841903,,found,53,53
vanilla,413,easy,3227986,210.50516207323537,,found,53,53
vanilla,461,easy,3228211,151.63758997035214,,found,94,94
vanilla,371,noisy_channel,3231286,144.8318457234769,,found,118,118
vanilla,328,noisy_channel,3232786,98.04306224893074,,found,42,42
vanilla,328,noisy_channel,3234436,101.64402248657194,,not_detected,-1,42
vanilla,461,easy,3234811,183.56254092710788,,found,94,94
vanilla,163,pair,3236161,170.88987140137516,,detected_misfiled,117,134
vanilla,205,pair,3237736,119.71487528931539,,detected_misfiled,147,106
vanilla,328,noisy_channel,3239236,154.79947599869925,,found,42,42
vanilla,205,pair,3239611,116.17800168161587,,found,106,106
vanilla,205,pair,3240136,156.4755594693363,,found,106,106
vanilla,371,noisy_channel,3240436,110.2034390071018,,found,118,118
vanilla,163,pair,3245161,126.439743824631,,detected_misfiled,154,134
vanilla,461,easy,3245611,182.02547745635025,,detected_misfiled,113,94
vanilla,440,easy,3245836,199.54735545063656,,detected_misfiled,46,85
vanilla,186,pair,3246736,97.00169638326553,,detected_misfiled,105,104
vanilla,328,noisy_channel,3247111,137.54634519066428,,detected_misfiled,45,42
vanilla,413,easy,3249436,169.60800366740284,,found,53,53
vanilla,413,easy,3250186,216.60755261669027,,found,53,53
vanilla,440,easy,3251536,234.0653823478719,,detected_misfiled,54,85
vanilla,390,noisy_channel,3254986,277.2231270437357,,found,23,23
vanilla,205,pair,3255661,230.60144930631716,,found,106,106
vanilla,390,noisy_channel,3255811,273.94009830742186,,found,23,23
vanilla,328,noisy_channel,3256711,141.70319872226577,,found,42,42
vanilla,461,easy,3257086,185.37663784693498,,found,94,94
vanilla,413,easy,3257986,182.42190425750215,,found,53,53
vanilla,461,easy,3260686,149.87090991948952,,found,94,94
vanilla,163,pair,3261361,255.100513752023,,found,134,134
vanilla,461,easy,3261961,158.31220792423505,,detected_misfiled,25,94
vanilla,328,noisy_channel,3262186,195.09767216041286,,found,42,42
vanilla,134,pair,3270436,165.7521218931185,,found,135,135
vanilla,371,noisy_channel,3270586,92.13179325673808,,found,118,118
vanilla,461,easy,3270736,186.64637872497855,,found,94,94
vanilla,163,pair,3271636,131.75728842363125,,detected_misfiled,50,134
vanilla,163,pair,3272986,135.31390410380044,,not_detected,-1,134
vanilla,328,noisy_channel,3273211,150.90065496021361,,detected_misfiled,200,42
vanilla,186,pair,3273961,115.10176830129254,,detected_misfiled,69,104
vanilla,328,noisy_channel,3274861,101.91042647681286,,detected_misfiled,43,42
vanilla,371,noisy_channel,3277486,117.4045601806724,,found,118,118
vanilla,244,collision,3277827,171.98260558209262,-12.0,found,75,75
vanilla,163,pair,3281686,126.79048975926624,,detected_misfiled,55,134
vanilla,186,pair,3281986,97.60756437853746,,found,104,104
vanilla,186,pair,3282661,94.70136484241182,,detected_misfiled,25,104
vanilla,163,pair,3284161,130.70240971605918,,found,134,134
vanilla,413,easy,3285586,202.05826372527162,,found,53,53
vanilla,328,noisy_channel,3286186,163.86774825309323,,detected_misfiled,68,42
vanilla,461,easy,3287236,193.60287976251897,,found,94,94
vanilla,134,pair,3291511,199.6701420659333,,found,135,135
vanilla,205,pair,3292861,128.2140864725804,,detected_misfiled,157,106
vanilla,371,noisy_channel,3294436,108.7232431699884,,not_detected,-1,118
vanilla,134,pair,3295111,144.78587652008594,,found,135,135
vanilla,371,noisy_channel,3295411,128.0881650405412,,found,118,118
vanilla,390,noisy_channel,3296611,231.06479618635848,,found,23,23
vanilla,134,pair,3296911,117.19948070535736,,found,135,135
vanilla,440,easy,3297211,333.9986676792036,,found,85,85
vanilla,371,noisy_channel,3297886,142.38380406480968,,found,118,118
vanilla,186,pair,3298561,122.8251515120854,,found,104,104
vanilla,186,pair,3298786,116.20447459807147,,detected_misfiled,138,104
vanilla,390,noisy_channel,3303886,263.7864189909957,,found,23,23
vanilla,440,easy,3305236,207.06584211477494,,found,85,85
vanilla,371,noisy_channel,3305611,145.2815275030654,,found,118,118
vanilla,163,pair,3306286,151.23187994765073,,found,134,134
vanilla,186,pair,3306436,92.98964932391232,,detected_misfiled,74,104
vanilla,440,easy,3306961,250.2298332114416,,detected_misfiled,199,85
vanilla,461,easy,3307861,142.75336076207395,,found,94,94
vanilla,163,pair,3308536,132.38697821865617,,detected_misfiled,153,134
vanilla,270,collision,3309163,145.80241193661348,6.0,found,189,189
vanilla,328,noisy_channel,3310486,149.50132452702005,,found,42,42
vanilla,244,collision,3311643,230.905419794858,17.0,detected_misfiled,78,75
vanilla,163,pair,3312361,122.8200786263853,,detected_misfiled,120,134
vanilla,413,easy,3313186,169.2800947221415,,found,53,53
vanilla,440,easy,3313861,165.2357540828525,,found,85,85
vanilla,134,pair,3315136,115.69175233997612,,found,135,135
vanilla,390,noisy_channel,3315811,224.92098808380564,,found,23,23
vanilla,292,collision,3316780,107.8558144292039,-10.0,found,174,174
vanilla,244,collision,3317664,181.3087177606326,17.0,detected_misfiled,52,75
vanilla,413,easy,3318436,271.1884811188726,,found,53,53
vanilla,244,collision,3319106,138.70166868156667,-15.0,found,75,75
vanilla,390,noisy_channel,3319636,186.6330947409569,,found,23,23
vanilla,413,easy,3319786,194.42103570958562,,detected_misfiled,138,53
vanilla,371,noisy_channel,3320536,141.51358091117265,,found,118,118
vanilla,163,pair,3322561,92.06358846802644,,detected_misfiled,200,134
vanilla,413,easy,3323086,170.30856391837887,,found,53,53
vanilla,390,noisy_channel,3323311,231.62556678811794,,found,23,23
vanilla,390,noisy_channel,3323536,247.57473364110928,,found,23,23
vanilla,244,collision,3323823,151.58803368040623,-18.0,detected_misfiled,116,75
vanilla,163,pair,3325261,158.01474973874988,,detected_misfiled,40,134
vanilla,461,easy,3328411,119.89673710722431,,detected_misfiled,126,94
vanilla,134,pair,3332236,154.74013462485527,,found,135,135
vanilla,270,collision,3332575,101.28851842905702,8.0,found,189,189
vanilla,244,collision,3333177,237.67034993492035,21.0,detected_misfiled,109,75
vanilla,413,easy,3334486,214.36537493837136,,found,53,53
vanilla,134,pair,3337111,168.65585088191116,,detected_misfiled,134,135
vanilla,163,pair,3338086,140.19805756286001,,detected_misfiled,24,134
vanilla,371,noisy_channel,3338536,168.0067895946574,,detected_misfiled,116,118
vanilla,413,easy,3338911,277.9072425163273,,detected_misfiled,199,53
vanilla,244,collision,3339650,208.51085811549797,18.0,found,75,75
vanilla,205,pair,3339886,171.67025594700772,,found,106,106
vanilla,461,easy,3341161,144.64930882882925,,found,94,94
vanilla,134,pair,3341311,113.74165206651388,,found,135,135
vanilla,328,noisy_channel,3341686,128.0453362118412,,found,42,42
vanilla,134,pair,3342736,99.70218905821565,,found,135,135
vanilla,371,noisy_channel,3343486,128.41369399653317,,detected_misfiled,185,118
vanilla,390,noisy_channel,3345961,214.8193247501482,,found,23,23
vanilla,270,collision,3346357,138.2909985322417,-7.0,found,189,189
vanilla,461,easy,3347236,194.57195383743277,,detected_misfiled,31,94
vanilla,134,pair,3347986,79.36139215655353,,found,135,135
vanilla,328,noisy_channel,3348361,165.14694832349886,,found,42,42
vanilla,440,easy,3349261,248.93524367091464,,found,85,85
vanilla,440,easy,3349936,252.4380285786263,,found,85,85
vanilla,461,easy,3350986,129.5068253584575,,detected_misfiled,35,94
vanilla,244,collision,3351479,140.208984494152,-23.0,detected_misfiled,196,75
vanilla,292,collision,3354992,115.18178297726038,-23.0,found,174,174
vanilla,186,pair,3355261,82.3219874176952,,found,104,104
vanilla,292,collision,3357403,114.38618331978255,-18.0,found,174,174
vanilla,461,easy,3358111,160.60322180444217,,found,94,94
vanilla,371,noisy_channel,3360136,146.59521722871523,,found,118,118
vanilla,205,pair,3362086,137.54597631798987,,found,106,106
vanilla,371,noisy_channel,3362536,108.51019382871768,,found,118,118
vanilla,163,pair,3362761,111.3859939174914,,found,134,134
vanilla,328,noisy_channel,3363136,127.04392114283304,,found,42,42
vanilla,244,collision,3365135,236.57063536111605,-12.0,detected_misfiled,81,75
vanilla,292,collision,3365543,137.86395806660843,-11.0,found,174,174
vanilla,371,noisy_channel,3367186,124.21899859696519,,not_detected,-1,118
vanilla,270,collision,3367447,121.21403241540034,4.0,found,189,189
vanilla,205,pair,3368536,119.33563538109354,,found,106,106
vanilla,461,easy,3368986,142.14499744200418,,detected_misfiled,142,94
vanilla,205,pair,3369886,129.53354572172407,,found,106,106
vanilla,413,easy,3370561,197.10858302151047,,found,53,53
vanilla,292,collision,3370990,121.32480133819628,-6.0,found,174,174
vanilla,244,collision,3373776,175.34127009674745,16.0,detected_misfiled,11,75
vanilla,292,collision,3374293,198.23847193482555,19.0,found,174,174
vanilla,163,pair,3374611,110.72452177163296,,detected_misfiled,65,134
vanilla,461,easy,3374911,199.61225556297737,,found,94,94
vanilla,328,noisy_channel,3376786,115.83585433945859,,found,42,42
vanilla,244,collision,3377739,130.6834826870405,9.0,detected_misfiled,77,75
vanilla,205,pair,3381811,183.7724250679757,,found,106,106
vanilla,390,noisy_channel,3382636,265.08295536873715,,found,23,23
vanilla,163,pair,3383611,133.95060878593466,,not_detected,-1,134
vanilla,371,noisy_channel,3384511,183.27934928328096,,detected_misfiled,116,118
vanilla,244,collision,3385273,244.2288419823135,-10.0,found,75,75
vanilla,205,pair,3386911,158.91454941147555,,found,106,106
vanilla,244,collision,3387767,115.10316545115555,4.0,found,75,75
vanilla,163,pair,3389536,191.99653146074655,,detected_misfiled,138,134
vanilla,328,noisy_channel,3389986,101.73936284211925,,found,42,42
vanilla,186,pair,3390661,86.68069705991603,,detected_misfiled,48,104
vanilla,440,easy,3391336,188.27488725498998,,detected_misfiled,75,85
vanilla,163,pair,3393061,140.82993705787788,,not_detected,-1,134
vanilla,205,pair,3394861,124.98431022012505,,found,106,106
vanilla,413,easy,3395311,161.7491690266905,,found,53,53
vanilla,440,easy,3395461,203.15510343520913,,found,85,85
vanilla,371,noisy_channel,3396961,115.09620702783609,,found,118,118
vanilla,390,noisy_channel,3398311,242.47166698879818,,found,23,23
vanilla,371,noisy_channel,3400861,128.94538329552424,,found,118,118
vanilla,440,easy,3401461,241.1922266895607,,found,85,85
vanilla,328,noisy_channel,3401611,129.9918927685911,,found,42,42
vanilla,134,pair,3407386,147.21441546051412,,found,135,135
vanilla,371,noisy_channel,3408361,172.46704091987192,,detected_misfiled,50,118
vanilla,461,easy,3408586,162.93929938685264,,detected_misfiled,95,94
vanilla,134,pair,3408736,143.48528139008178,,found,135,135
vanilla,205,pair,3410086,168.598241474244,,found,106,106
vanilla,440,easy,3411586,216.9478413949331,,found,85,85
vanilla,244,collision,3412087,125.75845482499861,12.0,detected_misfiled,28,75
vanilla,292,collision,3417299,117.1719115414181,19.0,found,174,174
vanilla,461,easy,3418861,170.3093896650338,,found,94,94
vanilla,292,collision,3419426,143.1999985238978,22.0,detected_misfiled,122,174
vanilla,371,noisy_channel,3421486,200.23397886614816,,found,118,118
vanilla,186,pair,3422011,86.02974077859375,,detected_misfiled,15,104
vanilla,205,pair,3422236,191.33429847877144,,found,106,106
vanilla,244,collision,3426408,147.04416526019628,-17.0,not_detected,-1,75
vanilla,440,easy,3431011,202.85068344284656,,found,85,85
vanilla,292,collision,3433276,104.65781495667946,-4.0,found,174,174
vanilla,440,easy,3434011,196.80523536043592,,found,85,85
vanilla,163,pair,3434686,118.13469925772186,,not_detected,-1,134
vanilla,292,collision,3435048,147.59835242718708,-6.0,found,174,174
vanilla,413,easy,3438961,158.11753168212115,,found,53,53
vanilla,413,easy,3439411,222.4920372939754,,found,53,53
vanilla,371,noisy_channel,3439636,111.39221931508058,,found,118,118
vanilla,186,pair,3440836,142.28181627820692,,detected_misfiled,25,104
vanilla,244,collision,3441784,143.15991815840752,-5.0,detected_misfiled,116,75
vanilla,244,collision,3442565,164.04743759338024,24.0,found,75,75
vanilla,134,pair,3443761,128.51052646197746,,detected_misfiled,134,135
vanilla,440,easy,3445186,304.97832411767627,,found,85,85
vanilla,163,pair,3446386,97.8916913013249,,detected_misfiled,62,134
vanilla,205,pair,3446536,152.3654098339003,,found,106,106
vanilla,134,pair,3447286,131.80250912226893,,found,135,135
vanilla,270,collision,3448679,171.36817881440172,18.0,found,189,189
vanilla,328,noisy_channel,3449386,146.15875606636502,,found,42,42
vanilla,163,pair,3449611,144.66148335806918,,detected_misfiled,48,134
vanilla,270,collision,3451775,123.683097165721,-11.0,found,189,189
vanilla,205,pair,3452236,134.30956935439926,,found,106,106
vanilla,328,noisy_channel,3452386,152.98312741980521,,found,42,42
vanilla,244,collision,3453117,209.99519719156757,14.0,detected_misfiled,2,75
vanilla,205,pair,3453361,146.49257460991316,,found,106,106
vanilla,390,noisy_channel,3454711,222.77493520146382,,found,23,23
vanilla,461,easy,3455311,213.51712240046083,,found,94,94
vanilla,390,noisy_channel,3455686,287.7741723286817,,found,23,23
vanilla,205,pair,3456361,128.13189454881052,,not_detected,-1,106
vanilla,461,easy,3457186,157.77906909411655,,found,94,94
vanilla,328,noisy_channel,3457711,114.1269848434294,,found,42,42
vanilla,205,pair,3457936,155.83693712776676,,found,106,106
vanilla,440,easy,3458461,257.80369991110064,,detected_misfiled,201,85
vanilla,205,pair,3458686,128.32990227977143,,found,106,106
vanilla,328,noisy_channel,3459136,168.60661001107715,,detected_misfiled,36,42
vanilla,390,noisy_channel,3459811,270.49389559181964,,found,23,23
vanilla,186,pair,3461911,95.08252353833538,,detected_misfiled,25,104
vanilla,270,collision,3463927,173.96859565958263,6.0,found,189,189
vanilla,371,noisy_channel,3465211,137.1864769661409,,found,118,118
vanilla,163,pair,3465661,124.49135196180926,,detected_misfiled,11,134
vanilla,461,easy,3466036,185.91952429375328,,found,94,94
vanilla,205,pair,3466486,133.45983829300448,,found,106,106
vanilla,371,noisy_channel,3466711,128.00949836351685,,not_detected,-1,118
vanilla,371,noisy_channel,3469111,90.61384304455099,,found,118,118
vanilla,186,pair,3470911,89.09869382414101,,detected_misfiled,100,104
vanilla,440,easy,3472186,234.52300703106798,,found,85,85
vanilla,134,pair,3472561,152.56045345600836,,found,135,135
vanilla,328,noisy_channel,3474061,106.66637505471931,,found,42,42
vanilla,186,pair,3474361,105.14940787897237,,detected_misfiled,32,104
vanilla,440,easy,3474586,241.19432563904033,,found,85,85
vanilla,186,pair,3475111,84.76040186545414,,detected_misfiled,106,104
vanilla,134,pair,3475411,185.99605904508468,,found,135,135
vanilla,328,noisy_channel,3477736,180.80890437130836,,found,42,42
vanilla,413,easy,3478636,106.85900501040726,,found,53,53
vanilla,413,easy,3479461,177.5360322010763,,found,53,53
vanilla,292,collision,3479806,198.25930238953356,9.0,found,174,174
vanilla,328,noisy_channel,3481036,112.25362552011666,,detected_misfiled,120,42
vanilla,328,noisy_channel,3481186,200.6564218766331,,found,42,42
vanilla,205,pair,3481861,157.66961592459296,,found,106,106
vanilla,163,pair,3482011,127.0702055955515,,detected_misfiled,186,134
vanilla,413,easy,3483661,186.71658910657186,,found,53,53
vanilla,292,collision,3483834,125.06415940861416,13.0,found,174,174
vanilla,163,pair,3487336,125.59922152496385,,not_detected,-1,134
vanilla,244,collision,3487987,230.7512291459696,-6.0,detected_misfiled,78,75
vanilla,440,easy,3490336,274.96552373517994,,found,85,85
vanilla,292,collision,3490490,141.55329742595188,23.0,found,174,174
vanilla,244,collision,3493976,152.60226022526973,-12.0,detected_misfiled,83,75
vanilla,163,pair,3495511,107.79513134621945,,not_detected,-1,134
vanilla,440,easy,3497011,211.32805760381004,,found,85,85
vanilla,461,easy,3500611,132.44550416127362,,found,94,94
vanilla,461,easy,3501286,131.18526676415422,,detected_misfiled,168,94
vanilla,186,pair,3501961,97.7100065292776,,detected_misfiled,18,104
vanilla,371,noisy_channel,3504511,314.84550615794285,,found,118,118
vanilla,292,collision,3505503,96.6782081616811,16.0,found,174,174
vanilla,328,noisy_channel,3505936,140.16683456479456,,found,42,42
vanilla,413,easy,3510211,129.07955673551868,,found,53,53
vanilla,134,pair,3512236,79.65210761474698,,found,135,135
vanilla,134,pair,3513061,145.05951237202223,,found,135,135
vanilla,461,easy,3514411,146.91231992713034,,not_detected,-1,94
vanilla,461,easy,3515911,214.10025602863863,,found,94,94
vanilla,413,easy,3516661,195.12251001896053,,found,53,53
vanilla,328,noisy_channel,3517411,124.53139080437384,,detected_misfiled,197,42
vanilla,244,collision,3518762,121.99892135744354,9.0,detected_misfiled,196,75
vanilla,134,pair,3520486,133.6371957902823,,found,135,135
vanilla,390,noisy_channel,3525136,191.20940647326145,,found,23,23
vanilla,461,easy,3525886,175.36673818062195,,found,94,94
vanilla,390,noisy_channel,3527611,196.28681791078066,,detected_misfiled,29,23
vanilla,163,pair,3527761,147.38965097131302,,detected_misfiled,9,134
vanilla,461,easy,3529111,211.80928605475196,,found,94,94
vanilla,186,pair,3531811,91.52025607490286,,detected_misfiled,105,104
vanilla,186,pair,3532786,95.2126971479905,,not_detected,-1,104
vanilla,244,collision,3533852,198.3212680272244,-5.0,detected_misfiled,199,75
vanilla,205,pair,3534436,139.3510243699653,,found,106,106
vanilla,440,easy,3535111,232.46116478986355,,found,85,85
vanilla,186,pair,3535936,158.4243311630301,,found,104,104
vanilla,413,easy,3537736,191.52250792870996,,found,53,53
vanilla,390,noisy_channel,3538261,242.231996590984,,found,23,23
vanilla,244,collision,3541013,193.76664222929483,-9.0,found,75,75
vanilla,328,noisy_channel,3541636,196.97206461746953,,found,42,42
vanilla,244,collision,3541924,187.02641268290344,19.0,found,75,75
vanilla,244,collision,3546937,142.52122885440738,21.0,found,75,75
vanilla,292,collision,3548306,130.96571509038301,-12.0,found,174,174
vanilla,244,collision,3548583,203.19197857323311,-20.0,detected_misfiled,74,75
vanilla,440,easy,3548761,219.92029707821487,,detected_misfiled,41,85
vanilla,186,pair,3550336,114.34602033378627,,detected_misfiled,41,104
vanilla,413,easy,3551611,167.13887175880703,,found,53,53
vanilla,371,noisy_channel,3552136,83.71818220326742,,found,118,118
vanilla,163,pair,3552736,124.2553067522087,,detected_misfiled,137,134
vanilla,413,easy,3553186,142.19460815204724,,found,53,53
vanilla,244,collision,3553456,146.2484431796337,14.0,detected_misfiled,201,75
vanilla,461,easy,3554536,178.96362486617303,,found,94,94
vanilla,413,easy,3556111,219.67297293474599,,found,53,53
vanilla,163,pair,3556336,111.37865441496405,,detected_misfiled,77,134
vanilla,461,easy,3557686,306.0663253255468,,found,94,94
vanilla,328,noisy_channel,3557911,156.03157261184938,,detected_misfiled,126,42
vanilla,371,noisy_channel,3558811,158.03905953026128,,found,118,118
vanilla,244,collision,3560972,168.8701613884954,-22.0,detected_misfiled,199,75
vanilla,461,easy,3562486,190.24678621352393,,detected_misfiled,43,94
vanilla,244,collision,3562706,135.29731770767302,15.0,detected_misfiled,70,75
vanilla,244,collision,3564943,146.50090825516446,7.0,detected_misfiled,59,75
vanilla,244,collision,3565561,184.4771530937367,-15.0,detected_misfiled,57,75
vanilla,205,pair,3565711,177.28214006842933,,detected_misfiled,15,106
vanilla,292,collision,3566264,93.56099527247903,11.0,found,174,174
vanilla,134,pair,3568036,160.2835030590437,,found,135,135
vanilla,270,collision,3574000,144.1904463474216,-4.0,found,189,189
vanilla,134,pair,3574411,170.90800823806796,,found,135,135
vanilla,292,collision,3575162,125.26945172479027,14.0,found,174,174
vanilla,205,pair,3575386,120.93080486613125,,found,106,106
vanilla,186,pair,3575761,87.00052024358604,,detected_misfiled,113,104
vanilla,292,collision,3578235,141.43216484342585,-19.0,found,174,174
vanilla,461,easy,3578536,117.651657682192,,found,94,94
vanilla,244,collision,3579343,168.18154080350956,-14.0,found,75,75
vanilla,134,pair,3581311,138.6202458031533,,found,135,135
vanilla,440,easy,3581986,191.64603820547828,,found,85,85
vanilla,134,pair,3583486,102.73057697968534,,found,135,135
vanilla,134,pair,3583711,128.60768631246276,,found,135,135
vanilla,440,easy,3584236,217.96075810295866,,found,85,85
vanilla,371,noisy_channel,3587311,157.0009994364817,,found,118,118
vanilla,440,easy,3587986,189.25935590980706,,found,85,85
vanilla,270,collision,3588585,85.78961674952942,-8.0,found,189,189
vanilla,244,collision,3588943,142.09319129924114,-22.0,found,75,75
vanilla,134,pair,3589111,109.54255073611677,,found,135,135
vanilla,413,easy,3590836,194.34912963080868,,found,53,53
vanilla,186,pair,3591061,143.34785168379517,,found,104,104
vanilla,186,pair,3591811,112.65180354043798,,detected_misfiled,14,104
vanilla,163,pair,3591961,138.37314428049683,,detected_misfiled,3,134
vanilla,292,collision,3594765,146.52093655172183,-9.0,found,174,174
vanilla,292,collision,3596185,133.24265623359145,19.0,found,174,174
vanilla,134,pair,3598861,89.85041988693567,,found,135,135
vanilla,244,collision,3599456,194.81738315701588,19.0,detected_misfiled,99,75
subsample_align,371,noisy_channel,1636,143.418961029888,,detected_misfiled,123,121
subsample_align,244,collision,2203,192.8159586729295,-14.0,found,76,76
subsample_align,461,easy,3661,149.89004656245044,,detected_misfiled,15,94
subsample_align,328,noisy_channel,4861,119.79292740759385,,found,38,38
subsample_align,390,noisy_channel,7636,266.9497256306307,,detected_misfiled,22,21
subsample_align,244,collision,8245,178.45459454875032,13.0,detected_misfiled,166,76
subsample_align,244,collision,9195,173.17348934387132,9.0,found,76,76
subsample_align,292,collision,10996,108.2202345042655,10.0,found,172,172
subsample_align,205,pair,11161,140.00591867394473,,found,105,105
subsample_align,134,pair,12436,160.6730575695094,,found,134,134
subsample_align,205,pair,14011,171.03605212878034,,detected_misfiled,83,105
subsample_align,328,noisy_channel,14386,131.76464689278868,,not_detected,-1,38
subsample_align,461,easy,14611,162.45836480634512,,not_detected,-1,94
subsample_align,163,pair,15061,159.32383242110782,,found,135,135
subsample_align,328,noisy_channel,18436,162.11636741066627,,found,38,38
subsample_align,186,pair,19636,157.09512147319583,,detected_misfiled,59,103
subsample_align,205,pair,21361,187.27126964225585,,found,105,105
subsample_align,413,easy,24286,171.91558870589387,,found,51,51
subsample_align,390,noisy_channel,25036,206.14683107435556,,found,21,21
subsample_align,134,pair,25786,138.67511571954407,,found,134,134
subsample_align,371,noisy_channel,25936,121.93371173773815,,detected_misfiled,173,121
subsample_align,328,noisy_channel,26761,170.1018016969875,,found,38,38
subsample_align,205,pair,26986,183.36475329201824,,detected_misfiled,24,105
subsample_align,390,noisy_channel,28486,233.37713228866684,,detected_misfiled,22,21
subsample_align,413,easy,28861,238.70014746502633,,found,51,51
subsample_align,328,noisy_channel,29686,132.87566494682068,,found,38,38
subsample_align,270,collision,31437,105.09149793269053,-11.0,found,185,185
subsample_align,440,easy,33661,234.34083239593605,,found,85,85
subsample_align,186,pair,34036,84.49259180235539,,not_detected,-1,103
subsample_align,205,pair,35161,138.45008456361865,,detected_misfiled,24,105
subsample_align,413,easy,36286,174.9757729590752,,found,51,51
subsample_align,413,easy,37111,178.7863678231341,,found,51,51
subsample_align,205,pair,37636,164.1273063658926,,found,105,105
subsample_align,186,pair,37861,87.65365757905825,,detected_misfiled,99,103
subsample_align,371,noisy_channel,38311,140.23459144656766,,found,121,121
subsample_align,244,collision,40783,207.14250516429888,-10.0,found,76,76
subsample_align,328,noisy_channel,42286,93.25451589615722,,detected_misfiled,126,38
subsample_align,244,collision,42727,186.4144165490726,-13.0,detected_misfiled,44,76
subsample_align,371,noisy_channel,43036,190.97050729959273,,found,121,121
subsample_align,186,pair,44161,96.9264085204067,,detected_misfiled,143,103
subsample_align,461,easy,44536,140.79961943976008,,detected_misfiled,55,94
subsample_align,440,easy,44761,250.8644401030009,,found,85,85
subsample_align,270,collision,46668,120.69618188627919,-11.0,found,185,185
subsample_align,328,noisy_channel,47161,143.44832979752937,,detected_misfiled,65,38
subsample_align,270,collision,48959,124.87444314101595,15.0,detected_misfiled,50,185
subsample_align,186,pair,50611,129.55333812604715,,detected_misfiled,47,103
subsample_align,205,pair,50761,171.74093280572015,,found,105,105
subsample_align,205,pair,53011,205.38709297733476,,not_detected,-1,105
subsample_align,413,easy,55036,175.09292897775015,,found,51,51
subsample_align,371,noisy_channel,56611,131.27462522063726,,detected_misfiled,71,121
subsample_align,134,pair,57136,169.20471596224533,,found,134,134
subsample_align,163,pair,57811,135.0661786090881,,not_detected,-1,135
subsample_align,244,collision,60021,112.87840942047431,17.0,found,76,76
subsample_align,461,easy,60811,149.48366000727367,,found,94,94
subsample_align,205,pair,61036,164.15217457152391,,found,105,105
subsample_align,328,noisy_channel,61186,141.8773247554929,,detected_misfiled,27,38
subsample_align,328,noisy_channel,63586,140.79122458865277,,found,38,38
subsample_align,134,pair,64411,114.24910676437347,,found,134,134
subsample_align,186,pair,64561,100.18335249187386,,detected_misfiled,154,103
subsample_align,205,pair,65311,169.03975403674667,,detected_misfiled,56,105
subsample_align,292,collision,65664,153.74717869040092,19.0,found,172,172
subsample_align,270,collision,66337,136.3782682279451,18.0,detected_misfiled,92,185
subsample_align,440,easy,66511,234.20917415257546,,found,85,85
subsample_align,134,pair,67261,116.92724323573222,,found,134,134
subsample_align,440,easy,68986,225.0299045327942,,found,85,85
subsample_align,205,pair,69586,138.68655464345147,,detected_misfiled,150,105
subsample_align,440,easy,69961,231.15032882882622,,found,85,85
subsample_align,270,collision,70242,126.25604005606536,-11.0,found,185,185
subsample_align,413,easy,71686,225.84882029889224,,found,51,51
subsample_align,186,pair,72136,92.47128229365174,,detected_misfiled,114,103
subsample_align,134,pair,72361,95.95761788695722,,found,134,134
subsample_align,270,collision,73091,175.95439966140668,-12.0,detected_misfiled,187,185
subsample_align,390,noisy_channel,73411,174.8999327421399,,found,21,21
subsample_align,186,pair,75286,151.17556308986374,,not_detected,-1,103
subsample_align,186,pair,75661,82.39276151589934,,detected_misfiled,42,103
subsample_align,205,pair,76036,140.3794402192769,,found,105,105
subsample_align,390,noisy_channel,77311,261.0991136751348,,detected_misfiled,109,21
subsample_align,163,pair,78436,108.9981499551073,,detected_misfiled,196,135
subsample_align,205,pair,79111,147.98038068422898,,detected_misfiled,72,105
subsample_align,328,noisy_channel,79561,139.3816778713383,,found,38,38
subsample_align,390,noisy_channel,79861,230.0444507581812,,found,21,21
subsample_align,461,easy,82786,173.78502243258202,,found,94,94
subsample_align,390,noisy_channel,83086,269.4015320135375,,detected_misfiled,22,21
subsample_align,413,easy,83536,226.5659682214066,,found,51,51
subsample_align,186,pair,84511,118.12142663309075,,not_detected,-1,103
subsample_align,440,easy,84661,293.01404276861814,,found,85,85
subsample_align,440,easy,85861,183.5787192939349,,found,85,85
subsample_align,440,easy,86011,207.35807619478447,,found,85,85
subsample_align,461,easy,86986,123.53589047686822,,not_detected,-1,94
subsample_align,244,collision,89268,148.41274150718357,-18.0,found,76,76
subsample_align,134,pair,90211,108.71056624339924,,found,134,134
subsample_align,328,noisy_channel,90661,148.7096304874431,,found,38,38
subsample_align,134,pair,90961,107.10217993260763,,found,134,134
subsample_align,328,noisy_channel,95236,157.63680494702487,,found,38,38
subsample_align,371,noisy_channel,96061,163.87865827574635,,found,121,121
subsample_align,205,pair,96661,159.7551160510621,,detected_misfiled,1,105
subsample_align,328,noisy_channel,97786,121.90098227771007,,detected_misfiled,143,38
subsample_align,413,easy,100186,158.79636722872056,,found,51,51
subsample_align,440,easy,101761,298.83771833210176,,found,85,85
subsample_align,461,easy,102361,218.38359170627777,,found,94,94
subsample_align,461,easy,102811,153.0227615993665,,found,94,94
subsample_align,371,noisy_channel,103411,150.69798102663367,,detected_misfiled,33,121
subsample_align,413,easy,105886,233.57518115144163,,found,51,51
subsample_align,134,pair,107236,166.65686375891215,,found,134,134
subsample_align,186,pair,108211,107.22542504484662,,found,103,103
subsample_align,461,easy,108436,227.48159530258266,,found,94,94
subsample_align,328,noisy_channel,108586,143.7176060927774,,found,38,38
subsample_align,461,easy,109861,157.45659522136953,,found,94,94
subsample_align,461,easy,111886,141.53731875531184,,found,94,94
subsample_align,328,noisy_channel,112261,140.17954718827417,,detected_misfiled,17,38
subsample_align,163,pair,113311,141.0731179224481,,detected_misfiled,53,135
subsample_align,413,easy,113611,148.43876105245255,,found,51,51
subsample_align,134,pair,117436,137.64496744831825,,found,134,134
subsample_align,413,easy,120136,184.26480715964664,,found,51,51
subsample_align,186,pair,121111,93.46669064670301,,not_detected,-1,103
subsample_align,328,noisy_channel,123286,202.34623467755262,,found,38,38
subsample_align,205,pair,123436,187.17149150936078,,detected_misfiled,31,105
subsample_align,186,pair,125086,89.6180846212977,,detected_misfiled,76,103
subsample_align,186,pair,125536,97.0606983005903,,not_detected,-1,103
subsample_align,328,noisy_channel,125761,154.47702193875963,,detected_misfiled,40,38
subsample_align,205,pair,126211,128.99546363710712,,detected_misfiled,148,105
subsample_align,328,noisy_channel,126736,191.11639676919486,,found,38,38
subsample_align,390,noisy_channel,126961,226.3144165259219,,found,21,21
subsample_align,186,pair,127561,78.53649580009285,,detected_misfiled,190,103
subsample_align,328,noisy_channel,127786,150.85319740334702,,found,38,38
subsample_align,186,pair,129211,128.51614284086259,,not_detected,-1,103
subsample_align,134,pair,132361,117.5313777068047,,found,134,134
subsample_align,134,pair,132511,112.05939123285887,,found,134,134
subsample_align,390,noisy_channel,133261,243.0123170781912,,detected_misfiled,22,21
subsample_align,328,noisy_channel,134011,130.89193471072457,,found,38,38
subsample_align,413,easy,135061,139.1148321436971,,found,51,51
subsample_align,163,pair,135886,120.82328785017285,,detected_misfiled,60,135
subsample_align,134,pair,136561,137.70860020313307,,found,134,134
subsample_align,328,noisy_channel,137236,131.54353868938605,,detected_misfiled,36,38
subsample_align,328,noisy_channel,138136,127.4374939592597,,detected_misfiled,34,38
subsample_align,205,pair,139036,187.206221151881,,detected_misfiled,90,105
subsample_align,244,collision,140961,155.56400700736916,-10.0,detected_misfiled,156,76
subsample_align,440,easy,141286,230.60492492212973,,found,85,85
subsample_align,134,pair,141661,119.03327747837092,,found,134,134
subsample_align,371,noisy_channel,142336,120.87736032619344,,found,121,121
subsample_align,390,noisy_channel,143911,253.32517696063832,,detected_misfiled,22,21
subsample_align,390,noisy_channel,144136,268.39603430918066,,found,21,21
subsample_align,292,collision,144627,138.16086468697642,8.0,found,172,172
subsample_align,270,collision,145626,145.66545459979253,-7.0,detected_misfiled,131,185
subsample_align,413,easy,146161,206.89489351677219,,found,51,51
subsample_align,270,collision,146315,132.79549212810085,7.0,detected_misfiled,183,185
subsample_align,205,pair,147736,130.45259317030698,,not_detected,-1,105
subsample_align,292,collision,149445,163.82367469192684,19.0,found,172,172
subsample_align,328,noisy_channel,149836,130.80857301390589,,found,38,38
subsample_align,413,easy,150136,165.0974821534921,,found,51,51
subsample_align,134,pair,151336,103.94645517944863,,found,134,134
subsample_align,186,pair,151486,112.05887838536862,,not_detected,-1,103
subsample_align,270,collision,153268,151.75087300376003,-13.0,detected_misfiled,118,185
subsample_align,270,collision,154573,86.5977805282377,17.0,detected_misfiled,174,185
subsample_align,440,easy,154786,266.7556061561789,,found,85,85
subsample_align,186,pair,155236,124.06585392576554,,found,103,103
subsample_align,413,easy,156736,143.21331425223767,,found,51,51
subsample_align,328,noisy_channel,160261,150.85199391092465,,found,38,38
subsample_align,163,pair,160411,115.08176576702402,,detected_misfiled,131,135
subsample_align,413,easy,163711,220.87761800890473,,found,51,51
subsample_align,371,noisy_channel,164311,95.23391179017733,,found,121,121
subsample_align,328,noisy_channel,166786,97.99652012386741,,found,38,38
subsample_align,413,easy,168061,199.74768106382365,,found,51,51
subsample_align,413,easy,168211,263.9165512801867,,found,51,51
subsample_align,270,collision,170506,103.27939016061482,-6.0,found,185,185
subsample_align,292,collision,171018,143.80780325843747,-12.0,found,172,172
subsample_align,413,easy,172336,192.9238965689932,,detected_misfiled,127,51
subsample_align,244,collision,172654,153.26188734100833,18.0,detected_misfiled,83,76
subsample_align,163,pair,173536,107.11890245937738,,detected_misfiled,18,135
subsample_align,413,easy,175261,125.21065395984738,,found,51,51
subsample_align,413,easy,176461,212.1254988288744,,found,51,51
subsample_align,328,noisy_channel,176611,84.760006826992,,detected_misfiled,156,38
subsample_align,371,noisy_channel,177736,108.82079400190646,,detected_misfiled,95,121
subsample_align,440,easy,178936,227.59537317409325,,found,85,85
subsample_align,186,pair,181861,104.5407557895669,,detected_misfiled,106,103
subsample_align,292,collision,184341,152.7010521720577,19.0,found,172,172
subsample_align,163,pair,184936,163.9685754889435,,detected_misfiled,64,135
subsample_align,186,pair,185086,129.40807433322797,,found,103,103
subsample_align,270,collision,186306,89.9334870927471,-4.0,found,185,185
subsample_align,461,easy,188311,184.18900978732233,,found,94,94
subsample_align,163,pair,189886,118.8087172848893,,not_detected,-1,135
subsample_align,440,easy,191686,201.08480159041625,,found,85,85
subsample_align,163,pair,191836,205.2184381781799,,not_detected,-1,135
subsample_align,134,pair,195061,133.07551556442627,,found,134,134
subsample_align,390,noisy_channel,195511,235.48102635984577,,detected_misfiled,116,21
subsample_align,440,easy,195661,296.75464328892105,,found,85,85
subsample_align,270,collision,196427,144.9970418705289,11.0,found,185,185
subsample_align,186,pair,197536,94.53413539520157,,detected_misfiled,42,103
subsample_align,163,pair,198811,129.57259540550766,,detected_misfiled,70,135
subsample_align,440,easy,199036,207.74403670787558,,detected_misfiled,34,85
subsample_align,205,pair,199936,157.20800650967632,,detected_misfiled,14,105
subsample_align,134,pair,200236,117.27135751714607,,found,134,134
subsample_align,413,easy,200761,173.67584526697914,,found,51,51
subsample_align,186,pair,201961,102.40171464601015,,found,103,103
subsample_align,371,noisy_channel,202411,151.58733883529112,,found,121,121
subsample_align,163,pair,202936,132.72052055426477,,not_detected,-1,135
subsample_align,292,collision,203558,120.34853486188192,13.0,found,172,172
subsample_align,134,pair,203986,119.82079436696688,,found,134,134
subsample_align,186,pair,208486,104.77919195691896,,detected_misfiled,104,103
subsample_align,205,pair,210136,123.87585467184286,,detected_misfiled,114,105
subsample_align,186,pair,210886,166.1917761252484,,detected_misfiled,42,103
subsample_align,270,collision,212952,142.94518817775838,-23.0,detected_misfiled,34,185
subsample_align,292,collision,214635,118.84866277702454,5.0,found,172,172
subsample_align,134,pair,214786,197.17490591372746,,found,134,134
subsample_align,371,noisy_channel,215686,178.83698992393687,,found,121,121
subsample_align,186,pair,216361,122.70744477121718,,detected_misfiled,62,103
subsample_align,205,pair,219736,155.05713451102912,,detected_misfiled,104,105
subsample_align,134,pair,220111,125.83316231075005,,detected_misfiled,108,134
subsample_align,461,easy,220336,166.5962269643221,,found,94,94
subsample_align,461,easy,220486,170.32813761755426,,found,94,94
subsample_align,413,easy,221536,219.36161277321628,,found,51,51
subsample_align,371,noisy_channel,222886,122.93875838102679,,found,121,121
subsample_align,461,easy,223261,185.90674931435018,,found,94,94
subsample_align,134,pair,223936,130.16987468262383,,found,134,134
subsample_align,328,noisy_channel,225361,106.39230979409987,,found,38,38
subsample_align,292,collision,225930,87.9928425116566,-23.0,found,172,172
subsample_align,328,noisy_channel,226111,164.4587834571953,,found,38,38
subsample_align,390,noisy_channel,227761,199.94989011092594,,found,21,21
subsample_align,205,pair,228061,150.171739033885,,detected_misfiled,154,105
subsample_align,244,collision,229889,142.28097344211997,4.0,detected_misfiled,71,76
subsample_align,440,easy,231811,187.0836569424216,,found,85,85
subsample_align,390,noisy_channel,234136,227.82793228445024,,detected_misfiled,22,21
subsample_align,292,collision,234333,135.85673860272726,10.0,found,172,172
subsample_align,205,pair,235186,157.14082800872364,,detected_misfiled,8,105
subsample_align,205,pair,236011,177.84158793583453,,found,105,105
subsample_align,328,noisy_channel,237586,144.99822048666852,,found,38,38
subsample_align,413,easy,237736,173.87431331929787,,found,51,51
subsample_align,390,noisy_channel,238036,274.0170687710176,,detected_misfiled,22,21
subsample_align,205,pair,238936,141.93938078750975,,detected_misfiled,15,105
subsample_align,440,easy,239686,280.66390148116943,,found,85,85
subsample_align,205,pair,240061,168.39201269928532,,detected_misfiled,12,105
subsample_align,390,noisy_channel,240436,218.81612325698813,,detected_misfiled,199,21
subsample_align,205,pair,240586,134.29322382566724,,detected_misfiled,184,105
subsample_align,328,noisy_channel,243661,148.48342684014438,,found,38,38
subsample_align,440,easy,244711,255.43929599939335,,found,85,85
subsample_align,440,easy,247036,233.1612156620043,,detected_misfiled,198,85
subsample_align,371,noisy_channel,248236,118.9594156227133,,found,121,121
subsample_align,186,pair,249736,116.17576682247793,,detected_misfiled,4,103
subsample_align,163,pair,251161,114.25416250657673,,not_detected,-1,135
subsample_align,328,noisy_channel,251686,148.47842618213247,,detected_misfiled,112,38
subsample_align,413,easy,253411,245.02422766471477,,found,51,51
subsample_align,205,pair,254386,160.74346391287884,,found,105,105
subsample_align,244,collision,254633,242.06424478260706,-22.0,detected_misfiled,75,76
subsample_align,186,pair,254986,101.03582784229596,,detected_misfiled,109,103
subsample_align,371,noisy_channel,255136,160.5082950922719,,found,121,121
subsample_align,328,noisy_channel,255436,138.24171549431864,,found,38,38
subsample_align,413,easy,256186,187.2820943360892,,found,51,51
subsample_align,270,collision,257363,107.7968235388661,-4.0,found,185,185
subsample_align,270,collision,258215,100.2801887613414,14.0,found,185,185
subsample_align,270,collision,259260,128.3060169559748,-24.0,found,185,185
subsample_align,244,collision,260205,180.89486812536066,5.0,found,76,76
subsample_align,292,collision,260728,127.89179334572022,11.0,found,172,172
subsample_align,371,noisy_channel,261211,165.07852553399937,,found,121,121
subsample_align,390,noisy_channel,261436,298.18029042516514,,detected_misfiled,22,21
subsample_align,328,noisy_channel,261811,187.09395069402694,,found,38,38
subsample_align,371,noisy_channel,262036,147.03114482898818,,found,121,121
subsample_align,390,noisy_channel,263386,235.67864550932217,,detected_misfiled,22,21
subsample_align,413,easy,264061,172.4193811983605,,found,51,51
subsample_align,292,collision,264239,120.75145193147108,16.0,found,172,172
subsample_align,390,noisy_channel,264436,203.72102675343038,,found,21,21
subsample_align,328,noisy_channel,264736,170.3610014956762,,found,38,38
subsample_align,461,easy,265111,166.8984698704158,,detected_misfiled,102,94
subsample_align,328,noisy_channel,266836,173.80735778253865,,found,38,38
subsample_align,371,noisy_channel,267361,105.5428568747827,,found,121,121
subsample_align,328,noisy_channel,268561,156.71929610093042,,found,38,38
subsample_align,440,easy,269536,269.0045820396316,,detected_misfiled,126,85
subsample_align,413,easy,270511,267.05012348702854,,found,51,51
subsample_align,205,pair,270961,147.1290745994874,,detected_misfiled,68,105
subsample_align,461,easy,271411,150.7479322893854,,detected_misfiled,132,94
subsample_align,390,noisy_channel,272461,183.2593617568679,,found,21,21
subsample_align,390,noisy_channel,272686,195.0167148259086,,found,21,21
subsample_align,413,easy,274186,244.37761588330233,,found,51,51
subsample_align,413,easy,276061,202.90692088775467,,found,51,51
subsample_align,186,pair,277711,94.90282867874053,,found,103,103
subsample_align,270,collision,279633,89.23971348776108,13.0,found,185,185
subsample_align,371,noisy_channel,281011,94.0579165794303,,not_detected,-1,121
subsample_align,205,pair,282661,138.51750885690572,,detected_misfiled,149,105
subsample_align,440,easy,283336,201.8910587023685,,found,85,85
subsample_align,440,easy,283711,219.15462322646104,,found,85,85
subsample_align,270,collision,285243,129.02231496876013,-15.0,detected_misfiled,181,185
subsample_align,186,pair,285661,88.30016367157552,,detected_misfiled,107,103
subsample_align,270,collision,286439,97.54151885236166,-24.0,detected_misfiled,135,185
subsample_align,292,collision,291211,120.34872758026587,23.0,found,172,172
subsample_align,292,collision,293082,138.60004510305936,-23.0,found,172,172
subsample_align,244,collision,293335,106.71874507693673,18.0,detected_misfiled,17,76
subsample_align,328,noisy_channel,294436,216.23365789308497,,not_detected,-1,38
subsample_align,461,easy,294586,144.19827349609113,,detected_misfiled,178,94
subsample_align,186,pair,295711,89.65541196480633,,not_detected,-1,103
subsample_align,440,easy,296611,266.2802252106266,,found,85,85
subsample_align,371,noisy_channel,296761,154.74263457669977,,found,121,121
subsample_align,461,easy,297736,160.15830883877632,,detected_misfiled,168,94
subsample_align,440,easy,299011,239.74534601158462,,found,85,85
subsample_align,328,noisy_channel,300286,138.14962065612218,,found,38,38
subsample_align,461,easy,302311,217.39198216495646,,found,94,94
subsample_align,292,collision,304221,181.62845555351828,13.0,found,172,172
subsample_align,371,noisy_channel,304936,99.78880440039623,,found,121,121
subsample_align,186,pair,305761,128.37058005358975,,detected_misfiled,54,103
subsample_align,244,collision,306854,127.96783534986233,-6.0,detected_misfiled,59,76
subsample_align,134,pair,307036,167.32943387695622,,found,134,134
subsample_align,371,noisy_channel,307186,155.38463943759754,,found,121,121
subsample_align,440,easy,307336,296.23620918226356,,found,85,85
subsample_align,163,pair,307486,123.1187999675825,,not_detected,-1,135
subsample_align,328,noisy_channel,308086,104.52092463342757,,detected_misfiled,126,38
subsample_align,134,pair,310036,102.6623306011186,,found,134,134
subsample_align,413,easy,310486,205.33978123785704,,found,51,51
subsample_align,163,pair,310936,125.74004679525947,,detected_misfiled,196,135
subsample_align,328,noisy_channel,311386,146.08438274859395,,detected_misfiled,153,38
subsample_align,134,pair,311536,104.09116793766046,,found,134,134
subsample_align,440,easy,313936,209.4411978422345,,found,85,85
subsample_align,205,pair,314311,155.5124257185497,,found,105,105
subsample_align,440,easy,315361,211.16006050034176,,found,85,85
subsample_align,292,collision,315816,77.72050310904604,19.0,found,172,172
subsample_align,328,noisy_channel,316411,175.16094012537866,,found,38,38
subsample_align,205,pair,318511,124.09240096917243,,found,105,105
subsample_align,205,pair,320161,160.33856668052977,,found,105,105
subsample_align,186,pair,320686,134.4420098430501,,detected_misfiled,126,103
subsample_align,328,noisy_channel,320836,110.3836265305363,,found,38,38
subsample_align,440,easy,322336,184.5878514271712,,found,85,85
subsample_align,292,collision,322661,163.07736248152366,-22.0,found,172,172
subsample_align,371,noisy_channel,322936,134.90917489765636,,found,121,121
subsample_align,163,pair,324511,134.16944624047682,,detected_misfiled,102,135
subsample_align,134,pair,325861,121.32226390081969,,found,134,134
subsample_align,292,collision,326788,120.22817294932582,-11.0,found,172,172
subsample_align,134,pair,328186,106.27270910595749,,found,134,134
subsample_align,163,pair,328486,119.87533249290044,,detected_misfiled,28,135
subsample_align,413,easy,330361,168.67922009715573,,found,51,51
subsample_align,186,pair,330586,111.02150196255795,,detected_misfiled,115,103
subsample_align,390,noisy_channel,330886,260.96515956872884,,detected_misfiled,22,21
subsample_align,371,noisy_channel,331861,132.1451775471843,,found,121,121
subsample_align,461,easy,332086,198.26105003311318,,found,94,94
subsample_align,134,pair,333736,159.59636929797244,,found,134,134
subsample_align,292,collision,334747,138.94574353999894,-15.0,found,172,172
subsample_align,440,easy,337036,237.790534873368,,found,85,85
subsample_align,134,pair,339511,155.02437966661898,,found,134,134
subsample_align,390,noisy_channel,339736,231.6803820750392,,found,21,21
subsample_align,134,pair,340261,148.47465563127872,,found,134,134
subsample_align,163,pair,340636,179.6812983837794,,detected_misfiled,82,135
subsample_align,413,easy,340861,256.2728986267505,,found,51,51
subsample_align,163,pair,342286,134.46790485140994,,not_detected,-1,135
subsample_align,440,easy,345211,209.07590489319824,,found,85,85
subsample_align,390,noisy_channel,345886,244.3332056670846,,detected_misfiled,22,21
subsample_align,205,pair,347611,152.2907191796798,,detected_misfiled,34,105
subsample_align,371,noisy_channel,349111,111.45956739286245,,found,121,121
subsample_align,244,collision,349336,264.4157645705747,5.0,detected_misfiled,75,76
subsample_align,244,collision,349794,151.608297208433,-8.0,not_detected,-1,76
subsample_align,205,pair,350386,169.95577561553387,,detected_misfiled,106,105
subsample_align,186,pair,351286,111.0811637252367,,detected_misfiled,100,103
subsample_align,163,pair,352036,135.91834999612465,,detected_misfiled,118,135
subsample_align,440,easy,353236,264.26221686762347,,found,85,85
subsample_align,328,noisy_channel,354436,113.23940923847812,,found,38,38
subsample_align,186,pair,355861,100.58567787456435,,detected_misfiled,65,103
subsample_align,292,collision,359230,101.6393229161983,12.0,found,172,172
subsample_align,134,pair,359536,79.3020708619193,,found,134,134
subsample_align,440,easy,361036,161.14116139221224,,found,85,85
subsample_align,270,collision,361696,157.1059072467408,-19.0,found,185,185
subsample_align,163,pair,362536,201.72453016108707,,detected_misfiled,106,135
subsample_align,244,collision,363299,201.21733897600419,-20.0,not_detected,-1,76
subsample_align,134,pair,365386,114.24413619055386,,found,134,134
subsample_align,186,pair,365686,76.72787960550829,,detected_misfiled,75,103
subsample_align,413,easy,366736,263.9697710334205,,found,51,51
subsample_align,371,noisy_channel,368011,184.6369229442675,,found,121,121
subsample_align,205,pair,368236,135.29860811353797,,detected_misfiled,47,105
subsample_align,244,collision,368519,258.8689424536561,8.0,detected_misfiled,3,76
subsample_align,244,collision,369083,174.02182072444623,4.0,detected_misfiled,103,76
subsample_align,328,noisy_channel,370936,146.01418602928769,,found,38,38
subsample_align,186,pair,371386,82.34371717889337,,not_detected,-1,103
subsample_align,186,pair,371986,118.03368288355378,,detected_misfiled,46,103
subsample_align,292,collision,372582,143.27855863060017,10.0,found,172,172
subsample_align,270,collision,374291,142.9791736250407,19.0,found,185,185
subsample_align,292,collision,376241,143.20741319139142,6.0,found,172,172
subsample_align,205,pair,377911,204.68693776276078,,detected_misfiled,31,105
subsample_align,371,noisy_channel,379936,155.52751355132574,,found,121,121
subsample_align,186,pair,381886,155.24476976288545,,detected_misfiled,199,103
subsample_align,186,pair,382636,113.01650931696848,,detected_misfiled,101,103
subsample_align,461,easy,382936,125.86256813652062,,detected_misfiled,167,94
subsample_align,328,noisy_channel,384361,117.36297172131367,,not_detected,-1,38
subsample_align,461,easy,386761,251.8917017049683,,found,94,94
subsample_align,371,noisy_channel,388111,89.61819748714407,,detected_misfiled,17,121
subsample_align,328,noisy_channel,389161,126.41266151441405,,found,38,38
subsample_align,371,noisy_channel,390136,103.89060756425121,,detected_misfiled,174,121
subsample_align,292,collision,390721,129.57105379829582,-9.0,found,172,172
subsample_align,413,easy,390961,225.5854825723178,,found,51,51
subsample_align,270,collision,391162,103.98918315759627,10.0,found,185,185
subsample_align,205,pair,392386,154.14663568942393,,detected_misfiled,106,105
subsample_align,205,pair,393961,135.64518023352917,,detected_misfiled,0,105
subsample_align,244,collision,395298,179.65199946724465,-11.0,detected_misfiled,39,76
subsample_align,244,collision,396912,203.86100275610147,-11.0,detected_misfiled,88,76
subsample_align,134,pair,397636,143.20366272009326,,found,134,134
subsample_align,292,collision,397960,104.94190775263837,-20.0,found,172,172
subsample_align,134,pair,398161,112.31725468999564,,found,134,134
subsample_align,244,collision,398490,148.68557850788042,16.0,detected_misfiled,75,76
subsample_align,244,collision,401421,191.62555316922771,-24.0,detected_misfiled,64,76
subsample_align,390,noisy_channel,401761,209.0827208593619,,found,21,21
subsample_align,328,noisy_channel,401911,113.58063689189768,,found,38,38
subsample_align,461,easy,403036,131.62317619620785,,detected_misfiled,99,94
subsample_align,292,collision,403390,143.75448289335228,17.0,found,172,172
subsample_align,205,pair,404461,156.2077993764073,,detected_misfiled,146,105
subsample_align,328,noisy_channel,404761,130.73010247241564,,detected_misfiled,129,38
subsample_align,270,collision,406486,151.31376701950438,-8.0,found,185,185
subsample_align,390,noisy_channel,406861,263.39741694117413,,found,21,21
subsample_align,134,pair,407236,125.7730805426624,,found,134,134
subsample_align,134,pair,407761,129.04330283876737,,found,134,134
subsample_align,186,pair,408661,86.34310075412981,,detected_misfiled,105,103
subsample_align,186,pair,409786,128.35422935626536,,detected_misfiled,99,103
subsample_align,440,easy,410986,201.0114812983465,,found,85,85
subsample_align,134,pair,411211,154.8198588928006,,found,134,134
subsample_align,163,pair,412636,120.4213237399035,,not_detected,-1,135
subsample_align,440,easy,413986,225.74804400012405,,found,85,85
subsample_align,186,pair,415936,84.54384004472368,,not_detected,-1,103
subsample_align,461,easy,418411,172.3802413105493,,found,94,94
subsample_align,390,noisy_channel,419311,230.2562378563248,,found,21,21
subsample_align,163,pair,420886,128.1090614580187,,detected_misfiled,159,135
subsample_align,292,collision,423648,110.30556076836496,18.0,found,172,172
subsample_align,186,pair,426661,112.91324790768485,,found,103,103
subsample_align,134,pair,426961,107.6337083192835,,found,134,134
subsample_align,134,pair,428236,143.42338993278273,,found,134,134
subsample_align,244,collision,428684,180.08769513036657,20.0,found,76,76
subsample_align,163,pair,429361,131.42052310840114,,detected_misfiled,127,135
subsample_align,186,pair,429661,117.23781411677466,,found,103,103
subsample_align,440,easy,430036,247.73762986116594,,found,85,85
subsample_align,205,pair,430936,140.0001536773352,,not_detected,-1,105
subsample_align,440,easy,431236,187.6152184465787,,found,85,85
subsample_align,134,pair,431986,109.66582371604804,,found,134,134
subsample_align,461,easy,434236,124.02129636127201,,found,94,94
subsample_align,163,pair,434836,165.5141012341852,,found,135,135
subsample_align,461,easy,435286,159.83350872963422,,found,94,94
subsample_align,371,noisy_channel,436411,151.86647772279315,,found,121,121
subsample_align,205,pair,437011,141.26562041488825,,detected_misfiled,107,105
subsample_align,205,pair,439786,119.27926322184209,,not_detected,-1,105
subsample_align,292,collision,441659,148.80072236928402,21.0,found,172,172
subsample_align,390,noisy_channel,442861,254.65632671887056,,found,21,21
subsample_align,292,collision,445847,105.89349643141674,15.0,found,172,172
subsample_align,205,pair,446086,149.35767140889618,,detected_misfiled,110,105
subsample_align,134,pair,446611,98.70565082578983,,found,134,134
subsample_align,186,pair,447136,107.93073801852697,,detected_misfiled,18,103
subsample_align,440,easy,447811,237.34078794113066,,found,85,85
subsample_align,440,easy,448186,248.28733700447003,,found,85,85
subsample_align,461,easy,448336,135.59610873262568,,detected_misfiled,18,94
subsample_align,440,easy,449836,286.3330348515858,,found,85,85
subsample_align,163,pair,450511,143.75161732645705,,detected_misfiled,63,135
subsample_align,371,noisy_channel,450811,186.26162230139713,,detected_misfiled,64,121
subsample_align,328,noisy_channel,451261,152.69303235499956,,detected_misfiled,141,38
subsample_align,461,easy,451411,235.8294115670532,,detected_misfiled,95,94
subsample_align,205,pair,452161,157.02893610824128,,found,105,105
subsample_align,292,collision,454183,112.76075125853454,11.0,found,172,172
subsample_align,413,easy,454936,289.5089970282497,,found,51,51
subsample_align,163,pair,455161,176.75065981358858,,detected_misfiled,173,135
subsample_align,461,easy,456136,181.93569699119678,,found,94,94
subsample_align,328,noisy_channel,456886,112.1686032525902,,found,38,38
subsample_align,371,noisy_channel,458536,122.15100617255617,,found,121,121
subsample_align,461,easy,458761,176.96942928416394,,found,94,94
subsample_align,461,easy,459211,207.059549286025,,found,94,94
subsample_align,390,noisy_channel,459661,190.2723855351615,,found,21,21
subsample_align,134,pair,460336,105.64265544959432,,found,134,134
subsample_align,134,pair,463336,110.48283441686453,,found,134,134
subsample_align,205,pair,464236,152.88998669574636,,found,105,105
subsample_align,244,collision,467058,148.97166225268705,15.0,found,76,76
subsample_align,440,easy,468961,252.47700759175126,,found,85,85
subsample_align,205,pair,469486,162.69049717457926,,detected_misfiled,37,105
subsample_align,328,noisy_channel,475261,163.34241826349808,,detected_misfiled,173,38
subsample_align,205,pair,478486,173.15405208084087,,detected_misfiled,114,105
subsample_align,186,pair,479011,78.60728528902497,,detected_misfiled,107,103
subsample_align,328,noisy_channel,479911,145.66512570774918,,found,38,38
subsample_align,134,pair,480436,161.62556487158793,,found,134,134
subsample_align,163,pair,482686,160.51447308400725,,detected_misfiled,37,135
subsample_align,440,easy,483211,205.1048449969712,,found,85,85
subsample_align,461,easy,483511,268.94990837757894,,found,94,94
subsample_align,163,pair,484036,129.93573753979447,,not_detected,-1,135
subsample_align,292,collision,484515,135.85855465636203,13.0,found,172,172
subsample_align,163,pair,486736,131.7299061141855,,not_detected,-1,135
subsample_align,163,pair,487261,123.49019941008063,,not_detected,-1,135
subsample_align,292,collision,488237,98.71557675573419,8.0,found,172,172
subsample_align,292,collision,489749,99.42947109522137,7.0,found,172,172
subsample_align,270,collision,489905,126.15744023302892,-12.0,found,185,185
subsample_align,371,noisy_channel,490261,135.15587400997572,,not_detected,-1,121
subsample_align,163,pair,490786,143.46384799532703,,found,135,135
subsample_align,292,collision,492112,101.62263903832437,23.0,found,172,172
subsample_align,328,noisy_channel,493336,144.52720450484685,,detected_misfiled,39,38
subsample_align,371,noisy_channel,494386,159.44292760395228,,detected_misfiled,106,121
subsample_align,413,easy,494536,205.0340954727433,,found,51,51
subsample_align,292,collision,494914,145.47834987799152,4.0,found,172,172
subsample_align,413,easy,495736,154.6443619184925,,found,51,51
subsample_align,205,pair,496486,131.43130468717476,,detected_misfiled,198,105
subsample_align,163,pair,496636,110.48074043303464,,detected_misfiled,177,135
subsample_align,205,pair,497611,164.81597959069657,,detected_misfiled,8,105
subsample_align,371,noisy_channel,498436,114.97463181996235,,found,121,121
subsample_align,371,noisy_channel,498736,107.71463791031766,,found,121,121
subsample_align,205,pair,500986,151.45279643507718,,found,105,105
subsample_align,328,noisy_channel,501511,152.82044574747272,,found,38,38
subsample_align,390,noisy_channel,501961,249.4509088011925,,detected_misfiled,22,21
subsample_align,328,noisy_channel,503911,191.38370383932792,,found,38,38
subsample_align,413,easy,504586,231.2929989590597,,found,51,51
subsample_align,163,pair,505186,114.71520310237399,,detected_misfiled,27,135
subsample_align,461,easy,508411,150.79529595080652,,found,94,94
subsample_align,186,pair,509461,121.74937660834627,,detected_misfiled,125,103
subsample_align,371,noisy_channel,510061,140.25444733215102,,found,121,121
subsample_align,328,noisy_channel,510961,111.85541156634291,,detected_misfiled,37,38
subsample_align,390,noisy_channel,511186,220.94081324624122,,detected_misfiled,22,21
subsample_align,163,pair,514561,99.70715024213715,,found,135,135
subsample_align,390,noisy_channel,514936,243.71739232233426,,found,21,21
subsample_align,390,noisy_channel,515086,233.90140325721703,,detected_misfiled,22,21
subsample_align,390,noisy_channel,515911,182.04686306265228,,found,21,21
subsample_align,205,pair,516286,156.12280653485593,,not_detected,-1,105
subsample_align,371,noisy_channel,516736,76.70022174736934,,detected_misfiled,90,121
subsample_align,270,collision,517753,163.57073269278845,5.0,found,185,185
subsample_align,328,noisy_channel,519736,129.73778858312667,,not_detected,-1,38
subsample_align,186,pair,523486,91.41591467920844,,detected_misfiled,26,103
subsample_align,163,pair,526036,139.53161681688047,,not_detected,-1,135
subsample_align,413,easy,526711,249.6370269659634,,found,51,51
subsample_align,371,noisy_channel,527086,132.97153571904158,,found,121,121
subsample_align,163,pair,528886,83.71164572886218,,detected_misfiled,174,135
subsample_align,270,collision,529504,151.86309391469172,-17.0,found,185,185
subsample_align,163,pair,530086,145.02845266859086,,not_detected,-1,135
subsample_align,461,easy,531811,234.31217774862026,,found,94,94
subsample_align,390,noisy_channel,532636,210.94565774736222,,detected_misfiled,22,21
subsample_align,461,easy,534361,189.40128144335182,,found,94,94
subsample_align,371,noisy_channel,534586,282.8785204163338,,found,121,121
subsample_align,440,easy,536386,202.15596772923226,,found,85,85
subsample_align,292,collision,537197,136.8493752223194,-6.0,found,172,172
subsample_align,461,easy,537436,201.94358796144223,,found,94,94
subsample_align,292,collision,538337,105.23483648988488,18.0,detected_misfiled,196,172
subsample_align,205,pair,538636,180.17729015024253,,found,105,105
subsample_align,440,easy,541261,168.40784053882678,,detected_misfiled,133,85
subsample_align,270,collision,542395,114.15634066652865,-4.0,detected_misfiled,187,185
subsample_align,461,easy,543061,156.28659849493252,,found,94,94
subsample_align,390,noisy_channel,543586,260.7591238265998,,found,21,21
subsample_align,413,easy,544861,216.92475698170745,,found,51,51
subsample_align,186,pair,546736,102.92102898209373,,detected_misfiled,15,103
subsample_align,186,pair,549061,99.82764856841689,,not_detected,-1,103
subsample_align,186,pair,549661,135.1597512928117,,detected_misfiled,20,103
subsample_align,292,collision,550573,155.3575806940787,-17.0,found,172,172
subsample_align,371,noisy_channel,552811,273.8717962108836,,found,121,121
subsample_align,413,easy,552961,177.13151382158998,,found,51,51
subsample_align,413,easy,553261,167.70496026014152,,found,51,51
subsample_align,371,noisy_channel,553786,127.71044738798105,,not_detected,-1,121
subsample_align,390,noisy_channel,554461,270.26844171900257,,found,21,21
subsample_align,292,collision,555744,130.23864238382725,-24.0,found,172,172
subsample_align,390,noisy_channel,556261,224.1576126060228,,found,21,21
subsample_align,134,pair,556561,154.94801216464634,,found,134,134
subsample_align,371,noisy_channel,556711,179.7833147738741,,detected_misfiled,135,121
subsample_align,371,noisy_channel,557011,106.76849460360614,,detected_misfiled,53,121
subsample_align,413,easy,557161,200.61739180409518,,found,51,51
subsample_align,328,noisy_channel,557461,175.13322645090835,,found,38,38
subsample_align,461,easy,557986,144.3062370560433,,detected_misfiled,87,94
subsample_align,205,pair,559186,134.25339753929657,,detected_misfiled,56,105
subsample_align,413,easy,559861,140.96531636366583,,detected_misfiled,168,51
subsample_align,328,noisy_channel,561361,114.72041293649309,,found,38,38
subsample_align,461,easy,561511,142.43648274727832,,found,94,94
subsample_align,186,pair,562261,147.2077077104071,,found,103,103
subsample_align,292,collision,562925,86.25937142034202,19.0,found,172,172
subsample_align,205,pair,566311,238.93936710183158,,found,105,105
subsample_align,186,pair,567361,116.34857236903565,,found,103,103
subsample_align,413,easy,567811,176.64296879496726,,found,51,51
subsample_align,292,collision,571178,159.25786933208911,-7.0,detected_misfiled,62,172
subsample_align,371,noisy_channel,572011,204.37348842418342,,found,121,121
subsample_align,292,collision,573370,185.8458870507689,15.0,found,172,172
subsample_align,371,noisy_channel,573586,112.66554784235906,,found,121,121
subsample_align,186,pair,573736,117.63947621173673,,not_detected,-1,103
subsample_align,390,noisy_channel,574111,241.61983082391254,,found,21,21
subsample_align,371,noisy_channel,574636,141.26833535053657,,found,121,121
subsample_align,390,noisy_channel,574861,278.0104823627243,,detected_misfiled,22,21
subsample_align,328,noisy_channel,575611,110.00630329902043,,found,38,38
subsample_align,328,noisy_channel,575911,184.00151640864232,,found,38,38
subsample_align,390,noisy_channel,576061,234.35076524867844,,found,21,21
subsample_align,186,pair,577036,136.21897799227395,,detected_misfiled,195,103
subsample_align,205,pair,578011,126.49289029356964,,detected_misfiled,106,105
subsample_align,186,pair,578911,110.18264272799124,,detected_misfiled,196,103
subsample_align,292,collision,579172,162.31728416714245,24.0,found,172,172
subsample_align,413,easy,581161,192.56040446134904,,detected_misfiled,50,51
subsample_align,413,easy,582136,264.03794810670706,,found,51,51
subsample_align,205,pair,583711,171.16984132599868,,found,105,105
subsample_align,163,pair,584311,131.30046659382882,,detected_misfiled,61,135
subsample_align,270,collision,584527,89.53138931128551,5.0,found,185,185
subsample_align,205,pair,585736,184.37910432338404,,found,105,105
subsample_align,163,pair,589336,99.3119935775351,,detected_misfiled,47,135
subsample_align,270,collision,589897,110.98687358587883,-17.0,found,185,185
subsample_align,270,collision,590521,106.07027919391314,20.0,detected_misfiled,17,185
subsample_align,292,collision,591879,108.8457707736649,-14.0,found,172,172
subsample_align,413,easy,592036,169.19737270031393,,detected_misfiled,181,51
subsample_align,440,easy,592561,225.69796014330657,,found,85,85
subsample_align,461,easy,592786,145.22984516053563,,detected_misfiled,24,94
subsample_align,163,pair,593761,119.14029116149138,,detected_misfiled,181,135
subsample_align,328,noisy_channel,594061,147.99593428848408,,not_detected,-1,38
subsample_align,205,pair,595336,153.10020273549875,,found,105,105
subsample_align,270,collision,596433,141.16514095260317,18.0,found,185,185
subsample_align,328,noisy_channel,597511,122.23261007115678,,not_detected,-1,38
subsample_align,205,pair,599236,154.14731713687695,,detected_misfiled,27,105
subsample_align,328,noisy_channel,599611,133.4139732961047,,found,38,38
subsample_align,371,noisy_channel,601111,142.56446057313508,,found,121,121
subsample_align,328,noisy_channel,601786,108.77345061377807,,found,38,38
subsample_align,440,easy,602236,205.72159821659955,,found,85,85
subsample_align,461,easy,602611,163.54435432493935,,found,94,94
subsample_align,205,pair,602761,116.82326229931121,,not_detected,-1,105
subsample_align,461,easy,602911,210.53910853911157,,found,94,94
subsample_align,205,pair,603436,166.07239486067238,,found,105,105
subsample_align,292,collision,603882,115.49992507880071,9.0,found,172,172
subsample_align,270,collision,604670,110.01002777435079,6.0,found,185,185
subsample_align,461,easy,605236,185.1365563767093,,detected_misfiled,85,94
subsample_align,461,easy,606061,157.87643072441023,,found,94,94
subsample_align,328,noisy_channel,607336,137.09648753007735,,detected_misfiled,26,38
subsample_align,390,noisy_channel,608461,292.890666259755,,detected_misfiled,22,21
subsample_align,292,collision,608905,158.91211727217245,21.0,found,172,172
subsample_align,292,collision,609340,85.90274617421959,-7.0,found,172,172
subsample_align,134,pair,610261,142.36641385485632,,found,134,134
subsample_align,328,noisy_channel,610936,158.78828815575406,,found,38,38
subsample_align,413,easy,611761,438.72537707284164,,found,51,51
subsample_align,186,pair,614836,115.26442878630537,,detected_misfiled,135,103
subsample_align,205,pair,615661,173.2340194623173,,not_detected,-1,105
subsample_align,461,easy,618736,127.81551771525221,,detected_misfiled,62,94
subsample_align,440,easy,619936,256.781325908922,,found,85,85
subsample_align,371,noisy_channel,620611,84.90498254645698,,found,121,121
subsample_align,461,easy,621136,118.61845249353163,,detected_misfiled,82,94
subsample_align,328,noisy_channel,621436,142.69651086748252,,detected_misfiled,196,38
subsample_align,461,easy,622861,186.31102071228204,,found,94,94
subsample_align,292,collision,623249,120.34139093033298,-15.0,found,172,172
subsample_align,461,easy,624661,221.2104971913809,,not_detected,-1,94
subsample_align,270,collision,624974,99.39037823790272,22.0,found,185,185
subsample_align,205,pair,627361,167.90955326724404,,detected_misfiled,20,105
subsample_align,461,easy,627586,200.3263067235642,,found,94,94
subsample_align,163,pair,627811,90.89254616956535,,detected_misfiled,160,135
subsample_align,440,easy,628861,220.5986828074282,,found,85,85
subsample_align,390,noisy_channel,629236,269.89908902893546,,detected_misfiled,22,21
subsample_align,413,easy,630061,185.4125490621996,,found,51,51
subsample_align,461,easy,630211,149.35402465726688,,detected_misfiled,177,94
subsample_align,413,easy,630511,194.30684823746327,,found,51,51
subsample_align,244,collision,631384,147.67087289116532,-17.0,detected_misfiled,101,76
subsample_align,270,collision,634534,84.43089384796248,13.0,found,185,185
subsample_align,413,easy,635161,232.6507550252317,,found,51,51
subsample_align,292,collision,635763,174.90856218263752,12.0,found,172,172
subsample_align,134,pair,637411,146.54495290797198,,found,134,134
subsample_align,461,easy,639511,161.36978127877373,,found,94,94
subsample_align,371,noisy_channel,639961,116.3618087926088,,not_detected,-1,121
subsample_align,205,pair,640336,142.94553988277187,,found,105,105
subsample_align,328,noisy_channel,641911,155.1060288866683,,found,38,38
subsample_align,413,easy,642211,182.5968485945846,,detected_misfiled,29,51
subsample_align,244,collision,643156,158.14512011673344,18.0,found,76,76
subsample_align,292,collision,643488,152.08934442210563,19.0,detected_misfiled,29,172
subsample_align,440,easy,644461,311.31312133594656,,found,85,85
subsample_align,292,collision,644704,171.04233419765697,4.0,detected_misfiled,106,172
subsample_align,186,pair,645361,103.86941699350004,,detected_misfiled,189,103
subsample_align,371,noisy_channel,645811,118.72161004820077,,found,121,121
subsample_align,163,pair,646786,138.11725028308993,,detected_misfiled,12,135
subsample_align,270,collision,648545,197.38434678975722,-21.0,found,185,185
subsample_align,440,easy,648811,196.27163426735973,,found,85,85
subsample_align,328,noisy_channel,650761,129.96337232463546,,found,38,38
subsample_align,270,collision,651022,175.9624807028074,8.0,found,185,185
subsample_align,413,easy,651361,198.59948181314692,,found,51,51
subsample_align,292,collision,651744,119.98523432196967,-24.0,found,172,172
subsample_align,390,noisy_channel,652336,186.82711172572508,,found,21,21
subsample_align,390,noisy_channel,653611,220.1311061099576,,found,21,21
subsample_align,440,easy,653911,276.2227748952739,,found,85,85
subsample_align,413,easy,654286,221.71398009396358,,found,51,51
subsample_align,163,pair,655486,137.1420777359751,,detected_misfiled,28,135
subsample_align,328,noisy_channel,655711,108.4710238368747,,found,38,38
subsample_align,270,collision,656585,163.09391725288546,-14.0,detected_misfiled,57,185
subsample_align,292,collision,659444,96.1386671825616,21.0,found,172,172
subsample_align,440,easy,660061,254.10866630878803,,found,85,85
subsample_align,440,easy,661261,240.87304088302272,,found,85,85
subsample_align,390,noisy_channel,661411,193.80664972856658,,detected_misfiled,23,21
subsample_align,371,noisy_channel,662011,102.42636888271932,,detected_misfiled,34,121
subsample_align,390,noisy_channel,662236,335.06625719020076,,detected_misfiled,22,21
subsample_align,270,collision,665339,133.24387143597824,14.0,found,185,185
subsample_align,270,collision,666731,90.03701298846158,10.0,found,185,185
subsample_align,270,collision,666978,148.331058127789,-21.0,detected_misfiled,59,185
subsample_align,390,noisy_channel,667186,246.95627051990806,,detected_misfiled,22,21
subsample_align,270,collision,668330,185.36667795638388,-10.0,found,185,185
subsample_align,205,pair,668986,130.7727341235455,,detected_misfiled,106,105
subsample_align,205,pair,670036,174.65631461125884,,detected_misfiled,59,105
subsample_align,371,noisy_channel,670336,137.98134660094064,,found,121,121
subsample_align,328,noisy_channel,671536,143.04152257290318,,found,38,38
subsample_align,292,collision,672494,105.96121246451791,-21.0,found,172,172
subsample_align,371,noisy_channel,673786,154.48120912233946,,detected_misfiled,131,121
subsample_align,163,pair,677236,95.09064633873032,,detected_misfiled,18,135
subsample_align,270,collision,679869,134.5041228077643,-22.0,detected_misfiled,21,185
subsample_align,292,collision,681534,170.04640072931997,4.0,found,172,172
subsample_align,328,noisy_channel,681736,137.13160727326255,,detected_misfiled,136,38
subsample_align,413,easy,682411,139.4132424128248,,found,51,51
subsample_align,186,pair,683611,132.5133379851589,,detected_misfiled,104,103
subsample_align,244,collision,683844,115.6139772282321,-8.0,detected_misfiled,195,76
subsample_align,413,easy,684961,235.01183576860095,,found,51,51
subsample_align,163,pair,685636,159.87840397487955,,detected_misfiled,138,135
subsample_align,440,easy,687436,226.11287459928442,,found,85,85
subsample_align,328,noisy_channel,687961,135.6327900469625,,found,38,38
subsample_align,134,pair,690736,104.67028973968459,,found,134,134
subsample_align,413,easy,691111,184.09438060592242,,found,51,51
subsample_align,292,collision,692308,122.41046563224474,11.0,found,172,172
subsample_align,292,collision,692527,146.47440699263558,9.0,found,172,172
subsample_align,186,pair,693736,99.73416552124289,,detected_misfiled,117,103
subsample_align,186,pair,693961,140.7896584496047,,detected_misfiled,107,103
subsample_align,134,pair,695611,99.38242950452731,,found,134,134
subsample_align,205,pair,696211,139.59437221728192,,found,105,105
subsample_align,328,noisy_channel,696811,114.33933346124778,,found,38,38
subsample_align,328,noisy_channel,696961,189.38880988407686,,detected_misfiled,196,38
subsample_align,186,pair,697561,142.56603526279244,,detected_misfiled,198,103
subsample_align,244,collision,698479,169.51120149329967,-13.0,detected_misfiled,75,76
subsample_align,371,noisy_channel,698686,161.41240180659094,,found,121,121
subsample_align,244,collision,699209,140.29410218551746,17.0,not_detected,-1,76
subsample_align,134,pair,701311,152.73923025857175,,found,134,134
subsample_align,371,noisy_channel,701911,130.9402731602844,,found,121,121
subsample_align,440,easy,702436,244.07974645402402,,found,85,85
subsample_align,371,noisy_channel,702736,124.75446798556074,,found,121,121
subsample_align,328,noisy_channel,703336,138.77147852891153,,detected_misfiled,17,38
subsample_align,134,pair,704161,109.0939388335992,,found,134,134
subsample_align,413,easy,704386,222.4804770286833,,found,51,51
subsample_align,328,noisy_channel,706486,111.65096700949748,,found,38,38
subsample_align,390,noisy_channel,707461,245.9602410759075,,detected_misfiled,22,21
subsample_align,205,pair,708136,146.96614134285807,,found,105,105
subsample_align,186,pair,712261,146.98555063024529,,detected_misfiled,109,103
subsample_align,461,easy,713536,196.17657105600625,,detected_misfiled,122,94
subsample_align,328,noisy_channel,714061,140.576350305554,,detected_misfiled,20,38
subsample_align,163,pair,717061,88.64627875906353,,detected_misfiled,169,135
subsample_align,328,noisy_channel,717211,139.9219049299781,,detected_misfiled,39,38
subsample_align,186,pair,718636,149.77059954276717,,detected_misfiled,24,103
subsample_align,244,collision,718940,199.3048956754015,7.0,detected_misfiled,123,76
subsample_align,163,pair,720061,146.3747056890797,,detected_misfiled,108,135
subsample_align,186,pair,720361,86.96236962421398,,detected_misfiled,196,103
subsample_align,186,pair,720661,85.26489311405417,,detected_misfiled,102,103
subsample_align,461,easy,723511,210.18622581300843,,found,94,94
subsample_align,461,easy,724786,148.26016631010322,,found,94,94
subsample_align,134,pair,725686,190.84504780311659,,found,134,134
subsample_align,328,noisy_channel,728761,131.2842045890384,,found,38,38
subsample_align,244,collision,729672,149.14788532768944,-5.0,found,76,76
subsample_align,134,pair,730786,100.80584866244416,,found,134,134
subsample_align,413,easy,732661,194.72387945144294,,found,51,51
subsample_align,371,noisy_channel,733936,113.03636659430117,,found,121,121
subsample_align,390,noisy_channel,735211,275.09384393256767,,found,21,21
subsample_align,328,noisy_channel,735436,153.9106592796375,,detected_misfiled,167,38
subsample_align,328,noisy_channel,736561,120.53854222687524,,detected_misfiled,40,38
subsample_align,205,pair,737461,187.0451445487507,,found,105,105
subsample_align,244,collision,738073,165.38458493428686,-23.0,found,76,76
subsample_align,186,pair,739411,97.53771414728604,,detected_misfiled,45,103
subsample_align,244,collision,740720,191.92211354276265,-7.0,detected_misfiled,78,76
subsample_align,440,easy,741061,286.0973713188366,,found,85,85
subsample_align,244,collision,741613,200.87347596924792,-15.0,found,76,76
subsample_align,461,easy,743986,209.8986780137329,,found,94,94
subsample_align,134,pair,744361,168.86183740190378,,found,134,134
subsample_align,186,pair,746086,93.55004298792052,,detected_misfiled,2,103
subsample_align,440,easy,747286,234.94734496464713,,found,85,85
subsample_align,134,pair,748786,131.283645554018,,found,134,134
subsample_align,440,easy,749611,219.06646102358457,,found,85,85
subsample_align,328,noisy_channel,749986,132.2118878234069,,found,38,38
subsample_align,328,noisy_channel,750286,148.58509348970512,,found,38,38
subsample_align,205,pair,752761,162.76591588664613,,found,105,105
subsample_align,413,easy,753811,207.93175481320642,,detected_misfiled,78,51
subsample_align,186,pair,755761,112.31647466792816,,detected_misfiled,195,103
subsample_align,390,noisy_channel,756961,218.10116354538292,,found,21,21
subsample_align,292,collision,759001,123.60000237044954,-10.0,found,172,172
subsample_align,186,pair,759511,119.25484927537148,,detected_misfiled,104,103
subsample_align,244,collision,763079,137.49854977255643,-15.0,detected_misfiled,122,76
subsample_align,134,pair,766261,140.47863432655308,,found,134,134
subsample_align,292,collision,766760,155.79509253828547,-11.0,found,172,172
subsample_align,244,collision,768818,213.61439584341196,-19.0,detected_misfiled,78,76
subsample_align,328,noisy_channel,769561,98.44129443480205,,found,38,38
subsample_align,163,pair,769861,146.13071942259688,,detected_misfiled,41,135
subsample_align,186,pair,771361,137.47372100086864,,detected_misfiled,100,103
subsample_align,440,easy,772111,226.78023801568364,,found,85,85
subsample_align,461,easy,772561,141.7433568959496,,found,94,94
subsample_align,328,noisy_channel,775786,131.89263105517,,detected_misfiled,40,38
subsample_align,413,easy,777736,219.94526705019834,,found,51,51
subsample_align,205,pair,778336,146.12342726865498,,found,105,105
subsample_align,244,collision,780465,251.70473005930626,-9.0,found,76,76
subsample_align,328,noisy_channel,782161,133.2492599257244,,found,38,38
subsample_align,371,noisy_channel,782461,132.64939231181518,,found,121,121
subsample_align,328,noisy_channel,784711,103.3887453707959,,detected_misfiled,92,38
subsample_align,440,easy,786361,248.33134394606927,,found,85,85
subsample_align,205,pair,786736,151.38232759779083,,not_detected,-1,105
subsample_align,244,collision,789040,149.1925345607564,6.0,detected_misfiled,143,76
subsample_align,244,collision,793148,171.3338415054327,-12.0,detected_misfiled,116,76
subsample_align,413,easy,794311,217.81258837349037,,found,51,51
subsample_align,371,noisy_channel,796111,133.09771538595106,,found,121,121
subsample_align,163,pair,797311,140.33002353305065,,not_detected,-1,135
subsample_align,244,collision,797779,161.40451142998148,23.0,found,76,76
subsample_align,413,easy,799936,240.78664117076724,,found,51,51
subsample_align,371,noisy_channel,801061,154.36917118480213,,found,121,121
subsample_align,413,easy,801811,141.9857989229149,,found,51,51
subsample_align,186,pair,806086,105.03208202221818,,detected_misfiled,104,103
subsample_align,371,noisy_channel,806686,126.08555623615953,,detected_misfiled,118,121
subsample_align,390,noisy_channel,807136,305.7560092526203,,detected_misfiled,22,21
subsample_align,134,pair,811111,175.85434764608317,,found,134,134
subsample_align,440,easy,811861,280.6017547864151,,found,85,85
subsample_align,134,pair,812011,108.53872983566049,,found,134,134
subsample_align,371,noisy_channel,812911,144.13595841215573,,not_detected,-1,121
subsample_align,244,collision,813496,196.7262467798276,17.0,detected_misfiled,159,76
subsample_align,186,pair,813886,124.78776770662282,,found,103,103
subsample_align,186,pair,814111,76.33515128098114,,not_detected,-1,103
subsample_align,134,pair,815536,92.78284780419993,,found,134,134
subsample_align,440,easy,817261,289.3756507757826,,found,85,85
subsample_align,328,noisy_channel,818761,108.86869296418445,,found,38,38
subsample_align,440,easy,819286,308.0827409809769,,found,85,85
subsample_align,292,collision,819642,112.94235066778154,5.0,detected_misfiled,46,172
subsample_align,440,easy,819886,207.7358830302046,,found,85,85
subsample_align,163,pair,821236,111.57090967366283,,detected_misfiled,136,135
subsample_align,328,noisy_channel,822586,146.789198669296,,detected_misfiled,16,38
subsample_align,390,noisy_channel,822811,178.21810507825722,,found,21,21
subsample_align,205,pair,823111,155.4515930937195,,detected_misfiled,29,105
subsample_align,461,easy,824386,170.69443253094417,,detected_misfiled,17,94
subsample_align,205,pair,828511,121.44012597184444,,detected_misfiled,47,105
subsample_align,328,noisy_channel,829936,127.66035150439089,,found,38,38
subsample_align,440,easy,830536,232.82659558438374,,found,85,85
subsample_align,205,pair,830761,143.03009821636806,,detected_misfiled,103,105
subsample_align,440,easy,833986,211.41838602330813,,found,85,85
subsample_align,328,noisy_channel,834511,154.50758647742583,,detected_misfiled,141,38
subsample_align,163,pair,834661,108.49889895621277,,detected_misfiled,155,135
subsample_align,328,noisy_channel,834886,130.79859849436937,,found,38,38
subsample_align,244,collision,837439,136.5452312116918,22.0,detected_misfiled,42,76
subsample_align,371,noisy_channel,839236,183.23509217282069,,not_detected,-1,121
subsample_align,440,easy,839911,232.69029763794947,,found,85,85
subsample_align,270,collision,840132,174.8055126297594,-14.0,detected_misfiled,114,185
subsample_align,186,pair,842386,105.3828404671094,,detected_misfiled,46,103
subsample_align,186,pair,843361,98.73717713478669,,detected_misfiled,17,103
subsample_align,163,pair,843886,104.73167557345492,,not_detected,-1,135
subsample_align,186,pair,845386,109.95812438761214,,found,103,103
subsample_align,244,collision,848369,189.34194577612809,8.0,detected_misfiled,95,76
subsample_align,461,easy,848986,238.31771426690722,,detected_misfiled,95,94
subsample_align,371,noisy_channel,850186,159.75526454819453,,found,121,121
subsample_align,461,easy,850936,149.1512758665815,,found,94,94
subsample_align,163,pair,855061,112.16277647347343,,detected_misfiled,42,135
subsample_align,134,pair,855886,140.06960489580877,,found,134,134
subsample_align,461,easy,856486,167.4952451143387,,found,94,94
subsample_align,134,pair,856636,81.53682208197432,,found,134,134
subsample_align,244,collision,857579,183.8157444512057,-16.0,found,76,76
subsample_align,134,pair,858511,118.56622059371877,,found,134,134
subsample_align,371,noisy_channel,860836,159.3249692118341,,found,121,121
subsample_align,244,collision,861400,165.32296203577636,-17.0,found,76,76
subsample_align,163,pair,863461,115.34319165845253,,not_detected,-1,135
subsample_align,461,easy,863761,148.8548907124306,,found,94,94
subsample_align,244,collision,864886,166.2779518678173,23.0,detected_misfiled,78,76
subsample_align,163,pair,866086,149.1323313067822,,detected_misfiled,138,135
subsample_align,461,easy,866311,195.52247438663954,,detected_misfiled,195,94
subsample_align,413,easy,867286,170.8992033820805,,found,51,51
subsample_align,163,pair,869011,99.98796443177574,,detected_misfiled,13,135
subsample_align,440,easy,871711,280.0301091108004,,found,85,85
subsample_align,461,easy,872461,279.9994072530766,,found,94,94
subsample_align,163,pair,872611,105.76537645567191,,detected_misfiled,199,135
subsample_align,440,easy,873961,200.21684863712267,,found,85,85
subsample_align,292,collision,876758,115.16917110651531,-9.0,found,172,172
subsample_align,205,pair,878386,149.49135994020054,,detected_misfiled,71,105
subsample_align,244,collision,879735,206.70728682291582,5.0,found,76,76
subsample_align,186,pair,881761,128.9549017329705,,detected_misfiled,196,103
subsample_align,440,easy,882661,207.12062305652518,,found,85,85
subsample_align,186,pair,883036,112.30581542938678,,not_detected,-1,103
subsample_align,390,noisy_channel,885361,191.48007392553973,,found,21,21
subsample_align,413,easy,886111,209.78263881520553,,found,51,51
subsample_align,328,noisy_channel,886261,163.71943468124852,,detected_misfiled,39,38
subsample_align,244,collision,887239,138.5110203817958,-11.0,found,76,76
subsample_align,461,easy,887536,202.4506719390331,,found,94,94
subsample_align,371,noisy_channel,889786,151.26931021114603,,found,121,121
subsample_align,413,easy,890011,203.39926292138898,,found,51,51
subsample_align,134,pair,890161,138.2630320533795,,found,134,134
subsample_align,371,noisy_channel,890986,196.69139032124662,,found,121,121
subsample_align,440,easy,891961,198.16627858689083,,found,85,85
subsample_align,328,noisy_channel,892336,88.61421893732042,,detected_misfiled,64,38
subsample_align,186,pair,892711,95.04115414415625,,not_detected,-1,103
subsample_align,186,pair,893461,146.54962547363104,,detected_misfiled,18,103
subsample_align,328,noisy_channel,893686,153.58463863639764,,detected_misfiled,39,38
subsample_align,292,collision,894267,147.5004879452351,-17.0,found,172,172
subsample_align,328,noisy_channel,894511,128.21377360360106,,found,38,38
subsample_align,371,noisy_channel,895786,119.52182466473472,,found,121,121
subsample_align,186,pair,897886,103.1090106291845,,detected_misfiled,54,103
subsample_align,134,pair,901711,119.7476011947359,,found,134,134
subsample_align,413,easy,901936,157.73046798748598,,found,51,51
subsample_align,134,pair,902386,152.34139625193777,,found,134,134
subsample_align,186,pair,902611,101.0025726062863,,detected_misfiled,114,103
subsample_align,413,easy,903511,225.94716029914025,,found,51,51
subsample_align,390,noisy_channel,904336,259.7723620931197,,detected_misfiled,22,21
subsample_align,244,collision,904848,184.28191748446088,-18.0,detected_misfiled,122,76
subsample_align,134,pair,910036,143.6633781414522,,found,134,134
subsample_align,134,pair,910861,121.81761839070134,,found,134,134
subsample_align,292,collision,912034,90.77893551900804,-4.0,found,172,172
subsample_align,244,collision,914674,190.58533357242732,23.0,found,76,76
subsample_align,461,easy,915361,205.70061013938286,,detected_misfiled,71,94
subsample_align,134,pair,917311,126.49044684525572,,found,134,134
subsample_align,390,noisy_channel,918886,231.84384504583534,,detected_misfiled,22,21
subsample_align,390,noisy_channel,919636,265.1037122801204,,found,21,21
subsample_align,292,collision,921297,119.58465620921535,-5.0,found,172,172
subsample_align,390,noisy_channel,921736,259.1914456753283,,found,21,21
subsample_align,292,collision,925554,151.68683281850974,-4.0,found,172,172
subsample_align,390,noisy_channel,925861,231.11890926889598,,found,21,21
subsample_align,461,easy,926086,171.1592611592152,,found,94,94
subsample_align,186,pair,926536,90.80572584506265,,not_detected,-1,103
subsample_align,390,noisy_channel,930061,210.2849825340963,,found,21,21
subsample_align,244,collision,933725,174.38093634251337,-13.0,detected_misfiled,41,76
subsample_align,244,collision,935223,165.04314140332974,4.0,found,76,76
subsample_align,440,easy,935686,218.28583159832726,,found,85,85
subsample_align,328,noisy_channel,936361,117.5812456692056,,detected_misfiled,76,38
subsample_align,186,pair,937186,133.46347979963878,,found,103,103
subsample_align,413,easy,938311,187.14029304356038,,found,51,51
subsample_align,371,noisy_channel,939736,85.12949890698223,,found,121,121
subsample_align,390,noisy_channel,940186,238.86690375575742,,found,21,21
subsample_align,244,collision,940389,123.13110426155065,10.0,detected_misfiled,74,76
subsample_align,371,noisy_channel,940561,97.140815896933,,found,121,121
subsample_align,163,pair,941761,110.22665841084962,,detected_misfiled,137,135
subsample_align,205,pair,942586,168.0558305491324,,not_detected,-1,105
subsample_align,371,noisy_channel,943561,142.73068747884332,,detected_misfiled,153,121
subsample_align,244,collision,945196,169.49933245401496,10.0,detected_misfiled,75,76
subsample_align,205,pair,945736,115.49187365582543,,not_detected,-1,105
subsample_align,328,noisy_channel,947911,118.20736300993505,,found,38,38
subsample_align,134,pair,949336,135.0857923996441,,found,134,134
subsample_align,163,pair,949486,90.7598729309543,,detected_misfiled,10,135
subsample_align,413,easy,950086,212.02881886823917,,found,51,51
subsample_align,186,pair,950236,107.0576015609675,,detected_misfiled,104,103
subsample_align,244,collision,950530,147.63199952366625,-12.0,detected_misfiled,196,76
subsample_align,461,easy,951361,140.82940108495535,,detected_misfiled,20,94
subsample_align,186,pair,951961,150.09418171411136,,detected_misfiled,121,103
subsample_align,461,easy,952711,136.3319421035605,,detected_misfiled,27,94
subsample_align,440,easy,952936,193.04606319271844,,found,85,85
subsample_align,371,noisy_channel,954361,133.01479261960708,,found,121,121
subsample_align,163,pair,955936,98.10260699244758,,detected_misfiled,15,135
subsample_align,244,collision,956747,152.3307876981794,20.0,detected_misfiled,117,76
subsample_align,270,collision,959122,114.05778786338007,23.0,found,185,185
subsample_align,371,noisy_channel,959986,114.23065284474504,,not_detected,-1,121
subsample_align,440,easy,961486,247.1875118851853,,found,85,85
subsample_align,292,collision,963215,103.02162583936948,4.0,found,172,172
subsample_align,163,pair,964261,137.93103135067437,,detected_misfiled,71,135
subsample_align,390,noisy_channel,964486,255.82612321805405,,detected_misfiled,9,21
subsample_align,461,easy,966661,207.8092422674154,,found,94,94
subsample_align,328,noisy_channel,970561,119.22437357397854,,found,38,38
subsample_align,292,collision,972042,125.09695723122988,-16.0,detected_misfiled,120,172
subsample_align,270,collision,973766,132.0403104768421,18.0,found,185,185
subsample_align,328,noisy_channel,974836,197.0481278245103,,found,38,38
subsample_align,461,easy,977761,118.5557861057234,,not_detected,-1,94
subsample_align,205,pair,980686,129.16507115499826,,found,105,105
subsample_align,390,noisy_channel,980836,241.69218948721783,,detected_misfiled,22,21
subsample_align,163,pair,981511,160.5372021425723,,detected_misfiled,173,135
subsample_align,134,pair,982111,186.13629914074835,,found,134,134
subsample_align,413,easy,985261,180.65379066897657,,detected_misfiled,153,51
subsample_align,205,pair,985636,116.75722188805668,,not_detected,-1,105
subsample_align,134,pair,985861,115.39692396853974,,detected_misfiled,135,134
subsample_align,440,easy,990136,217.23820270832783,,found,85,85
subsample_align,244,collision,994014,104.93442740705329,20.0,detected_misfiled,73,76
subsample_align,134,pair,995011,83.64633682372727,,found,134,134
subsample_align,134,pair,995536,213.54249717384346,,detected_misfiled,196,134
subsample_align,244,collision,995743,173.9320137095988,-14.0,found,76,76
subsample_align,328,noisy_channel,996286,159.16565806954083,,found,38,38
subsample_align,244,collision,996580,262.81911681476583,23.0,found,76,76
subsample_align,270,collision,997035,133.51669429459076,16.0,found,185,185
subsample_align,371,noisy_channel,998311,107.53740995810871,,found,121,121
subsample_align,186,pair,998536,143.3729355687721,,detected_misfiled,19,103
subsample_align,163,pair,1001686,136.80914663222688,,detected_misfiled,114,135
subsample_align,292,collision,1002353,118.07075100005002,-21.0,detected_misfiled,198,172
subsample_align,371,noisy_channel,1002736,127.23405109380118,,found,121,121
subsample_align,413,easy,1004686,258.61063299674515,,found,51,51
subsample_align,440,easy,1006111,262.87361139450434,,found,85,85
subsample_align,413,easy,1006861,240.82725655937054,,found,51,51
subsample_align,440,easy,1007311,263.27781386847244,,found,85,85
subsample_align,134,pair,1007761,141.60768983543338,,detected_misfiled,153,134
subsample_align,163,pair,1008736,117.35780682563845,,detected_misfiled,82,135
subsample_align,390,noisy_channel,1009561,227.6515632084625,,found,21,21
subsample_align,292,collision,1009807,134.83298320409955,15.0,found,172,172
subsample_align,292,collision,1010937,94.3401780613465,22.0,found,172,172
subsample_align,244,collision,1011264,173.2100825851651,21.0,detected_misfiled,137,76
subsample_align,413,easy,1011886,191.570676600303,,found,51,51
subsample_align,390,noisy_channel,1012561,263.0146343003371,,found,21,21
subsample_align,390,noisy_channel,1013161,268.2988622523401,,detected_misfiled,22,21
subsample_align,186,pair,1013911,91.31122484604333,,not_detected,-1,103
subsample_align,205,pair,1014586,169.02564748836747,,detected_misfiled,114,105
subsample_align,163,pair,1016011,139.55854692713126,,not_detected,-1,135
subsample_align,413,easy,1016236,211.67111234052064,,found,51,51
subsample_align,390,noisy_channel,1016461,199.16060733600366,,found,21,21
subsample_align,205,pair,1016761,136.27981030082685,,detected_misfiled,49,105
subsample_align,413,easy,1017286,196.01460706811656,,found,51,51
subsample_align,371,noisy_channel,1018336,165.20392343562852,,not_detected,-1,121
subsample_align,390,noisy_channel,1018486,223.29796942248032,,detected_misfiled,22,21
subsample_align,134,pair,1019236,103.92584386587092,,found,134,134
subsample_align,440,easy,1019536,291.0200740585896,,found,85,85
subsample_align,205,pair,1020511,152.58557051754244,,found,105,105
subsample_align,292,collision,1020719,124.13843669408305,11.0,found,172,172
subsample_align,371,noisy_channel,1021111,172.5526104568212,,found,121,121
subsample_align,134,pair,1022236,143.23120454302048,,found,134,134
subsample_align,244,collision,1022432,142.110854204573,-16.0,detected_misfiled,106,76
subsample_align,328,noisy_channel,1023061,188.01344954675181,,found,38,38
subsample_align,270,collision,1023292,97.56058256654416,16.0,detected_misfiled,68,185
subsample_align,244,collision,1023884,225.5109665816064,7.0,found,76,76
subsample_align,244,collision,1024774,172.3227212270898,-12.0,found,76,76
subsample_align,461,easy,1025236,161.7896156369325,,detected_misfiled,16,94
subsample_align,461,easy,1025461,185.65074039719656,,detected_misfiled,17,94
subsample_align,461,easy,1025986,136.00649721089528,,found,94,94
subsample_align,328,noisy_channel,1026211,126.30208854464703,,found,38,38
subsample_align,413,easy,1027411,164.3759853127694,,found,51,51
subsample_align,205,pair,1027636,163.4301526986921,,detected_misfiled,66,105
subsample_align,134,pair,1030561,164.72937713402504,,found,134,134
subsample_align,244,collision,1030832,167.10898227951873,8.0,detected_misfiled,27,76
subsample_align,134,pair,1034686,97.3028813438723,,found,134,134
subsample_align,413,easy,1039111,178.6132969464167,,found,51,51
subsample_align,390,noisy_channel,1039336,245.15199972009947,,found,21,21
subsample_align,205,pair,1040386,167.57595999963686,,found,105,105
subsample_align,134,pair,1042411,114.06104262317146,,found,134,134
subsample_align,413,easy,1042561,189.86590988518344,,found,51,51
subsample_align,205,pair,1042936,112.26713165593297,,detected_misfiled,153,105
subsample_align,440,easy,1043461,242.42129090956286,,found,85,85
subsample_align,163,pair,1046011,146.88181269514007,,found,135,135
subsample_align,244,collision,1047785,165.6639477326386,5.0,detected_misfiled,75,76
subsample_align,270,collision,1049460,95.57613253868116,-20.0,found,185,185
subsample_align,244,collision,1049636,91.05678461536726,9.0,detected_misfiled,75,76
subsample_align,163,pair,1050661,144.5477510018725,,not_detected,-1,135
subsample_align,371,noisy_channel,1051186,139.99831150177022,,found,121,121
subsample_align,205,pair,1052011,159.68503992546246,,found,105,105
subsample_align,163,pair,1052686,124.37914660283121,,detected_misfiled,36,135
subsample_align,244,collision,1053151,266.07376917555575,-15.0,detected_misfiled,29,76
subsample_align,186,pair,1053361,108.81847367256344,,detected_misfiled,18,103
subsample_align,244,collision,1054705,146.18282793891808,16.0,detected_misfiled,31,76
subsample_align,413,easy,1056811,275.8765616761441,,found,51,51
subsample_align,244,collision,1057734,122.34721538366986,-16.0,found,76,76
subsample_align,461,easy,1058461,224.3882796672354,,found,94,94
subsample_align,440,easy,1059811,238.94609453881222,,found,85,85
subsample_align,328,noisy_channel,1061011,111.42396066074409,,found,38,38
subsample_align,244,collision,1061448,153.57155922406918,-5.0,detected_misfiled,141,76
subsample_align,270,collision,1063628,118.29078249929678,-22.0,found,185,185
subsample_align,328,noisy_channel,1064461,113.28919055387871,,found,38,38
subsample_align,440,easy,1064611,189.26130981765888,,found,85,85
subsample_align,134,pair,1067761,158.1863375033601,,found,134,134
subsample_align,205,pair,1068586,130.2800820489163,,detected_misfiled,173,105
subsample_align,163,pair,1071136,129.44919632621014,,detected_misfiled,197,135
subsample_align,371,noisy_channel,1074286,184.24943581414544,,found,121,121
subsample_align,328,noisy_channel,1074811,101.01795203610106,,found,38,38
subsample_align,186,pair,1075411,117.13545487101132,,detected_misfiled,38,103
subsample_align,328,noisy_channel,1075561,153.44587724378334,,found,38,38
subsample_align,244,collision,1076326,173.4701213554439,-13.0,detected_misfiled,122,76
subsample_align,270,collision,1076554,150.839107170339,-22.0,found,185,185
subsample_align,270,collision,1077315,122.47213625836142,12.0,found,185,185
subsample_align,244,collision,1077737,184.6063656861142,-13.0,found,76,76
subsample_align,371,noisy_channel,1078486,88.12307975933518,,detected_misfiled,24,121
subsample_align,461,easy,1078861,175.9306881859937,,found,94,94
subsample_align,163,pair,1079461,147.58128893337297,,detected_misfiled,47,135
subsample_align,461,easy,1080061,159.96596041818844,,found,94,94
subsample_align,205,pair,1080811,131.66686490751596,,detected_misfiled,42,105
subsample_align,292,collision,1081712,153.71469430517797,-15.0,found,172,172
subsample_align,328,noisy_channel,1082386,144.88770042618214,,found,38,38
subsample_align,163,pair,1083136,104.21420974940833,,detected_misfiled,15,135
subsample_align,328,noisy_channel,1084486,114.43083130676081,,detected_misfiled,40,38
subsample_align,390,noisy_channel,1085311,258.87532159799855,,detected_misfiled,22,21
subsample_align,205,pair,1086811,151.2346392342232,,detected_misfiled,101,105
subsample_align,292,collision,1087312,166.59450235129242,-9.0,found,172,172
subsample_align,328,noisy_channel,1090411,110.53684407566857,,not_detected,-1,38
subsample_align,186,pair,1090711,88.74224580511125,,detected_misfiled,47,103
subsample_align,440,easy,1091311,292.6699272750856,,found,85,85
subsample_align,390,noisy_channel,1093936,211.2765107762131,,detected_misfiled,22,21
subsample_align,244,collision,1094425,165.26969788075118,5.0,found,76,76
subsample_align,440,easy,1094911,278.36696340943274,,found,85,85
subsample_align,413,easy,1095136,238.87826229898675,,found,51,51
subsample_align,440,easy,1095586,255.65861749805254,,found,85,85
subsample_align,244,collision,1096574,171.87979379761123,-5.0,found,76,76
subsample_align,186,pair,1096936,122.16013696676325,,detected_misfiled,116,103
subsample_align,205,pair,1098061,127.48948406524877,,found,105,105
subsample_align,163,pair,1098511,153.3216339215103,,detected_misfiled,34,135
subsample_align,205,pair,1099261,175.39678120476793,,detected_misfiled,168,105
subsample_align,205,pair,1100536,168.25424240498103,,detected_misfiled,106,105
subsample_align,134,pair,1100761,119.37775261034847,,found,134,134
subsample_align,270,collision,1102068,130.74869339913866,24.0,found,185,185
subsample_align,461,easy,1103011,193.28994576526017,,found,94,94
subsample_align,328,noisy_channel,1103461,132.4414160005679,,found,38,38
subsample_align,270,collision,1105651,126.24095134980453,-21.0,found,185,185
subsample_align,134,pair,1106761,116.25593208797001,,found,134,134
subsample_align,440,easy,1109311,252.9879122227212,,found,85,85
subsample_align,461,easy,1113436,160.11229533546555,,found,94,94
subsample_align,292,collision,1114217,178.50864361270447,22.0,found,172,172
subsample_align,390,noisy_channel,1114411,254.1568842991592,,found,21,21
subsample_align,186,pair,1114561,108.63622721319987,,detected_misfiled,8,103
subsample_align,440,easy,1114711,199.28600760199487,,found,85,85
subsample_align,328,noisy_channel,1115236,97.98399730561663,,detected_misfiled,46,38
subsample_align,390,noisy_channel,1116436,237.73809513381192,,found,21,21
subsample_align,292,collision,1118639,185.20112800486027,-4.0,found,172,172
subsample_align,270,collision,1121847,151.09335110735017,6.0,detected_misfiled,31,185
subsample_align,371,noisy_channel,1123261,267.7788739694212,,found,121,121
subsample_align,413,easy,1124011,206.93779749564968,,found,51,51
subsample_align,186,pair,1124686,95.51984384623383,,detected_misfiled,149,103
subsample_align,270,collision,1126206,153.6706085074211,19.0,found,185,185
subsample_align,328,noisy_channel,1127836,142.44997544178494,,not_detected,-1,38
subsample_align,413,easy,1127986,184.9654896971242,,found,51,51
subsample_align,461,easy,1129936,173.8387836351514,,found,94,94
subsample_align,440,easy,1131361,242.37097613728503,,found,85,85
subsample_align,205,pair,1133161,184.09573699328075,,detected_misfiled,59,105
subsample_align,244,collision,1133312,135.05325178821383,15.0,not_detected,-1,76
subsample_align,270,collision,1133973,118.07128104986054,-5.0,detected_misfiled,114,185
subsample_align,163,pair,1136011,122.64954531905427,,not_detected,-1,135
subsample_align,413,easy,1137436,179.02001826651608,,found,51,51
subsample_align,205,pair,1137661,127.00540668111233,,detected_misfiled,106,105
subsample_align,440,easy,1139686,194.08483619647512,,found,85,85
subsample_align,244,collision,1143221,152.20834211556593,-22.0,detected_misfiled,17,76
subsample_align,371,noisy_channel,1143661,182.62271142889966,,found,121,121
subsample_align,244,collision,1145085,122.06060967156756,-15.0,detected_misfiled,32,76
subsample_align,413,easy,1146211,209.0882844277384,,found,51,51
subsample_align,461,easy,1146436,158.30430008462304,,detected_misfiled,29,94
subsample_align,371,noisy_channel,1149211,164.05973036972102,,detected_misfiled,61,121
subsample_align,390,noisy_channel,1149886,200.26522956859762,,detected_misfiled,22,21
subsample_align,440,easy,1151911,228.9987636902942,,found,85,85
subsample_align,371,noisy_channel,1153711,138.50095941360587,,detected_misfiled,105,121
subsample_align,390,noisy_channel,1154086,187.61913099398816,,found,21,21
subsample_align,244,collision,1155977,192.32614565580838,-12.0,found,76,76
subsample_align,390,noisy_channel,1156636,308.6492349618602,,detected_misfiled,22,21
subsample_align,292,collision,1157114,148.9061123301642,-4.0,detected_misfiled,47,172
subsample_align,413,easy,1157461,177.17589765028916,,found,51,51
subsample_align,328,noisy_channel,1158736,117.63349610908881,,found,38,38
subsample_align,244,collision,1160090,176.75804627905302,-11.0,not_detected,-1,76
subsample_align,134,pair,1161286,109.38706190926354,,found,134,134
subsample_align,186,pair,1162111,78.33934826373661,,detected_misfiled,64,103
subsample_align,244,collision,1162918,117.21728651831307,-21.0,found,76,76
subsample_align,413,easy,1163536,191.59119571148352,,found,51,51
subsample_align,205,pair,1163911,167.71755296454924,,detected_misfiled,34,105
subsample_align,440,easy,1164211,253.55099584208162,,found,85,85
subsample_align,163,pair,1165411,137.86855928446477,,detected_misfiled,137,135
subsample_align,328,noisy_channel,1167361,134.5041368313707,,found,38,38
subsample_align,461,easy,1169161,170.4745720445131,,found,94,94
subsample_align,163,pair,1170886,131.99021845051982,,detected_misfiled,153,135
subsample_align,270,collision,1171202,107.33992081418971,18.0,detected_misfiled,143,185
subsample_align,328,noisy_channel,1174786,188.43710566341844,,found,38,38
subsample_align,440,easy,1175311,232.0472597869221,,found,85,85
subsample_align,292,collision,1177212,125.90385325784838,12.0,found,172,172
subsample_align,186,pair,1178461,115.59772018474769,,found,103,103
subsample_align,186,pair,1179286,98.03427553041024,,detected_misfiled,2,103
subsample_align,270,collision,1179806,146.54771925396187,20.0,found,185,185
subsample_align,390,noisy_channel,1179961,166.5357464998608,,found,21,21
subsample_align,163,pair,1180411,149.49722528024432,,found,135,135
subsample_align,244,collision,1180869,127.91095180242164,-6.0,detected_misfiled,9,76
subsample_align,461,easy,1182061,208.4793474517375,,found,94,94
subsample_align,328,noisy_channel,1184236,124.70342944930741,,found,38,38
subsample_align,390,noisy_channel,1186111,275.93786735527505,,detected_misfiled,22,21
subsample_align,244,collision,1187378,131.70145795015202,24.0,detected_misfiled,145,76
subsample_align,163,pair,1188061,154.96752813648982,,not_detected,-1,135
subsample_align,328,noisy_channel,1188286,141.45535029183796,,found,38,38
subsample_align,270,collision,1189177,133.7073529460028,5.0,found,185,185
subsample_align,134,pair,1190086,164.7435247729851,,detected_misfiled,83,134
subsample_align,244,collision,1190531,248.589716269756,19.0,detected_misfiled,8,76
subsample_align,440,easy,1192636,253.90592988899843,,found,85,85
subsample_align,244,collision,1193183,171.3974495709387,18.0,found,76,76
subsample_align,244,collision,1193848,161.18300373752888,-13.0,detected_misfiled,68,76
subsample_align,244,collision,1194211,266.6221643801331,16.0,detected_misfiled,78,76
subsample_align,205,pair,1197061,156.10544825046014,,found,105,105
subsample_align,292,collision,1197886,86.94731080870054,16.0,found,172,172
subsample_align,134,pair,1198486,138.65953922042308,,found,134,134
subsample_align,270,collision,1200758,134.81941183765318,-9.0,found,185,185
subsample_align,292,collision,1201665,146.38317665795594,-7.0,found,172,172
subsample_align,440,easy,1201861,263.0853105262636,,found,85,85
subsample_align,390,noisy_channel,1202011,220.58530386658106,,detected_misfiled,22,21
subsample_align,163,pair,1202236,126.0591708300363,,found,135,135
subsample_align,461,easy,1203436,149.48268396277197,,detected_misfiled,159,94
subsample_align,134,pair,1203586,111.46578727751177,,found,134,134
subsample_align,163,pair,1205986,145.8822145178239,,not_detected,-1,135
subsample_align,186,pair,1208236,88.47484049244153,,detected_misfiled,32,103
subsample_align,413,easy,1208686,193.36880201570577,,found,51,51
subsample_align,134,pair,1212136,97.20916792598443,,found,134,134
subsample_align,244,collision,1212463,175.72685521513114,-9.0,detected_misfiled,74,76
subsample_align,186,pair,1214536,117.24290566999215,,detected_misfiled,29,103
subsample_align,371,noisy_channel,1215061,134.586197146203,,detected_misfiled,8,121
subsample_align,292,collision,1217042,137.20029612519488,17.0,found,172,172
subsample_align,328,noisy_channel,1218061,128.23254615786095,,not_detected,-1,38
subsample_align,205,pair,1218886,157.19610227133916,,detected_misfiled,17,105
subsample_align,461,easy,1219711,133.60965001449676,,detected_misfiled,81,94
subsample_align,244,collision,1220573,123.8826603926338,19.0,detected_misfiled,8,76
subsample_align,163,pair,1220761,113.96889211554846,,detected_misfiled,167,135
subsample_align,292,collision,1221109,137.21745792032442,17.0,found,172,172
subsample_align,205,pair,1221436,121.41580496431445,,found,105,105
subsample_align,163,pair,1221961,107.96475575594485,,detected_misfiled,130,135
subsample_align,390,noisy_channel,1222336,239.77163837134935,,detected_misfiled,22,21
subsample_align,186,pair,1227061,83.13424828875162,,found,103,103
subsample_align,292,collision,1229719,160.017911352162,13.0,found,172,172
subsample_align,244,collision,1231928,244.58773045110536,-11.0,detected_misfiled,43,76
subsample_align,390,noisy_channel,1235386,224.80986185444326,,found,21,21
subsample_align,413,easy,1235611,161.83671415016423,,found,51,51
subsample_align,270,collision,1242294,125.6050642174527,10.0,detected_misfiled,153,185
subsample_align,205,pair,1243261,152.16448968706314,,found,105,105
subsample_align,292,collision,1244061,111.81790273086108,18.0,found,172,172
subsample_align,371,noisy_channel,1244536,123.9426087298456,,not_detected,-1,121
subsample_align,244,collision,1244827,84.5616466574778,-10.0,detected_misfiled,31,76
subsample_align,134,pair,1245511,140.1568184183676,,found,134,134
subsample_align,244,collision,1246656,212.37047678579842,-24.0,detected_misfiled,155,76
subsample_align,390,noisy_channel,1249486,212.59881613390257,,detected_misfiled,22,21
subsample_align,163,pair,1252336,122.91195658598144,,detected_misfiled,184,135
subsample_align,440,easy,1252636,220.9164009723212,,found,85,85
subsample_align,134,pair,1254586,115.26254708277426,,found,134,134
subsample_align,186,pair,1255336,95.51357454077164,,found,103,103
subsample_align,292,collision,1257047,86.54921480410943,8.0,found,172,172
subsample_align,134,pair,1258411,140.3351103038837,,found,134,134
subsample_align,134,pair,1258861,116.36440567979734,,found,134,134
subsample_align,371,noisy_channel,1259311,119.90800939826873,,found,121,121
subsample_align,163,pair,1261486,136.72465147230378,,not_detected,-1,135
subsample_align,134,pair,1262686,137.2312700637226,,found,134,134
subsample_align,134,pair,1263886,151.27183869723126,,found,134,134
subsample_align,186,pair,1264186,113.35233901977583,,detected_misfiled,106,103
subsample_align,440,easy,1264561,199.9485950003667,,found,85,85
subsample_align,440,easy,1265086,251.3232512282143,,found,85,85
subsample_align,270,collision,1267712,122.67999440806555,7.0,found,185,185
subsample_align,134,pair,1268086,172.53443107676432,,found,134,134
subsample_align,163,pair,1269886,124.81469314970558,,not_detected,-1,135
subsample_align,440,easy,1270561,276.48848099079305,,found,85,85
subsample_align,371,noisy_channel,1271386,154.56553041089882,,found,121,121
subsample_align,205,pair,1272736,114.76674032341589,,found,105,105
subsample_align,163,pair,1274536,112.67361939902676,,detected_misfiled,29,135
subsample_align,244,collision,1276108,119.96381547936159,8.0,detected_misfiled,130,76
subsample_align,186,pair,1276411,127.86553379064945,,detected_misfiled,7,103
subsample_align,186,pair,1277611,141.19046603029176,,detected_misfiled,42,103
subsample_align,390,noisy_channel,1278436,239.81221599523673,,detected_misfiled,22,21
subsample_align,413,easy,1279186,175.06275051282458,,found,51,51
subsample_align,134,pair,1280386,129.50274822967907,,found,134,134
subsample_align,440,easy,1281061,277.4378184461935,,found,85,85
subsample_align,205,pair,1282411,130.80579740658712,,detected_misfiled,106,105
subsample_align,328,noisy_channel,1283161,144.6327692338746,,detected_misfiled,36,38
subsample_align,163,pair,1283536,103.1835986407701,,detected_misfiled,123,135
subsample_align,163,pair,1284136,103.82037169244592,,not_detected,-1,135
subsample_align,440,easy,1285336,140.49727410469112,,found,85,85
subsample_align,440,easy,1286386,236.90320229467017,,found,85,85
subsample_align,413,easy,1287586,168.23714260003493,,found,51,51
subsample_align,270,collision,1289023,152.76780058371702,18.0,detected_misfiled,112,185
subsample_align,390,noisy_channel,1290286,363.99418951496295,,detected_misfiled,22,21
subsample_align,461,easy,1291636,147.4339592846567,,found,94,94
subsample_align,390,noisy_channel,1292911,222.1405607697261,,found,21,21
subsample_align,134,pair,1293811,123.5754158877088,,found,134,134
subsample_align,390,noisy_channel,1294711,214.07643516042157,,detected_misfiled,22,21
subsample_align,292,collision,1294871,167.99267810260972,7.0,found,172,172
subsample_align,244,collision,1295397,181.2234158319752,15.0,detected_misfiled,7,76
subsample_align,244,collision,1300691,185.53466360358806,15.0,found,76,76
subsample_align,244,collision,1305045,187.38000364820266,-7.0,detected_misfiled,102,76
subsample_align,186,pair,1307536,115.72455585308094,,detected_misfiled,46,103
subsample_align,244,collision,1308905,201.8800772975212,-15.0,found,76,76
subsample_align,461,easy,1309936,264.5977253169831,,found,94,94
subsample_align,134,pair,1310461,165.77549277212404,,found,134,134
subsample_align,244,collision,1311529,159.19633867206898,-16.0,found,76,76
subsample_align,440,easy,1314361,292.57523791492565,,found,85,85
subsample_align,413,easy,1315261,200.64557742506491,,found,51,51
subsample_align,328,noisy_channel,1317211,138.43359429761801,,detected_misfiled,139,38
subsample_align,461,easy,1318261,160.65771346832315,,found,94,94
subsample_align,186,pair,1319761,67.5767580929799,,detected_misfiled,64,103
subsample_align,461,easy,1321036,249.5864871777582,,found,94,94
subsample_align,134,pair,1321936,137.09180669562764,,found,134,134
subsample_align,440,easy,1322236,243.08027067207752,,found,85,85
subsample_align,461,easy,1325911,139.71083829486378,,not_detected,-1,94
subsample_align,461,easy,1326511,250.34761787926502,,found,94,94
subsample_align,134,pair,1328836,112.73118424340555,,found,134,134
subsample_align,244,collision,1329322,126.96233837900957,-19.0,not_detected,-1,76
subsample_align,134,pair,1329586,125.92275150307634,,found,134,134
subsample_align,390,noisy_channel,1330111,261.79471427063226,,found,21,21
subsample_align,134,pair,1332211,148.2940521822635,,found,134,134
subsample_align,186,pair,1333711,83.61665716716519,,detected_misfiled,31,103
subsample_align,440,easy,1335061,228.2170198389136,,found,85,85
subsample_align,413,easy,1335961,167.66575156064206,,found,51,51
subsample_align,371,noisy_channel,1337611,182.74804794114962,,detected_misfiled,123,121
subsample_align,205,pair,1338136,156.14109064471123,,found,105,105
subsample_align,244,collision,1338389,243.80099301044172,11.0,found,76,76
subsample_align,461,easy,1340386,129.70630732852968,,found,94,94
subsample_align,328,noisy_channel,1341511,211.9103719391794,,found,38,38
subsample_align,244,collision,1343072,253.59770102851428,-9.0,found,76,76
subsample_align,244,collision,1343252,133.56416323058284,5.0,detected_misfiled,74,76
subsample_align,270,collision,1343453,123.07241676687029,-17.0,found,185,185
subsample_align,163,pair,1343761,142.5672016207133,,detected_misfiled,198,135
subsample_align,186,pair,1345786,104.5770421234118,,detected_misfiled,167,103
subsample_align,413,easy,1346611,219.9364385709414,,found,51,51
subsample_align,134,pair,1347061,199.59165110328155,,found,134,134
subsample_align,413,easy,1348036,205.76287940485486,,found,51,51
subsample_align,134,pair,1349311,134.5479350828492,,detected_misfiled,96,134
subsample_align,413,easy,1352986,160.7461145500967,,found,51,51
subsample_align,163,pair,1353286,107.65578392782626,,not_detected,-1,135
subsample_align,270,collision,1355591,153.2024973175856,-24.0,found,185,185
subsample_align,440,easy,1357036,222.90064081004468,,found,85,85
subsample_align,371,noisy_channel,1357636,109.56835950909192,,detected_misfiled,102,121
subsample_align,205,pair,1359211,125.10134081522162,,detected_misfiled,12,105
subsample_align,390,noisy_channel,1360786,245.53455188246204,,found,21,21
subsample_align,461,easy,1362211,117.933227774599,,detected_misfiled,95,94
subsample_align,205,pair,1362736,161.18490913110912,,detected_misfiled,127,105
subsample_align,328,noisy_channel,1364836,167.27410959908255,,detected_misfiled,199,38
subsample_align,134,pair,1364986,105.53853933041974,,found,134,134
subsample_align,244,collision,1365250,201.9634721256918,-10.0,detected_misfiled,54,76
subsample_align,390,noisy_channel,1366186,224.96401781919397,,detected_misfiled,22,21
subsample_align,244,collision,1366979,217.67628772087247,24.0,detected_misfiled,131,76
subsample_align,163,pair,1367161,94.95366626653922,,not_detected,-1,135
subsample_align,440,easy,1367311,227.13315367895933,,found,85,85
subsample_align,244,collision,1367463,250.74075066743893,24.0,detected_misfiled,102,76
subsample_align,244,collision,1367859,197.42470190170337,-13.0,detected_misfiled,46,76
subsample_align,413,easy,1368136,225.29056049181958,,found,51,51
subsample_align,292,collision,1370652,101.91041449674961,-12.0,found,172,172
subsample_align,186,pair,1370986,91.45732171479955,,detected_misfiled,100,103
subsample_align,328,noisy_channel,1371661,197.3586133685572,,found,38,38
subsample_align,440,easy,1371811,265.0399517841011,,found,85,85
subsample_align,292,collision,1372200,135.99840704620806,24.0,found,172,172
subsample_align,244,collision,1372957,161.64165829187158,18.0,detected_misfiled,47,76
subsample_align,134,pair,1374136,127.31640726036294,,found,134,134
subsample_align,244,collision,1375377,131.75794948308655,5.0,found,76,76
subsample_align,134,pair,1375636,153.37755315018973,,found,134,134
subsample_align,390,noisy_channel,1376236,256.33197287427305,,found,21,21
subsample_align,134,pair,1377286,94.26518221847928,,found,134,134
subsample_align,163,pair,1377436,103.88223680909748,,found,135,135
subsample_align,186,pair,1377586,102.51325468936824,,detected_misfiled,31,103
subsample_align,328,noisy_channel,1378486,134.03666451982954,,detected_misfiled,71,38
subsample_align,461,easy,1378936,138.1302350157133,,detected_misfiled,25,94
subsample_align,371,noisy_channel,1382311,138.37022015328202,,found,121,121
subsample_align,134,pair,1384336,143.6028470469123,,found,134,134
subsample_align,461,easy,1384711,157.91027185282016,,found,94,94
subsample_align,440,easy,1384861,256.7602289093384,,found,85,85
subsample_align,413,easy,1385611,260.3600583817864,,found,51,51
subsample_align,461,easy,1387636,251.21787243208098,,found,94,94
subsample_align,413,easy,1388236,216.04257068764025,,found,51,51
subsample_align,292,collision,1388431,113.94272385118859,21.0,found,172,172
subsample_align,328,noisy_channel,1388611,143.83623246557502,,found,38,38
subsample_align,371,noisy_channel,1389211,105.82330466272244,,found,121,121
subsample_align,440,easy,1390561,335.21100100055787,,detected_misfiled,91,85
subsample_align,244,collision,1390878,118.3170136558576,-23.0,detected_misfiled,49,76
subsample_align,371,noisy_channel,1391761,111.70959989970316,,found,121,121
subsample_align,186,pair,1391986,130.98439796044966,,found,103,103
subsample_align,270,collision,1393060,90.46778045533527,4.0,found,185,185
subsample_align,440,easy,1394311,315.78824659824613,,found,85,85
subsample_align,390,noisy_channel,1397836,278.5240984158402,,detected_misfiled,22,21
subsample_align,205,pair,1399486,212.15763089711726,,found,105,105
subsample_align,413,easy,1400086,226.06476155359863,,found,51,51
subsample_align,186,pair,1400986,144.29717089420953,,not_detected,-1,103
subsample_align,371,noisy_channel,1401211,112.773191286013,,not_detected,-1,121
subsample_align,440,easy,1401586,259.38372979283423,,found,85,85
subsample_align,371,noisy_channel,1401886,145.53853934513606,,detected_misfiled,154,121
subsample_align,371,noisy_channel,1402411,129.33186986660468,,found,121,121
subsample_align,163,pair,1402936,112.68121693875725,,found,135,135
subsample_align,440,easy,1403911,191.70024288872378,,detected_misfiled,137,85
subsample_align,390,noisy_channel,1404361,208.9000812087203,,found,21,21
subsample_align,371,noisy_channel,1404811,137.41563354790796,,detected_misfiled,17,121
subsample_align,390,noisy_channel,1406386,226.35603178726137,,found,21,21
subsample_align,440,easy,1406761,283.39541429252034,,found,85,85
subsample_align,134,pair,1407361,104.23740223915455,,found,134,134
subsample_align,371,noisy_channel,1407736,125.18419211693413,,detected_misfiled,30,121
subsample_align,205,pair,1408036,135.87100858729775,,detected_misfiled,136,105
subsample_align,461,easy,1409236,188.3038249730253,,found,94,94
subsample_align,413,easy,1409611,171.3157050345572,,found,51,51
subsample_align,413,easy,1411486,158.17155701398718,,found,51,51
subsample_align,186,pair,1411711,155.0654601543933,,detected_misfiled,46,103
subsample_align,244,collision,1412153,167.19014617372525,-19.0,not_detected,-1,76
subsample_align,440,easy,1413811,267.15107515604836,,found,85,85
subsample_align,163,pair,1414036,132.74534766664203,,not_detected,-1,135
subsample_align,461,easy,1414411,156.03173682521577,,found,94,94
subsample_align,371,noisy_channel,1414861,163.11588798879515,,detected_misfiled,116,121
subsample_align,244,collision,1415986,286.44023174449603,-14.0,detected_misfiled,2,76
subsample_align,244,collision,1416243,129.42104554677232,21.0,detected_misfiled,24,76
subsample_align,205,pair,1417186,103.14502779702893,,detected_misfiled,190,105
subsample_align,461,easy,1417786,136.41973207372504,,detected_misfiled,26,94
subsample_align,134,pair,1418611,130.13251162177235,,found,134,134
subsample_align,205,pair,1424536,157.06357542426525,,not_detected,-1,105
subsample_align,328,noisy_channel,1424911,152.84932364756105,,found,38,38
subsample_align,205,pair,1425061,158.50359133271309,,found,105,105
subsample_align,244,collision,1427109,161.86042069143105,-18.0,detected_misfiled,15,76
subsample_align,440,easy,1427611,244.92264414767348,,found,85,85
subsample_align,461,easy,1427836,191.56579944049332,,found,94,94
subsample_align,461,easy,1428136,118.20750185309106,,not_detected,-1,94
subsample_align,270,collision,1428329,136.4231161851448,-23.0,found,185,185
subsample_align,205,pair,1428586,128.71257364894836,,detected_misfiled,188,105
subsample_align,413,easy,1429786,218.69120408684913,,found,51,51
subsample_align,134,pair,1430911,102.08571386408883,,found,134,134
subsample_align,371,noisy_channel,1432111,127.47066125295842,,not_detected,-1,121
subsample_align,244,collision,1434689,164.08029524813855,9.0,detected_misfiled,33,76
subsample_align,134,pair,1434886,149.3753702117803,,found,134,134
subsample_align,413,easy,1435036,181.21510157069866,,detected_misfiled,127,51
subsample_align,205,pair,1436236,108.80502703870852,,not_detected,-1,105
subsample_align,163,pair,1437736,120.16865185097653,,detected_misfiled,26,135
subsample_align,390,noisy_channel,1440361,211.71027630845634,,detected_misfiled,135,21
subsample_align,461,easy,1440811,165.62203375969867,,detected_misfiled,151,94
subsample_align,461,easy,1442236,226.04189357704357,,detected_misfiled,95,94
subsample_align,328,noisy_channel,1442461,131.56427120058856,,found,38,38
subsample_align,205,pair,1443886,115.26282847235947,,found,105,105
subsample_align,390,noisy_channel,1445386,232.76234259562142,,found,21,21
subsample_align,461,easy,1445836,204.35381214155825,,not_detected,-1,94
subsample_align,371,noisy_channel,1448236,119.97097735810489,,detected_misfiled,151,121
subsample_align,440,easy,1449361,314.353369271558,,found,85,85
subsample_align,461,easy,1451986,204.47019839228827,,not_detected,-1,94
subsample_align,270,collision,1452238,101.52519163242243,13.0,found,185,185
subsample_align,461,easy,1453486,201.85671512929446,,detected_misfiled,117,94
subsample_align,244,collision,1453816,166.8132476635796,18.0,found,76,76
subsample_align,390,noisy_channel,1454011,223.45528939850342,,detected_misfiled,22,21
subsample_align,390,noisy_channel,1454161,224.27161722788526,,detected_misfiled,22,21
subsample_align,134,pair,1455511,131.21591727997742,,found,134,134
subsample_align,244,collision,1456304,200.0519883950651,-8.0,detected_misfiled,78,76
subsample_align,205,pair,1457161,169.40969967146032,,detected_misfiled,85,105
subsample_align,440,easy,1457461,158.14986886184414,,found,85,85
subsample_align,163,pair,1458061,102.31704855962286,,detected_misfiled,180,135
subsample_align,163,pair,1458436,97.96621801056469,,detected_misfiled,52,135
subsample_align,328,noisy_channel,1459561,123.98669699938362,,found,38,38
subsample_align,371,noisy_channel,1460536,125.60661621901005,,found,121,121
subsample_align,270,collision,1460923,105.95176336289555,-19.0,found,185,185
subsample_align,461,easy,1463236,183.57119607508955,,found,94,94
subsample_align,440,easy,1463536,244.06621474333838,,found,85,85
subsample_align,134,pair,1464886,102.91241104534069,,found,134,134
subsample_align,244,collision,1466702,281.7658895032573,8.0,detected_misfiled,74,76
subsample_align,186,pair,1469086,108.6795413959243,,detected_misfiled,34,103
subsample_align,244,collision,1472981,147.00114222720447,-10.0,detected_misfiled,151,76
subsample_align,186,pair,1473136,125.42013228829467,,detected_misfiled,143,103
subsample_align,390,noisy_channel,1473361,208.95103534704234,,detected_misfiled,22,21
subsample_align,163,pair,1474561,134.7816995935433,,detected_misfiled,199,135
subsample_align,244,collision,1476236,131.68261694353498,-23.0,found,76,76
subsample_align,461,easy,1477036,156.62993123738664,,detected_misfiled,95,94
subsample_align,134,pair,1478311,130.4676104371419,,found,134,134
subsample_align,413,easy,1481536,221.53588161778748,,found,51,51
subsample_align,390,noisy_channel,1482211,242.2634602393114,,detected_misfiled,22,21
subsample_align,244,collision,1483185,154.55336574548213,-6.0,found,76,76
subsample_align,413,easy,1483486,263.3612772206082,,found,51,51
subsample_align,134,pair,1483711,134.75227444408898,,found,134,134
subsample_align,163,pair,1483936,118.67850903338633,,detected_misfiled,153,135
subsample_align,440,easy,1485211,203.75025813667244,,found,85,85
subsample_align,371,noisy_channel,1486036,99.37894187022955,,found,121,121
subsample_align,461,easy,1486261,135.8465736191088,,found,94,94
subsample_align,244,collision,1486420,144.09828657907687,-13.0,found,76,76
subsample_align,440,easy,1487161,205.25636477840703,,found,85,85
subsample_align,163,pair,1488061,208.96736028268694,,detected_misfiled,118,135
subsample_align,244,collision,1488414,155.1813172561595,20.0,detected_misfiled,75,76
subsample_align,244,collision,1488918,149.63398363521378,5.0,detected_misfiled,75,76
subsample_align,244,collision,1489709,171.93018692285503,4.0,detected_misfiled,125,76
subsample_align,186,pair,1490461,101.93357562783328,,not_detected,-1,103
subsample_align,244,collision,1492256,202.554148924777,21.0,detected_misfiled,154,76
subsample_align,440,easy,1494211,205.12538403670254,,found,85,85
subsample_align,328,noisy_channel,1494511,120.28251873795149,,detected_misfiled,64,38
subsample_align,270,collision,1497295,91.49970790442494,-22.0,found,185,185
subsample_align,244,collision,1497688,199.09261875815437,-17.0,found,76,76
subsample_align,244,collision,1498023,125.24571942272567,16.0,not_detected,-1,76
subsample_align,244,collision,1498794,173.39586910978485,7.0,detected_misfiled,36,76
subsample_align,205,pair,1499311,172.91377272001628,,not_detected,-1,105
subsample_align,134,pair,1499761,136.21857663443674,,found,134,134
subsample_align,186,pair,1501411,134.48268199753304,,detected_misfiled,12,103
subsample_align,205,pair,1501636,134.45184627987265,,not_detected,-1,105
subsample_align,440,easy,1502311,218.17132498786785,,found,85,85
subsample_align,390,noisy_channel,1502461,275.23461601146334,,detected_misfiled,22,21
subsample_align,270,collision,1504537,171.81408890927474,8.0,found,185,185
subsample_align,328,noisy_channel,1505386,150.99092647699155,,detected_misfiled,24,38
subsample_align,270,collision,1506202,108.33559358564963,-18.0,detected_misfiled,99,185
subsample_align,244,collision,1507058,190.46925287298052,16.0,detected_misfiled,79,76
subsample_align,134,pair,1507936,107.99290239818852,,found,134,134
subsample_align,461,easy,1508236,125.85491048795949,,detected_misfiled,68,94
subsample_align,186,pair,1508611,98.66715749476589,,detected_misfiled,83,103
subsample_align,270,collision,1508904,124.33759670606369,6.0,detected_misfiled,68,185
subsample_align,186,pair,1509211,132.54260309465502,,found,103,103
subsample_align,163,pair,1509436,89.46687719223095,,detected_misfiled,87,135
subsample_align,270,collision,1509650,109.39828820106402,-10.0,found,185,185
subsample_align,371,noisy_channel,1510186,94.42998896527118,,found,121,121
subsample_align,390,noisy_channel,1510786,265.4409841516599,,detected_misfiled,22,21
subsample_align,292,collision,1511291,127.75810564055521,-9.0,found,172,172
subsample_align,163,pair,1511761,106.09625138775098,,detected_misfiled,162,135
subsample_align,390,noisy_channel,1512586,204.51833565907177,,detected_misfiled,122,21
subsample_align,328,noisy_channel,1513561,151.73039730465487,,found,38,38
subsample_align,186,pair,1513711,123.16286596869031,,detected_misfiled,143,103
subsample_align,163,pair,1514011,126.08589640010659,,detected_misfiled,143,135
subsample_align,328,noisy_channel,1515061,177.8245306436413,,detected_misfiled,34,38
subsample_align,186,pair,1515586,140.4361955734298,,not_detected,-1,103
subsample_align,390,noisy_channel,1515886,220.7994775034632,,found,21,21
subsample_align,270,collision,1516412,134.77994661282912,6.0,detected_misfiled,113,185
subsample_align,270,collision,1518082,95.41857123928047,9.0,found,185,185
subsample_align,371,noisy_channel,1518586,146.25453751362667,,not_detected,-1,121
subsample_align,390,noisy_channel,1520536,226.32408803463602,,found,21,21
subsample_align,413,easy,1520986,188.1443686716892,,found,51,51
subsample_align,390,noisy_channel,1524511,283.25402576716823,,found,21,21
subsample_align,205,pair,1525636,115.0173159090749,,detected_misfiled,64,105
subsample_align,244,collision,1526027,170.79716750823368,21.0,found,76,76
subsample_align,163,pair,1526236,136.0314710615457,,not_detected,-1,135
subsample_align,413,easy,1529461,212.79609240028753,,found,51,51
subsample_align,461,easy,1529611,150.78913215767693,,found,94,94
subsample_align,244,collision,1530748,150.30173399190602,-23.0,not_detected,-1,76
subsample_align,244,collision,1531745,189.65003975618464,24.0,detected_misfiled,78,76
subsample_align,134,pair,1532236,122.15272762162365,,found,134,134
subsample_align,413,easy,1533286,226.74247261446936,,found,51,51
subsample_align,390,noisy_channel,1533736,188.55937585506612,,detected_misfiled,114,21
subsample_align,134,pair,1534036,141.07228776067362,,found,134,134
subsample_align,292,collision,1537428,137.6254128011033,19.0,found,172,172
subsample_align,163,pair,1539586,121.72658162793044,,detected_misfiled,149,135
subsample_align,371,noisy_channel,1543561,124.64262956773268,,detected_misfiled,31,121
subsample_align,390,noisy_channel,1544686,206.6157202908762,,found,21,21
subsample_align,328,noisy_channel,1548586,159.34501005226917,,found,38,38
subsample_align,390,noisy_channel,1548961,282.7938588061204,,found,21,21
subsample_align,328,noisy_channel,1549561,101.67666324991737,,found,38,38
subsample_align,461,easy,1549861,126.41645471338578,,found,94,94
subsample_align,390,noisy_channel,1550536,338.70666756061166,,detected_misfiled,22,21
subsample_align,134,pair,1551061,127.83072392325914,,found,134,134
subsample_align,244,collision,1551558,193.53407996170802,15.0,detected_misfiled,52,76
subsample_align,461,easy,1551736,169.6885845230165,,found,94,94
subsample_align,244,collision,1552275,189.198947532233,-15.0,detected_misfiled,131,76
subsample_align,292,collision,1556680,89.05599471000443,-13.0,detected_misfiled,104,172
subsample_align,134,pair,1557661,103.52826877721174,,found,134,134
subsample_align,440,easy,1557886,238.46298209203255,,found,85,85
subsample_align,186,pair,1559161,102.5188259601921,,detected_misfiled,199,103
subsample_align,440,easy,1560661,262.9094932091009,,found,85,85
subsample_align,440,easy,1561486,166.5741248667712,,found,85,85
subsample_align,134,pair,1563811,151.4565940227703,,found,134,134
subsample_align,186,pair,1564561,93.89550029190364,,detected_misfiled,26,103
subsample_align,134,pair,1565086,131.12134566798093,,found,134,134
subsample_align,461,easy,1565911,234.6166604410916,,found,94,94
subsample_align,205,pair,1568461,157.67704752243998,,found,105,105
subsample_align,328,noisy_channel,1569136,107.01918063039534,,found,38,38
subsample_align,461,easy,1569586,161.5720743384013,,found,94,94
subsample_align,134,pair,1570786,141.47282544271928,,found,134,134
subsample_align,134,pair,1571386,157.6277839443716,,found,134,134
subsample_align,270,collision,1571852,106.11589939669494,-16.0,found,185,185
subsample_align,270,collision,1572504,113.91718051314068,-22.0,found,185,185
subsample_align,205,pair,1574836,127.40323688964763,,not_detected,-1,105
subsample_align,371,noisy_channel,1575811,95.66285644608055,,found,121,121
subsample_align,205,pair,1576111,155.1053072938073,,found,105,105
subsample_align,390,noisy_channel,1578211,319.96338363659163,,detected_misfiled,22,21
subsample_align,328,noisy_channel,1580086,126.68223039027731,,found,38,38
subsample_align,186,pair,1582261,108.77244443731597,,detected_misfiled,151,103
subsample_align,244,collision,1586317,200.52657588317183,15.0,found,76,76
subsample_align,440,easy,1587061,244.27155322532596,,found,85,85
subsample_align,134,pair,1588411,180.41700169351822,,found,134,134
subsample_align,440,easy,1588561,216.30584967766447,,found,85,85
subsample_align,413,easy,1589536,271.82893240824177,,found,51,51
subsample_align,186,pair,1590661,135.56512854342688,,detected_misfiled,196,103
subsample_align,371,noisy_channel,1592011,157.5595443700882,,detected_misfiled,53,121
subsample_align,390,noisy_channel,1592986,229.3289464514346,,detected_misfiled,22,21
subsample_align,440,easy,1594186,240.67984016618055,,found,85,85
subsample_align,292,collision,1595187,156.35360677612277,16.0,found,172,172
subsample_align,270,collision,1595478,172.47712572767554,-13.0,detected_misfiled,88,185
subsample_align,244,collision,1595851,177.6632133940192,-21.0,detected_misfiled,173,76
subsample_align,292,collision,1597919,149.22836724145373,21.0,found,172,172
subsample_align,371,noisy_channel,1598161,124.0304320635231,,found,121,121
subsample_align,270,collision,1598500,86.06169755246864,23.0,found,185,185
subsample_align,163,pair,1598986,151.60634810068913,,detected_misfiled,62,135
subsample_align,461,easy,1599661,155.20099223753937,,found,94,94
subsample_align,270,collision,1600130,137.97412227925292,-4.0,found,185,185
subsample_align,244,collision,1602391,147.61753125034642,8.0,found,76,76
subsample_align,163,pair,1603036,101.9638345372091,,not_detected,-1,135
subsample_align,371,noisy_channel,1603861,109.05549231601493,,detected_misfiled,59,121
subsample_align,205,pair,1604461,132.78891066409741,,detected_misfiled,196,105
subsample_align,440,easy,1604911,273.9562858607462,,found,85,85
subsample_align,292,collision,1607681,160.02274377974902,-12.0,found,172,172
subsample_align,413,easy,1607986,200.11972449738857,,found,51,51
subsample_align,270,collision,1608393,139.2860780181599,17.0,found,185,185
subsample_align,461,easy,1609261,219.31865077262563,,found,94,94
subsample_align,328,noisy_channel,1610161,147.76812426045896,,detected_misfiled,17,38
subsample_align,292,collision,1610818,191.2994798976269,16.0,found,172,172
subsample_align,390,noisy_channel,1611211,256.13636571458204,,found,21,21
subsample_align,292,collision,1613554,109.92939903417076,-13.0,found,172,172
subsample_align,270,collision,1613979,114.97711251342443,18.0,found,185,185
subsample_align,270,collision,1614328,115.41827725560574,-15.0,detected_misfiled,186,185
subsample_align,270,collision,1615484,103.24286103884307,8.0,detected_misfiled,47,185
subsample_align,134,pair,1615711,149.47482967341494,,found,134,134
subsample_align,270,collision,1615977,131.74394866265465,-13.0,detected_misfiled,47,185
subsample_align,270,collision,1616283,121.25131752644964,16.0,detected_misfiled,11,185
subsample_align,440,easy,1617886,258.5202485190838,,found,85,85
subsample_align,440,easy,1618036,250.2090671914924,,detected_misfiled,42,85
subsample_align,390,noisy_channel,1618186,242.749198041667,,found,21,21
subsample_align,205,pair,1620211,155.35818444438863,,found,105,105
subsample_align,205,pair,1623811,145.88433808643887,,found,105,105
subsample_align,186,pair,1623961,121.95798485022056,,not_detected,-1,103
subsample_align,328,noisy_channel,1625086,140.58420081869386,,found,38,38
subsample_align,292,collision,1628178,131.16001738247994,14.0,found,172,172
subsample_align,134,pair,1628686,108.66361037188452,,found,134,134
subsample_align,163,pair,1633711,117.41985520050667,,detected_misfiled,138,135
subsample_align,328,noisy_channel,1635886,136.42533132694138,,found,38,38
subsample_align,244,collision,1636523,144.51581211183426,-19.0,found,76,76
subsample_align,163,pair,1637686,144.0738097484022,,detected_misfiled,6,135
subsample_align,186,pair,1638511,120.76686813986638,,detected_misfiled,36,103
subsample_align,390,noisy_channel,1640386,260.2066473217011,,detected_misfiled,22,21
subsample_align,205,pair,1641511,149.47969442896584,,not_detected,-1,105
subsample_align,371,noisy_channel,1642636,156.4212654855964,,detected_misfiled,39,121
subsample_align,163,pair,1643011,129.21193205477687,,detected_misfiled,128,135
subsample_align,371,noisy_channel,1643836,92.83071259419324,,found,121,121
subsample_align,461,easy,1644436,149.75566097380423,,found,94,94
subsample_align,186,pair,1645861,143.38751060844058,,detected_misfiled,100,103
subsample_align,461,easy,1646386,156.4845531626006,,not_detected,-1,94
subsample_align,134,pair,1646986,168.26522345826987,,found,134,134
subsample_align,390,noisy_channel,1648336,264.6664909756502,,detected_misfiled,22,21
subsample_align,440,easy,1648636,319.3606406289507,,found,85,85
subsample_align,328,noisy_channel,1648861,148.71064268318557,,found,38,38
subsample_align,371,noisy_channel,1651636,133.20969140635708,,found,121,121
subsample_align,163,pair,1652011,114.09938819455027,,not_detected,-1,135
subsample_align,413,easy,1653211,143.64997313962462,,found,51,51
subsample_align,163,pair,1655086,124.98978048912682,,detected_misfiled,8,135
subsample_align,186,pair,1655236,98.68009215620873,,found,103,103
subsample_align,413,easy,1655686,200.95511173730233,,found,51,51
subsample_align,371,noisy_channel,1656736,153.39252749104048,,found,121,121
subsample_align,134,pair,1658011,115.54420582317232,,found,134,134
subsample_align,390,noisy_channel,1658311,175.8867564721475,,found,21,21
subsample_align,205,pair,1660636,152.82654919760762,,found,105,105
subsample_align,413,easy,1661386,234.27271056232144,,found,51,51
subsample_align,292,collision,1662606,120.23157752348659,-20.0,found,172,172
subsample_align,461,easy,1662886,170.06748827942442,,found,94,94
subsample_align,413,easy,1664536,198.51816670966963,,found,51,51
subsample_align,413,easy,1664986,235.48248579560996,,found,51,51
subsample_align,328,noisy_channel,1665886,167.5346757312594,,detected_misfiled,0,38
subsample_align,205,pair,1667386,143.6589303934114,,found,105,105
subsample_align,440,easy,1668286,332.908444182055,,found,85,85
subsample_align,163,pair,1668586,170.1219225907792,,not_detected,-1,135
subsample_align,440,easy,1669336,253.21735050667857,,found,85,85
subsample_align,292,collision,1669844,122.93802193030659,-13.0,detected_misfiled,50,172
subsample_align,390,noisy_channel,1675111,266.7173515296064,,found,21,21
subsample_align,134,pair,1675411,103.41326972115515,,found,134,134
subsample_align,461,easy,1675636,234.58713118049036,,found,94,94
subsample_align,371,noisy_channel,1676386,142.56280545841378,,found,121,121
subsample_align,270,collision,1676957,107.3148325036417,-22.0,found,185,185
subsample_align,270,collision,1681064,101.46763491761999,19.0,found,185,185
subsample_align,163,pair,1683811,98.26207566819218,,not_detected,-1,135
subsample_align,186,pair,1684111,90.74350518457153,,detected_misfiled,74,103
subsample_align,328,noisy_channel,1684336,147.43013896246066,,found,38,38
subsample_align,270,collision,1684843,105.37414503869498,-24.0,detected_misfiled,29,185
subsample_align,186,pair,1685311,95.43034569622053,,detected_misfiled,17,103
subsample_align,270,collision,1685652,111.76085857375236,-17.0,found,185,185
subsample_align,440,easy,1686361,207.07749714067762,,found,85,85
subsample_align,461,easy,1687411,146.77144498796594,,found,94,94
subsample_align,413,easy,1690261,146.87622508351077,,found,51,51
subsample_align,390,noisy_channel,1690486,236.25661155070875,,detected_misfiled,22,21
subsample_align,461,easy,1691761,130.91094285183127,,not_detected,-1,94
subsample_align,461,easy,1692511,188.3843921645627,,found,94,94
subsample_align,440,easy,1692661,300.35896015640077,,found,85,85
subsample_align,186,pair,1694761,146.80431946950532,,detected_misfiled,192,103
subsample_align,292,collision,1696125,123.21152991040381,10.0,found,172,172
subsample_align,270,collision,1696477,150.0511163317056,9.0,found,185,185
subsample_align,461,easy,1697311,136.615592965858,,found,94,94
subsample_align,461,easy,1698211,162.67042235336316,,found,94,94
subsample_align,440,easy,1698736,179.15283115852264,,found,85,85
subsample_align,413,easy,1699036,149.48584472323574,,found,51,51
subsample_align,328,noisy_channel,1700836,156.06606317809792,,found,38,38
subsample_align,328,noisy_channel,1702786,161.5779288090015,,found,38,38
subsample_align,461,easy,1704811,174.4372352065996,,found,94,94
subsample_align,163,pair,1706311,153.79971186071037,,not_detected,-1,135
subsample_align,163,pair,1706836,142.78775071804054,,detected_misfiled,51,135
subsample_align,186,pair,1707211,123.56843300173375,,detected_misfiled,31,103
subsample_align,163,pair,1711336,134.20521070970165,,detected_misfiled,24,135
subsample_align,163,pair,1713211,118.91195750559446,,detected_misfiled,114,135
subsample_align,461,easy,1713511,196.37373028865738,,found,94,94
subsample_align,328,noisy_channel,1713811,131.8488124536764,,found,38,38
subsample_align,163,pair,1714711,121.32987040161427,,detected_misfiled,155,135
subsample_align,205,pair,1715986,153.8829955527748,,found,105,105
subsample_align,371,noisy_channel,1716361,210.36728318229274,,found,121,121
subsample_align,244,collision,1718929,142.6399183071456,-18.0,detected_misfiled,106,76
subsample_align,461,easy,1719286,170.8164619543909,,found,94,94
subsample_align,461,easy,1719811,159.7522106949805,,found,94,94
subsample_align,270,collision,1721426,117.83545386340052,13.0,detected_misfiled,181,185
subsample_align,440,easy,1722586,277.3892331920082,,found,85,85
subsample_align,390,noisy_channel,1723861,205.53316426073624,,detected_misfiled,146,21
subsample_align,461,easy,1724611,170.20115947873643,,found,94,94
subsample_align,163,pair,1724911,119.65279508182493,,detected_misfiled,194,135
subsample_align,371,noisy_channel,1725361,68.97580545673871,,found,121,121
subsample_align,413,easy,1727986,206.51852300089462,,found,51,51
subsample_align,134,pair,1728361,93.16691777756569,,found,134,134
subsample_align,205,pair,1730761,162.0930317635088,,found,105,105
subsample_align,440,easy,1731211,285.02263278028494,,detected_misfiled,195,85
subsample_align,328,noisy_channel,1731811,108.8587941625866,,detected_misfiled,18,38
subsample_align,163,pair,1733686,149.09933753933336,,not_detected,-1,135
subsample_align,461,easy,1735336,210.88699883331554,,detected_misfiled,196,94
subsample_align,270,collision,1737167,134.46326754950516,15.0,detected_misfiled,100,185
subsample_align,328,noisy_channel,1737436,136.80740327009852,,not_detected,-1,38
subsample_align,205,pair,1738261,161.93232541038486,,detected_misfiled,102,105
subsample_align,292,collision,1740382,101.81348836366247,-6.0,found,172,172
subsample_align,292,collision,1742242,84.11850686977597,23.0,found,172,172
subsample_align,134,pair,1743061,120.6132226062621,,found,134,134
subsample_align,244,collision,1743606,208.7295375903187,-22.0,detected_misfiled,75,76
subsample_align,134,pair,1746661,146.5517089542152,,found,134,134
subsample_align,186,pair,1746961,101.4592522235391,,not_detected,-1,103
subsample_align,413,easy,1747186,186.9552328828774,,found,51,51
subsample_align,205,pair,1748011,174.076691171362,,detected_misfiled,156,105
subsample_align,244,collision,1750487,157.69632806069941,17.0,detected_misfiled,105,76
subsample_align,413,easy,1751311,198.10213499821307,,found,51,51
subsample_align,244,collision,1753699,609.1920891917581,12.0,detected_misfiled,14,76
subsample_align,270,collision,1754348,106.64914688660542,-18.0,found,185,185
subsample_align,270,collision,1755163,121.65077669231582,-10.0,found,185,185
subsample_align,292,collision,1755379,119.30809793433558,6.0,found,172,172
subsample_align,390,noisy_channel,1755961,253.00453105060203,,detected_misfiled,22,21
subsample_align,186,pair,1756111,118.84173592600541,,detected_misfiled,114,103
subsample_align,440,easy,1757011,259.5094477984767,,found,85,85
subsample_align,413,easy,1759636,266.0179017995714,,found,51,51
subsample_align,134,pair,1760086,134.35275828937918,,detected_misfiled,51,134
subsample_align,186,pair,1760236,124.1420647752237,,detected_misfiled,104,103
subsample_align,328,noisy_channel,1760461,113.84223312407173,,found,38,38
subsample_align,270,collision,1760724,120.02533312745824,-11.0,found,185,185
subsample_align,163,pair,1763461,130.5027286097917,,found,135,135
subsample_align,244,collision,1764607,162.90084074667283,-12.0,detected_misfiled,25,76
subsample_align,461,easy,1765786,182.09583834212646,,found,94,94
subsample_align,205,pair,1766836,188.7634516019911,,not_detected,-1,105
subsample_align,163,pair,1766986,140.321754058553,,detected_misfiled,114,135
subsample_align,390,noisy_channel,1768786,311.7346331573135,,detected_misfiled,123,21
subsample_align,163,pair,1772986,131.3723998254403,,detected_misfiled,156,135
subsample_align,186,pair,1773661,103.58391358270343,,detected_misfiled,80,103
subsample_align,371,noisy_channel,1774486,120.85482661134293,,found,121,121
subsample_align,134,pair,1775986,123.44546753856048,,found,134,134
subsample_align,244,collision,1779909,157.21119568475163,-17.0,found,76,76
subsample_align,270,collision,1780132,124.92527178610425,8.0,found,185,185
subsample_align,461,easy,1780411,170.93613329792498,,found,94,94
subsample_align,205,pair,1780786,170.42852304024365,,found,105,105
subsample_align,163,pair,1781236,142.25368836319655,,detected_misfiled,36,135
subsample_align,413,easy,1781836,217.5230024098189,,found,51,51
subsample_align,328,noisy_channel,1782061,133.7348994621593,,found,38,38
subsample_align,371,noisy_channel,1782286,154.5979683419265,,found,121,121
subsample_align,270,collision,1782557,97.20733637236211,23.0,found,185,185
subsample_align,186,pair,1783336,136.0974186337382,,detected_misfiled,53,103
subsample_align,270,collision,1784346,124.4603751107249,-4.0,detected_misfiled,142,185
subsample_align,390,noisy_channel,1785736,271.49938269316544,,detected_misfiled,22,21
subsample_align,270,collision,1786235,135.27223543747957,-13.0,found,185,185
subsample_align,461,easy,1787386,153.2493591543523,,detected_misfiled,47,94
subsample_align,461,easy,1788511,161.78448749320506,,detected_misfiled,95,94
subsample_align,292,collision,1788976,129.96096604084022,-24.0,found,172,172
subsample_align,186,pair,1790161,124.43490790016315,,found,103,103
subsample_align,328,noisy_channel,1791961,97.05003851398064,,found,38,38
subsample_align,390,noisy_channel,1793236,271.3977170208059,,found,21,21
subsample_align,461,easy,1793761,180.10553781404656,,found,94,94
subsample_align,134,pair,1795186,103.8102304782611,,found,134,134
subsample_align,186,pair,1797136,110.51131182441117,,not_detected,-1,103
subsample_align,440,easy,1797436,207.1764299336075,,found,85,85
subsample_align,371,noisy_channel,1797586,120.87890521465204,,found,121,121
subsample_align,186,pair,1797886,108.62020782673062,,not_detected,-1,103
subsample_align,205,pair,1798336,184.2664032152478,,found,105,105
subsample_align,292,collision,1799789,155.34079462370593,-7.0,found,172,172
subsample_align,292,collision,1799978,122.77891748027972,13.0,found,172,172
subsample_align,371,noisy_channel,1800211,138.54528731064624,,detected_misfiled,143,121
subsample_align,440,easy,1800661,220.94289496539636,,detected_misfiled,126,85
subsample_align,328,noisy_channel,1801411,92.23135415920976,,not_detected,-1,38
subsample_align,205,pair,1801786,129.1035853850947,,detected_misfiled,112,105
subsample_align,461,easy,1802461,159.29661773717032,,found,94,94
subsample_align,461,easy,1804336,178.55482981869386,,found,94,94
subsample_align,440,easy,1804861,218.9544651805049,,found,85,85
subsample_align,134,pair,1805236,190.90227105834177,,found,134,134
subsample_align,134,pair,1805911,112.09787096979613,,found,134,134
subsample_align,292,collision,1808044,134.55438291508418,7.0,found,172,172
subsample_align,270,collision,1810002,115.96739432189989,21.0,found,185,185
subsample_align,186,pair,1810486,86.5343539792262,,detected_misfiled,143,103
subsample_align,461,easy,1811161,142.72953730873502,,found,94,94
subsample_align,270,collision,1813277,153.82912647360828,-14.0,detected_misfiled,88,185
subsample_align,244,collision,1814291,131.06359990608308,10.0,detected_misfiled,78,76
subsample_align,186,pair,1814536,111.2814603321599,,not_detected,-1,103
subsample_align,205,pair,1814761,148.5639987823169,,detected_misfiled,107,105
subsample_align,292,collision,1815615,155.38605642598742,8.0,found,172,172
subsample_align,270,collision,1817721,115.99183366030954,-19.0,detected_misfiled,177,185
subsample_align,440,easy,1818061,252.19182225430774,,found,85,85
subsample_align,134,pair,1819336,177.4541226547782,,found,134,134
subsample_align,390,noisy_channel,1821436,227.95027470166468,,found,21,21
subsample_align,186,pair,1821586,111.48744864835776,,detected_misfiled,143,103
subsample_align,390,noisy_channel,1821961,320.2468935033407,,detected_misfiled,22,21
subsample_align,371,noisy_channel,1822111,148.38079806797123,,found,121,121
subsample_align,371,noisy_channel,1822261,112.45140811565788,,found,121,121
subsample_align,205,pair,1823086,172.07412949652104,,found,105,105
subsample_align,371,noisy_channel,1824811,131.46183244814512,,found,121,121
subsample_align,270,collision,1826055,112.42164051535414,-23.0,detected_misfiled,199,185
subsample_align,413,easy,1827586,224.64232413341858,,found,51,51
subsample_align,413,easy,1829761,147.126800100082,,found,51,51
subsample_align,292,collision,1832987,185.09945953175458,23.0,detected_misfiled,45,172
subsample_align,205,pair,1834636,157.70853690901686,,detected_misfiled,112,105
subsample_align,390,noisy_channel,1835311,291.78077664445084,,found,21,21
subsample_align,390,noisy_channel,1835911,233.58730442373079,,detected_misfiled,22,21
subsample_align,270,collision,1836119,126.54005837961407,-20.0,detected_misfiled,170,185
subsample_align,328,noisy_channel,1836361,155.52786914827806,,found,38,38
subsample_align,163,pair,1838461,134.04054619813851,,detected_misfiled,180,135
subsample_align,328,noisy_channel,1840936,177.91863697841637,,found,38,38
subsample_align,134,pair,1841761,137.7103954453774,,found,134,134
subsample_align,371,noisy_channel,1844011,194.69250968990656,,found,121,121
subsample_align,134,pair,1845061,127.65061248459713,,found,134,134
subsample_align,440,easy,1848811,240.44776487836623,,found,85,85
subsample_align,390,noisy_channel,1849336,214.2248509452702,,detected_misfiled,22,21
subsample_align,413,easy,1849561,226.7303827215899,,found,51,51
subsample_align,461,easy,1850161,164.23058266292617,,detected_misfiled,33,94
subsample_align,292,collision,1850406,118.28902047775892,11.0,found,172,172
subsample_align,413,easy,1851361,162.28948915055247,,found,51,51
subsample_align,163,pair,1851736,93.25700893654522,,not_detected,-1,135
subsample_align,328,noisy_channel,1853761,127.1161033523591,,detected_misfiled,101,38
subsample_align,244,collision,1854540,114.5152309089907,18.0,detected_misfiled,52,76
subsample_align,292,collision,1857522,119.29302414827359,-20.0,found,172,172
subsample_align,371,noisy_channel,1858636,103.2398127426957,,detected_misfiled,36,121
subsample_align,270,collision,1858799,147.81329522147166,8.0,detected_misfiled,23,185
subsample_align,270,collision,1859332,136.783630734611,22.0,detected_misfiled,29,185
subsample_align,292,collision,1859505,150.95627603276296,-6.0,found,172,172
subsample_align,292,collision,1859999,127.47609764452879,-4.0,found,172,172
subsample_align,270,collision,1860717,96.33773926508036,-7.0,found,185,185
subsample_align,244,collision,1861576,149.25505775109133,-9.0,detected_misfiled,36,76
subsample_align,270,collision,1863465,91.40678915161305,-13.0,found,185,185
subsample_align,163,pair,1863736,107.5243713358106,,detected_misfiled,17,135
subsample_align,292,collision,1865294,90.1500767004662,-4.0,found,172,172
subsample_align,390,noisy_channel,1865911,204.37502042622117,,detected_misfiled,22,21
subsample_align,163,pair,1866286,110.68218511921265,,detected_misfiled,136,135
subsample_align,134,pair,1866886,108.50048938004045,,found,134,134
subsample_align,134,pair,1867186,129.81791218164983,,found,134,134
subsample_align,371,noisy_channel,1868386,122.17714746742811,,found,121,121
subsample_align,371,noisy_channel,1868761,115.4422590285842,,not_detected,-1,121
subsample_align,292,collision,1869173,138.45631439446794,19.0,found,172,172
subsample_align,205,pair,1873261,154.8641862864422,,detected_misfiled,62,105
subsample_align,461,easy,1873561,172.93266891783412,,found,94,94
subsample_align,413,easy,1876786,178.9844853922079,,found,51,51
subsample_align,186,pair,1877761,123.07036690287185,,detected_misfiled,117,103
subsample_align,328,noisy_channel,1879711,131.0835430837838,,detected_misfiled,37,38
subsample_align,371,noisy_channel,1879936,97.3299037007695,,found,121,121
subsample_align,440,easy,1880236,233.82605712011252,,found,85,85
subsample_align,292,collision,1880597,116.97832984738518,9.0,found,172,172
subsample_align,270,collision,1881088,143.98036557224566,8.0,found,185,185
subsample_align,390,noisy_channel,1883311,185.48629158539939,,found,21,21
subsample_align,371,noisy_channel,1884436,151.2795145594332,,found,121,121
subsample_align,328,noisy_channel,1884961,84.56028667415421,,detected_misfiled,39,38
subsample_align,186,pair,1886236,118.59236454843361,,detected_misfiled,67,103
subsample_align,205,pair,1886386,140.9431927347713,,found,105,105
subsample_align,205,pair,1886611,132.94436246187638,,detected_misfiled,104,105
subsample_align,390,noisy_channel,1886761,222.0086532231274,,found,21,21
subsample_align,186,pair,1886911,111.24889360243543,,detected_misfiled,108,103
subsample_align,163,pair,1887961,99.17645694682085,,detected_misfiled,8,135
subsample_align,371,noisy_channel,1888636,97.32919753019763,,found,121,121
subsample_align,328,noisy_channel,1889536,161.37302799858242,,found,38,38
subsample_align,328,noisy_channel,1889686,150.36046364970525,,found,38,38
subsample_align,328,noisy_channel,1890436,96.97748687619145,,found,38,38
subsample_align,270,collision,1892387,98.44089794799979,7.0,found,185,185
subsample_align,163,pair,1893586,86.67116246178637,,not_detected,-1,135
subsample_align,413,easy,1894561,159.5699155126227,,found,51,51
subsample_align,163,pair,1896286,111.47127225452391,,found,135,135
subsample_align,134,pair,1896661,136.65294347629342,,found,134,134
subsample_align,328,noisy_channel,1897336,113.12552918967582,,found,38,38
subsample_align,134,pair,1898911,133.2612560108952,,found,134,134
subsample_align,328,noisy_channel,1899361,131.84700678304887,,found,38,38
subsample_align,270,collision,1900843,115.68178419146852,-13.0,detected_misfiled,81,185
subsample_align,270,collision,1902238,101.93962709754496,22.0,found,185,185
subsample_align,328,noisy_channel,1903336,137.8009548078942,,found,38,38
subsample_align,390,noisy_channel,1903786,317.6418706272787,,detected_misfiled,22,21
subsample_align,134,pair,1904161,131.36027989705002,,found,134,134
subsample_align,205,pair,1906186,140.9753285722668,,detected_misfiled,37,105
subsample_align,461,easy,1907761,232.50182566298176,,found,94,94
subsample_align,134,pair,1908211,182.5182188419414,,found,134,134
subsample_align,461,easy,1910086,145.48609432040664,,found,94,94
subsample_align,186,pair,1911061,109.80426499091053,,detected_misfiled,154,103
subsample_align,328,noisy_channel,1911661,180.36603989467645,,found,38,38
subsample_align,134,pair,1911961,102.52635549005424,,found,134,134
subsample_align,163,pair,1912936,94.75849421094388,,not_detected,-1,135
subsample_align,205,pair,1913161,171.28091334969605,,detected_misfiled,1,105
subsample_align,440,easy,1917286,244.88936487339362,,found,85,85
subsample_align,134,pair,1918561,134.48175678490048,,found,134,134
subsample_align,205,pair,1919986,194.3797423358098,,detected_misfiled,191,105
subsample_align,292,collision,1920475,119.60519481911474,-15.0,found,172,172
subsample_align,270,collision,1921095,85.9895816838715,23.0,detected_misfiled,47,185
subsample_align,163,pair,1921636,118.396498704952,,found,135,135
subsample_align,205,pair,1922011,130.4470820408387,,detected_misfiled,160,105
subsample_align,270,collision,1922683,91.641610376032,20.0,found,185,185
subsample_align,186,pair,1923436,85.47682161882028,,not_detected,-1,103
subsample_align,328,noisy_channel,1923886,163.2977155858931,,found,38,38
subsample_align,440,easy,1924561,265.4216160656032,,found,85,85
subsample_align,292,collision,1925941,125.07834198699526,-7.0,found,172,172
subsample_align,205,pair,1926211,129.4500088422731,,detected_misfiled,20,105
subsample_align,205,pair,1926586,136.110973927506,,found,105,105
subsample_align,390,noisy_channel,1926736,247.16489612346805,,found,21,21
subsample_align,270,collision,1927074,156.65601781820274,-23.0,found,185,185
subsample_align,163,pair,1927936,133.48499713977802,,detected_misfiled,143,135
subsample_align,205,pair,1928686,180.63064085281113,,detected_misfiled,61,105
subsample_align,292,collision,1929134,112.06830108424893,-13.0,found,172,172
subsample_align,413,easy,1929511,216.78598185454575,,found,51,51
subsample_align,440,easy,1930561,266.06448548428625,,found,85,85
subsample_align,163,pair,1931086,159.15877748132385,,not_detected,-1,135
subsample_align,186,pair,1931686,100.65795452754561,,detected_misfiled,29,103
subsample_align,292,collision,1932853,105.99556147177475,12.0,found,172,172
subsample_align,270,collision,1934854,75.7703249609298,9.0,found,185,185
subsample_align,205,pair,1935061,176.95630199827661,,found,105,105
subsample_align,292,collision,1935236,146.05143360048783,-5.0,found,172,172
subsample_align,292,collision,1937700,190.502248054051,-8.0,found,172,172
subsample_align,270,collision,1940026,128.41390090595877,-22.0,detected_misfiled,129,185
subsample_align,292,collision,1940750,162.44103638604594,22.0,found,172,172
subsample_align,134,pair,1941211,153.10303743267056,,found,134,134
subsample_align,440,easy,1941661,184.2596378905626,,found,85,85
subsample_align,461,easy,1942111,196.8801514018629,,found,94,94
subsample_align,186,pair,1944436,119.65564196719984,,detected_misfiled,47,103
subsample_align,292,collision,1945076,124.82254531557643,13.0,found,172,172
subsample_align,244,collision,1945500,153.92252849693796,16.0,found,76,76
subsample_align,205,pair,1947361,171.10426061586384,,found,105,105
subsample_align,461,easy,1948411,158.88782455548338,,detected_misfiled,31,94
subsample_align,371,noisy_channel,1949011,114.21649096958777,,found,121,121
subsample_align,390,noisy_channel,1950361,219.1902969152908,,detected_misfiled,22,21
subsample_align,163,pair,1950586,92.6631005399406,,detected_misfiled,136,135
subsample_align,440,easy,1950736,203.58403280699451,,found,85,85
subsample_align,270,collision,1951652,100.47271232848576,23.0,detected_misfiled,36,185
subsample_align,371,noisy_channel,1952236,115.2724686850311,,found,121,121
subsample_align,163,pair,1953061,132.59660987115333,,found,135,135
subsample_align,371,noisy_channel,1953436,107.11307320952778,,found,121,121
subsample_align,292,collision,1953797,142.04056760571132,6.0,found,172,172
subsample_align,292,collision,1954443,88.77697946108215,14.0,found,172,172
subsample_align,371,noisy_channel,1954861,128.94480318529025,,found,121,121
subsample_align,134,pair,1955086,114.05480287822277,,found,134,134
subsample_align,440,easy,1956436,249.67523540107697,,found,85,85
subsample_align,270,collision,1958595,147.2466198379824,13.0,found,185,185
subsample_align,244,collision,1958848,125.2782116996371,-4.0,detected_misfiled,70,76
subsample_align,440,easy,1960786,302.49280957398116,,found,85,85
subsample_align,371,noisy_channel,1961386,165.44907670286923,,found,121,121
subsample_align,163,pair,1964086,96.8837092333714,,detected_misfiled,156,135
subsample_align,292,collision,1965101,132.86843361957847,8.0,found,172,172
subsample_align,244,collision,1966279,217.90337361419915,-10.0,found,76,76
subsample_align,270,collision,1966874,122.25516763940723,5.0,detected_misfiled,21,185
subsample_align,270,collision,1967888,153.2874595819792,-6.0,found,185,185
subsample_align,413,easy,1968736,230.20737194638107,,found,51,51
subsample_align,390,noisy_channel,1970011,206.27823302034108,,detected_misfiled,22,21
subsample_align,244,collision,1971185,172.34066308934501,21.0,detected_misfiled,46,76
subsample_align,270,collision,1972553,114.09438675865997,-10.0,found,185,185
subsample_align,186,pair,1973311,90.3467324420416,,detected_misfiled,125,103
subsample_align,186,pair,1973611,96.8223239183259,,found,103,103
subsample_align,413,easy,1973986,207.418193846216,,found,51,51
subsample_align,292,collision,1974913,139.40126491008826,9.0,found,172,172
subsample_align,292,collision,1975492,143.4489929045806,4.0,found,172,172
subsample_align,413,easy,1976011,165.92926085224292,,found,51,51
subsample_align,328,noisy_channel,1977286,128.72526688126075,,detected_misfiled,24,38
subsample_align,413,easy,1982086,205.95659105183617,,found,51,51
subsample_align,270,collision,1984022,115.30606093411666,-6.0,detected_misfiled,117,185
subsample_align,371,noisy_channel,1984186,149.78186667384688,,found,121,121
subsample_align,328,noisy_channel,1985761,103.62961032207338,,detected_misfiled,114,38
subsample_align,440,easy,1985911,288.03101208304935,,found,85,85
subsample_align,270,collision,1986326,158.8168618129165,-24.0,found,185,185
subsample_align,371,noisy_channel,1987636,127.14259659078476,,found,121,121
subsample_align,244,collision,1988002,187.30746710035532,-24.0,found,76,76
subsample_align,371,noisy_channel,1988611,122.73405078551409,,detected_misfiled,157,121
subsample_align,134,pair,1988761,107.68201481429475,,found,134,134
subsample_align,205,pair,1989136,157.03397403259427,,found,105,105
subsample_align,371,noisy_channel,1989511,264.50003734911155,,found,121,121
subsample_align,270,collision,1990214,120.31863391908362,16.0,found,185,185
subsample_align,270,collision,1990991,153.04083957783476,19.0,detected_misfiled,71,185
subsample_align,413,easy,1992361,243.04439861626116,,detected_misfiled,81,51
subsample_align,371,noisy_channel,1993486,187.77544695408523,,detected_misfiled,117,121
subsample_align,244,collision,1993867,130.57580969880783,-10.0,detected_misfiled,105,76
subsample_align,163,pair,1995136,158.17695515177263,,detected_misfiled,25,135
subsample_align,134,pair,1995886,146.17909613318415,,detected_misfiled,197,134
subsample_align,134,pair,1997911,114.16075761165192,,detected_misfiled,34,134
subsample_align,461,easy,1998211,181.87856893036144,,found,94,94
subsample_align,461,easy,1998736,154.75277071902588,,found,94,94
subsample_align,461,easy,1998886,142.21304797843538,,found,94,94
subsample_align,244,collision,1999442,250.51448850160818,4.0,detected_misfiled,23,76
subsample_align,270,collision,2000809,134.6882431911758,5.0,detected_misfiled,64,185
subsample_align,163,pair,2001136,182.94379226685098,,detected_misfiled,136,135
subsample_align,186,pair,2002111,113.77869373969921,,not_detected,-1,103
subsample_align,244,collision,2004523,151.11477033181185,24.0,detected_misfiled,97,76
subsample_align,390,noisy_channel,2004736,226.08531063601623,,detected_misfiled,22,21
subsample_align,390,noisy_channel,2004886,233.9130909532215,,found,21,21
subsample_align,205,pair,2005486,245.15052624650482,,found,105,105
subsample_align,461,easy,2006311,157.2500795958032,,found,94,94
subsample_align,186,pair,2007061,119.31869658864198,,detected_misfiled,196,103
subsample_align,390,noisy_channel,2007436,241.06923121617038,,found,21,21
subsample_align,413,easy,2007661,139.10561969613775,,detected_misfiled,2,51
subsample_align,244,collision,2009403,142.06198177548274,-19.0,detected_misfiled,31,76
subsample_align,270,collision,2009788,126.84525073550591,-16.0,found,185,185
subsample_align,390,noisy_channel,2010361,238.86455460967392,,detected_misfiled,22,21
subsample_align,390,noisy_channel,2013361,198.01103289249068,,found,21,21
subsample_align,390,noisy_channel,2014336,151.94758714597452,,found,21,21
subsample_align,390,noisy_channel,2017861,223.24660573658247,,found,21,21
subsample_align,163,pair,2019586,114.95434264296739,,not_detected,-1,135
subsample_align,244,collision,2020662,148.69973636690835,-24.0,detected_misfiled,37,76
subsample_align,270,collision,2020934,166.60646180645173,-22.0,detected_misfiled,180,185
subsample_align,371,noisy_channel,2021461,163.039825169291,,found,121,121
subsample_align,440,easy,2021836,230.4163251388271,,found,85,85
subsample_align,413,easy,2023636,197.02690584408185,,found,51,51
subsample_align,413,easy,2025586,259.50896826289977,,found,51,51
subsample_align,390,noisy_channel,2025811,244.5361614005331,,detected_misfiled,22,21
subsample_align,292,collision,2026248,132.674872278338,-8.0,found,172,172
subsample_align,461,easy,2026486,154.18559113095037,,detected_misfiled,89,94
subsample_align,461,easy,2026636,146.81696796127238,,detected_misfiled,125,94
subsample_align,390,noisy_channel,2026936,226.2061494778856,,detected_misfiled,22,21
subsample_align,244,collision,2027727,230.38364882630802,-11.0,detected_misfiled,77,76
subsample_align,292,collision,2028086,133.09563625132736,-17.0,found,172,172
subsample_align,390,noisy_channel,2028661,243.6385818579089,,detected_misfiled,22,21
subsample_align,461,easy,2029486,160.46459283680105,,found,94,94
subsample_align,440,easy,2030236,258.91296580064625,,found,85,85
subsample_align,292,collision,2030462,117.37756610371592,-11.0,found,172,172
subsample_align,390,noisy_channel,2031136,219.81925493825582,,found,21,21
subsample_align,328,noisy_channel,2032111,179.09234919819045,,detected_misfiled,161,38
subsample_align,270,collision,2032262,95.55357821947712,-14.0,found,185,185
subsample_align,292,collision,2032940,120.79000281545828,-23.0,detected_misfiled,148,172
subsample_align,440,easy,2034211,300.1721060275367,,found,85,85
subsample_align,270,collision,2034759,152.68005972115637,12.0,found,185,185
subsample_align,461,easy,2035036,166.78310342623823,,found,94,94
subsample_align,440,easy,2035636,218.56450427672985,,found,85,85
subsample_align,163,pair,2035861,137.61460018386785,,detected_misfiled,166,135
subsample_align,413,easy,2036386,241.86376664567263,,found,51,51
subsample_align,134,pair,2036686,127.03380879907787,,found,134,134
subsample_align,205,pair,2038636,150.53192500402287,,found,105,105
subsample_align,371,noisy_channel,2038861,99.1015263041256,,detected_misfiled,196,121
subsample_align,390,noisy_channel,2039311,231.1299696784108,,found,21,21
subsample_align,371,noisy_channel,2039911,125.31371682316275,,detected_misfiled,162,121
subsample_align,390,noisy_channel,2042611,179.8641477578683,,found,21,21
subsample_align,440,easy,2042761,254.58896405973377,,found,85,85
subsample_align,328,noisy_channel,2043211,150.36705861405892,,found,38,38
subsample_align,371,noisy_channel,2043961,94.54954720661947,,found,121,121
subsample_align,186,pair,2044336,77.51187070060826,,detected_misfiled,47,103
subsample_align,328,noisy_channel,2045461,115.025754993368,,found,38,38
subsample_align,371,noisy_channel,2046211,119.9620617716543,,found,121,121
subsample_align,440,easy,2047411,228.72676734218055,,found,85,85
subsample_align,461,easy,2047636,196.3651125302509,,found,94,94
subsample_align,461,easy,2047936,188.0307407223189,,found,94,94
subsample_align,390,noisy_channel,2049961,232.01867839454934,,detected_misfiled,22,21
subsample_align,292,collision,2050704,145.0289944253152,4.0,found,172,172
subsample_align,413,easy,2051011,215.65049468047886,,found,51,51
subsample_align,390,noisy_channel,2051236,259.23034144048904,,found,21,21
subsample_align,413,easy,2051461,177.95309199334042,,found,51,51
subsample_align,270,collision,2052803,119.37135754677485,24.0,found,185,185
subsample_align,186,pair,2053636,101.59436140961725,,not_detected,-1,103
subsample_align,413,easy,2056261,226.7643530664668,,found,51,51
subsample_align,205,pair,2056411,143.03433219062123,,found,105,105
subsample_align,163,pair,2059261,136.37923335287405,,detected_misfiled,147,135
subsample_align,413,easy,2059486,156.69205391940358,,detected_misfiled,121,51
subsample_align,270,collision,2060309,158.33000493185685,-7.0,found,185,185
subsample_align,134,pair,2062036,147.75013739523285,,found,134,134
subsample_align,461,easy,2063011,192.28749548808187,,found,94,94
subsample_align,186,pair,2064961,111.36937592244041,,detected_misfiled,27,103
subsample_align,390,noisy_channel,2065411,208.14339397002615,,found,21,21
subsample_align,205,pair,2066311,133.31798747070846,,detected_misfiled,189,105
subsample_align,440,easy,2068561,242.1097811914231,,found,85,85
subsample_align,440,easy,2071336,259.1974243474739,,found,85,85
subsample_align,244,collision,2073352,122.1706321408813,-23.0,detected_misfiled,89,76
subsample_align,328,noisy_channel,2074486,156.22843697858423,,found,38,38
subsample_align,270,collision,2074640,123.10146694352994,-20.0,detected_misfiled,135,185
subsample_align,205,pair,2074936,170.4039739365476,,found,105,105
subsample_align,292,collision,2077256,160.4074697988906,24.0,found,172,172
subsample_align,390,noisy_channel,2077936,294.76409739945666,,detected_misfiled,22,21
subsample_align,413,easy,2079286,164.11553893231093,,found,51,51
subsample_align,413,easy,2079586,202.90059714366606,,found,51,51
subsample_align,371,noisy_channel,2079811,107.60366101493572,,found,121,121
subsample_align,440,easy,2081986,304.19676762142205,,found,85,85
subsample_align,163,pair,2090761,203.4208558203706,,detected_misfiled,106,135
subsample_align,244,collision,2091299,106.81032539285313,16.0,detected_misfiled,54,76
subsample_align,205,pair,2091586,127.9645144512071,,detected_misfiled,167,105
subsample_align,134,pair,2091961,128.05963270879516,,found,134,134
subsample_align,440,easy,2092561,265.12230253906733,,found,85,85
subsample_align,461,easy,2094736,153.5820816987723,,found,94,94
subsample_align,205,pair,2095561,210.7759243911687,,found,105,105
subsample_align,163,pair,2097811,105.76137283103606,,detected_misfiled,45,135
subsample_align,205,pair,2097961,188.82171326117125,,detected_misfiled,34,105
subsample_align,244,collision,2098489,128.77021456746854,6.0,detected_misfiled,4,76
subsample_align,461,easy,2100436,195.57936702683702,,found,94,94
subsample_align,328,noisy_channel,2101411,177.71049962384126,,detected_misfiled,136,38
subsample_align,390,noisy_channel,2101561,267.66516927601066,,detected_misfiled,22,21
subsample_align,186,pair,2101786,100.03733431007103,,detected_misfiled,24,103
subsample_align,371,noisy_channel,2102236,118.27371779058205,,found,121,121
subsample_align,134,pair,2102386,173.6993775930444,,found,134,134
subsample_align,244,collision,2103548,156.50114322419125,-18.0,detected_misfiled,118,76
subsample_align,134,pair,2106586,137.90754170641176,,detected_misfiled,195,134
subsample_align,328,noisy_channel,2107111,157.1923369821865,,detected_misfiled,196,38
subsample_align,292,collision,2108745,104.80484539974108,-19.0,found,172,172
subsample_align,461,easy,2109511,204.920881757556,,found,94,94
subsample_align,413,easy,2110036,177.99913821279029,,found,51,51
subsample_align,390,noisy_channel,2110711,221.66433277468872,,found,21,21
subsample_align,413,easy,2111761,215.97729210635032,,found,51,51
subsample_align,163,pair,2112661,105.87424466154071,,detected_misfiled,18,135
subsample_align,134,pair,2112811,179.02569857874454,,found,134,134
subsample_align,244,collision,2114090,132.1567321079628,22.0,detected_misfiled,79,76
subsample_align,371,noisy_channel,2114986,220.39445961453052,,found,121,121
subsample_align,163,pair,2116036,113.50185254326816,,detected_misfiled,156,135
subsample_align,270,collision,2116235,105.50158873695774,4.0,detected_misfiled,183,185
subsample_align,440,easy,2116936,126.60961029638861,,found,85,85
subsample_align,244,collision,2117574,174.47861926516413,17.0,found,76,76
subsample_align,390,noisy_channel,2118661,247.25891003525146,,found,21,21
subsample_align,163,pair,2119786,114.22360589890243,,detected_misfiled,138,135
subsample_align,205,pair,2120461,118.19155547583478,,detected_misfiled,96,105
subsample_align,134,pair,2121061,140.05300552298078,,found,134,134
subsample_align,371,noisy_channel,2122561,165.54474295848033,,found,121,121
subsample_align,270,collision,2123719,87.40442863255208,10.0,detected_misfiled,174,185
subsample_align,163,pair,2126011,112.86604860432438,,detected_misfiled,90,135
subsample_align,328,noisy_channel,2126461,146.7874358212726,,found,38,38
subsample_align,292,collision,2128338,142.31894538512105,-21.0,found,172,172
subsample_align,244,collision,2130600,151.1614601403846,4.0,detected_misfiled,17,76
subsample_align,390,noisy_channel,2130961,228.37718165255023,,found,21,21
subsample_align,134,pair,2131261,127.49529595378377,,found,134,134
subsample_align,186,pair,2133436,121.79763728979005,,found,103,103
subsample_align,390,noisy_channel,2134111,224.3943379801932,,detected_misfiled,22,21
subsample_align,186,pair,2134261,77.29406718604596,,detected_misfiled,32,103
subsample_align,440,easy,2136886,331.7926487042178,,found,85,85
subsample_align,390,noisy_channel,2138236,250.58040167691098,,detected_misfiled,22,21
subsample_align,371,noisy_channel,2140336,158.36499190179882,,found,121,121
subsample_align,205,pair,2141986,150.9891220571334,,not_detected,-1,105
subsample_align,134,pair,2146636,116.80829279677906,,found,134,134
subsample_align,134,pair,2146786,138.74078477075932,,found,134,134
subsample_align,292,collision,2147009,108.39062638681463,-14.0,found,172,172
subsample_align,461,easy,2147686,178.458131877696,,found,94,94
subsample_align,186,pair,2148211,91.7333331769984,,found,103,103
subsample_align,328,noisy_channel,2149711,108.87069864483948,,found,38,38
subsample_align,163,pair,2149936,119.57693953576177,,detected_misfiled,24,135
subsample_align,244,collision,2151028,139.78912700280014,16.0,not_detected,-1,76
subsample_align,134,pair,2152786,104.48134032451091,,found,134,134
subsample_align,413,easy,2153161,180.78869450219878,,found,51,51
subsample_align,440,easy,2153761,259.5226598212156,,found,85,85
subsample_align,413,easy,2154886,215.30051206705087,,found,51,51
subsample_align,292,collision,2156845,211.22879005909112,-13.0,found,172,172
subsample_align,270,collision,2157071,104.49683631469514,-15.0,detected_misfiled,180,185
subsample_align,413,easy,2158036,184.81558664147002,,found,51,51
subsample_align,413,easy,2158261,177.85100379718614,,found,51,51
subsample_align,390,noisy_channel,2158411,260.4379640850709,,detected_misfiled,22,21
subsample_align,413,easy,2159761,203.2371347584376,,found,51,51
subsample_align,371,noisy_channel,2161111,142.81983582481192,,found,121,121
subsample_align,205,pair,2163511,138.70046719935164,,found,105,105
subsample_align,270,collision,2164561,94.54309203234531,13.0,detected_misfiled,196,185
subsample_align,292,collision,2165622,167.04739373541344,-11.0,found,172,172
subsample_align,163,pair,2167036,117.32373269662764,,detected_misfiled,190,135
subsample_align,461,easy,2167936,124.633384939043,,found,94,94
subsample_align,163,pair,2168461,118.31822438749099,,found,135,135
subsample_align,205,pair,2168611,168.4874990829813,,detected_misfiled,160,105
subsample_align,413,easy,2169061,253.68666497043841,,found,51,51
subsample_align,461,easy,2170111,156.60591869003795,,found,94,94
subsample_align,413,easy,2171011,170.20943952177697,,found,51,51
subsample_align,244,collision,2172381,210.68719239417118,22.0,detected_misfiled,102,76
subsample_align,205,pair,2173111,102.68909941982378,,detected_misfiled,41,105
subsample_align,205,pair,2174311,122.3786412160407,,detected_misfiled,190,105
subsample_align,292,collision,2174804,133.86663564590845,-17.0,found,172,172
subsample_align,270,collision,2174970,126.47454375068386,10.0,found,185,185
subsample_align,328,noisy_channel,2175961,134.15233095166926,,detected_misfiled,6,38
subsample_align,163,pair,2176111,151.8233697602663,,not_detected,-1,135
subsample_align,461,easy,2176636,152.54727542430163,,found,94,94
subsample_align,371,noisy_channel,2179111,144.95247798524483,,found,121,121
subsample_align,461,easy,2179336,190.15335140971192,,found,94,94
subsample_align,461,easy,2182411,141.10636078804592,,found,94,94
subsample_align,371,noisy_channel,2184811,116.84555040575455,,found,121,121
subsample_align,440,easy,2184961,256.68913266647326,,found,85,85
subsample_align,205,pair,2185111,118.28673422067894,,detected_misfiled,160,105
subsample_align,163,pair,2185261,137.9584660417601,,not_detected,-1,135
subsample_align,390,noisy_channel,2186386,282.2956835580585,,detected_misfiled,22,21
subsample_align,440,easy,2187886,280.98052119960425,,found,85,85
subsample_align,270,collision,2190151,134.09562241456433,-5.0,found,185,185
subsample_align,413,easy,2191036,216.54151597029522,,found,51,51
subsample_align,244,collision,2194530,223.36148455693763,-13.0,detected_misfiled,88,76
subsample_align,270,collision,2195202,120.09857661993468,13.0,found,185,185
subsample_align,461,easy,2195386,201.53468863868133,,found,94,94
subsample_align,461,easy,2196211,194.55856752783188,,found,94,94
subsample_align,163,pair,2197411,109.30511384070641,,not_detected,-1,135
subsample_align,390,noisy_channel,2197561,221.26225457345612,,found,21,21
subsample_align,163,pair,2197711,125.13088926566222,,detected_misfiled,105,135
subsample_align,440,easy,2199361,229.3783647867353,,found,85,85
subsample_align,371,noisy_channel,2200486,104.77734537032983,,not_detected,-1,121
subsample_align,134,pair,2201986,135.9621778657508,,detected_misfiled,7,134
subsample_align,244,collision,2202359,190.87726955779357,5.0,detected_misfiled,101,76
subsample_align,163,pair,2203711,140.97332938283157,,detected_misfiled,157,135
subsample_align,292,collision,2203937,118.33796959079189,-7.0,detected_misfiled,199,172
subsample_align,244,collision,2204507,201.03106149223407,11.0,found,76,76
subsample_align,371,noisy_channel,2206111,123.1996125750455,,detected_misfiled,196,121
subsample_align,440,easy,2206411,366.63403039260095,,found,85,85
subsample_align,390,noisy_channel,2206936,264.2860813625074,,detected_misfiled,157,21
subsample_align,270,collision,2209569,116.64781719953473,-11.0,found,185,185
subsample_align,244,collision,2210047,163.76491070523844,-21.0,detected_misfiled,75,76
subsample_align,461,easy,2210611,171.37337616703007,,found,94,94
subsample_align,270,collision,2211145,121.19551947358408,11.0,found,185,185
subsample_align,134,pair,2212861,157.3481051845461,,found,134,134
subsample_align,186,pair,2215486,102.9107459830621,,detected_misfiled,144,103
subsample_align,328,noisy_channel,2215861,119.37793675882202,,found,38,38
subsample_align,440,easy,2217136,259.9247919422903,,found,85,85
subsample_align,371,noisy_channel,2217286,127.465336622152,,found,121,121
subsample_align,440,easy,2218186,276.4530359175228,,detected_misfiled,126,85
subsample_align,163,pair,2218786,116.65499916700679,,detected_misfiled,47,135
subsample_align,186,pair,2219236,117.37546021018153,,detected_misfiled,197,103
subsample_align,461,easy,2219911,152.88924475397206,,detected_misfiled,95,94
subsample_align,390,noisy_channel,2220961,283.87970899489176,,detected_misfiled,22,21
subsample_align,292,collision,2222575,151.5005377054889,19.0,found,172,172
subsample_align,292,collision,2222782,132.96499091168687,15.0,found,172,172
subsample_align,413,easy,2224336,214.3376061906915,,found,51,51
subsample_align,371,noisy_channel,2224486,124.78202834191526,,not_detected,-1,121
subsample_align,440,easy,2226061,246.16140858631385,,found,85,85
subsample_align,292,collision,2227156,134.04295385510306,4.0,detected_misfiled,166,172
subsample_align,413,easy,2228236,128.08984931166563,,found,51,51
subsample_align,390,noisy_channel,2228836,236.52257560953592,,detected_misfiled,5,21
subsample_align,163,pair,2229511,99.85999253261349,,not_detected,-1,135
subsample_align,205,pair,2231761,139.10971151912466,,detected_misfiled,128,105
subsample_align,270,collision,2232436,95.8800128733692,-14.0,detected_misfiled,153,185
subsample_align,413,easy,2234686,162.66137389882493,,found,51,51
subsample_align,292,collision,2234973,109.786064801913,19.0,found,172,172
subsample_align,270,collision,2235364,128.10436060279588,5.0,found,185,185
subsample_align,270,collision,2236013,102.49573768454647,-9.0,detected_misfiled,105,185
subsample_align,440,easy,2239036,199.95774259060101,,found,85,85
subsample_align,163,pair,2239411,162.66276514746988,,detected_misfiled,138,135
subsample_align,163,pair,2239786,131.72502820835746,,detected_misfiled,59,135
subsample_align,292,collision,2240245,104.8561697612625,-13.0,found,172,172
subsample_align,270,collision,2242475,133.81605218801744,-5.0,detected_misfiled,47,185
subsample_align,390,noisy_channel,2244661,286.15503473003247,,detected_misfiled,22,21
subsample_align,292,collision,2246388,249.5651737160789,-13.0,found,172,172
subsample_align,413,easy,2246611,161.30047759828727,,found,51,51
subsample_align,270,collision,2247050,166.2103151181359,-20.0,found,185,185
subsample_align,292,collision,2247300,149.37111341807054,6.0,found,172,172
subsample_align,413,easy,2247886,175.55278155906734,,found,51,51
subsample_align,270,collision,2249110,232.0377807987963,-20.0,detected_misfiled,19,185
subsample_align,163,pair,2249611,136.24914677251934,,detected_misfiled,70,135
subsample_align,413,easy,2250736,239.11017221279036,,found,51,51
subsample_align,413,easy,2251486,260.4941825205965,,detected_misfiled,27,51
subsample_align,292,collision,2252269,129.74815742368654,-6.0,found,172,172
subsample_align,270,collision,2252420,129.47134239976526,19.0,found,185,185
subsample_align,390,noisy_channel,2252686,223.60265111024748,,detected_misfiled,22,21
subsample_align,244,collision,2254096,202.36731458577862,24.0,detected_misfiled,165,76
subsample_align,270,collision,2254292,153.18293961319551,13.0,found,185,185
subsample_align,390,noisy_channel,2254486,240.8862850761748,,detected_misfiled,22,21
subsample_align,371,noisy_channel,2255836,247.25818276017674,,found,121,121
subsample_align,413,easy,2257711,195.92650764613535,,found,51,51
subsample_align,390,noisy_channel,2258386,229.09895522384488,,detected_misfiled,22,21
subsample_align,440,easy,2260261,246.11187273018902,,found,85,85
subsample_align,328,noisy_channel,2265211,105.82190472740461,,not_detected,-1,38
subsample_align,328,noisy_channel,2267161,125.99402992505462,,found,38,38
subsample_align,134,pair,2268211,118.16783508527627,,found,134,134
subsample_align,163,pair,2268886,102.64337579290441,,detected_misfiled,143,135
subsample_align,328,noisy_channel,2269861,138.1862447813823,,found,38,38
subsample_align,292,collision,2273058,119.99662268783322,15.0,found,172,172
subsample_align,292,collision,2273331,194.3476188843839,19.0,found,172,172
subsample_align,390,noisy_channel,2273836,204.92378529650924,,detected_misfiled,22,21
subsample_align,270,collision,2275600,185.4885759226883,5.0,detected_misfiled,83,185
subsample_align,461,easy,2275861,186.4183872071086,,found,94,94
subsample_align,461,easy,2276011,165.56708078903077,,found,94,94
subsample_align,390,noisy_channel,2276836,265.19790628715236,,detected_misfiled,22,21
subsample_align,244,collision,2277087,176.9427840337229,15.0,found,76,76
subsample_align,163,pair,2277586,147.65628289474967,,not_detected,-1,135
subsample_align,413,easy,2279086,197.74200588175987,,found,51,51
subsample_align,390,noisy_channel,2279911,282.57195395442477,,found,21,21
subsample_align,186,pair,2280961,78.15078435208062,,detected_misfiled,37,103
subsample_align,371,noisy_channel,2283661,113.49566019724521,,not_detected,-1,121
subsample_align,244,collision,2285515,209.88860070387193,4.0,detected_misfiled,80,76
subsample_align,205,pair,2285986,133.67018545424816,,found,105,105
subsample_align,134,pair,2286661,86.59552195629468,,found,134,134
subsample_align,371,noisy_channel,2288386,136.29222618505094,,found,121,121
subsample_align,163,pair,2288911,107.89161670891184,,found,135,135
subsample_align,371,noisy_channel,2291461,151.73145340147633,,found,121,121
subsample_align,413,easy,2291986,205.7050713429045,,found,51,51
subsample_align,163,pair,2292136,119.12135489809779,,not_detected,-1,135
subsample_align,461,easy,2292661,169.76245440500043,,found,94,94
subsample_align,244,collision,2293567,172.08417779734023,7.0,not_detected,-1,76
subsample_align,328,noisy_channel,2294461,115.59213354088607,,found,38,38
subsample_align,413,easy,2296111,230.18378917872855,,found,51,51
subsample_align,328,noisy_channel,2297161,209.13013880673958,,found,38,38
subsample_align,134,pair,2297761,179.2933349252054,,found,134,134
subsample_align,461,easy,2298511,159.41661264536296,,found,94,94
subsample_align,371,noisy_channel,2300761,102.99640497785785,,found,121,121
subsample_align,413,easy,2301811,178.49552623362916,,found,51,51
subsample_align,413,easy,2301961,138.77737106225555,,found,51,51
subsample_align,461,easy,2302561,174.70889129295512,,found,94,94
subsample_align,292,collision,2303086,193.64149089303328,8.0,found,172,172
subsample_align,390,noisy_channel,2304361,254.78664669323092,,detected_misfiled,22,21
subsample_align,413,easy,2305186,225.10003464891918,,found,51,51
subsample_align,205,pair,2306686,155.02916346597203,,detected_misfiled,199,105
subsample_align,270,collision,2309031,116.63014135738126,-22.0,detected_misfiled,117,185
subsample_align,205,pair,2309686,156.9587659105811,,found,105,105
subsample_align,292,collision,2310013,110.09119581517025,7.0,found,172,172
subsample_align,390,noisy_channel,2310886,261.8032530658341,,found,21,21
subsample_align,371,noisy_channel,2311036,106.58138439861992,,found,121,121
subsample_align,461,easy,2311561,154.44945623683003,,found,94,94
subsample_align,134,pair,2312386,149.65866675096663,,found,134,134
subsample_align,413,easy,2312836,130.02414984794876,,found,51,51
subsample_align,292,collision,2313299,169.56171554116955,-19.0,found,172,172
subsample_align,292,collision,2313816,196.09752312502425,4.0,detected_misfiled,171,172
subsample_align,186,pair,2314336,103.43752218570891,,detected_misfiled,24,103
subsample_align,413,easy,2314561,160.09741418005493,,found,51,51
subsample_align,205,pair,2314861,146.52012479089257,,not_detected,-1,105
subsample_align,440,easy,2318311,260.8670694208116,,found,85,85
subsample_align,244,collision,2319129,146.23488214094874,24.0,not_detected,-1,76
subsample_align,186,pair,2319736,138.09747154187886,,detected_misfiled,50,103
subsample_align,186,pair,2322661,88.52231031305453,,not_detected,-1,103
subsample_align,205,pair,2322811,147.92650662303123,,found,105,105
subsample_align,205,pair,2323936,179.03626794664387,,detected_misfiled,34,105
subsample_align,292,collision,2325315,92.36600751998105,-10.0,found,172,172
subsample_align,134,pair,2326261,98.70094199088477,,found,134,134
subsample_align,440,easy,2326786,299.49751589417895,,found,85,85
subsample_align,390,noisy_channel,2327461,264.94466353416556,,found,21,21
subsample_align,371,noisy_channel,2328286,111.33947372807239,,detected_misfiled,164,121
subsample_align,134,pair,2328811,103.7727814300458,,found,134,134
subsample_align,134,pair,2328961,124.89576161883991,,found,134,134
subsample_align,390,noisy_channel,2329561,266.98322629579883,,found,21,21
subsample_align,205,pair,2329786,166.061797467604,,detected_misfiled,126,105
subsample_align,328,noisy_channel,2333011,184.18377090940714,,found,38,38
subsample_align,186,pair,2333236,92.71220647110009,,detected_misfiled,67,103
subsample_align,440,easy,2333686,220.01416244009818,,found,85,85
subsample_align,371,noisy_channel,2334136,200.3245802347434,,found,121,121
subsample_align,270,collision,2334592,93.37956322580635,-20.0,found,185,185
subsample_align,292,collision,2336406,135.66344991968353,13.0,found,172,172
subsample_align,292,collision,2337788,114.01913805439989,-16.0,found,172,172
subsample_align,461,easy,2337961,186.72046449117295,,detected_misfiled,117,94
subsample_align,292,collision,2338937,145.44947976450942,-6.0,found,172,172
subsample_align,292,collision,2339724,110.84483637860552,13.0,detected_misfiled,196,172
subsample_align,292,collision,2340765,113.27765827399739,21.0,found,172,172
subsample_align,371,noisy_channel,2341636,86.28154936017648,,found,121,121
subsample_align,371,noisy_channel,2342311,151.32616239834044,,found,121,121
subsample_align,186,pair,2342461,155.78600623007773,,found,103,103
subsample_align,292,collision,2342986,130.7661132939417,19.0,found,172,172
subsample_align,270,collision,2344052,85.52211846326654,-23.0,detected_misfiled,158,185
subsample_align,292,collision,2345074,134.34359731056614,6.0,found,172,172
subsample_align,390,noisy_channel,2345611,219.83116581417949,,detected_misfiled,22,21
subsample_align,292,collision,2346482,130.5167623268162,6.0,found,172,172
subsample_align,292,collision,2346648,107.58052456828088,-13.0,found,172,172
subsample_align,371,noisy_channel,2346886,103.66036857341524,,not_detected,-1,121
subsample_align,186,pair,2350186,98.79625655385391,,not_detected,-1,103
subsample_align,186,pair,2351236,103.80226601596914,,detected_misfiled,24,103
subsample_align,163,pair,2351686,92.2727416493795,,detected_misfiled,24,135
subsample_align,328,noisy_channel,2355286,141.56648687697515,,found,38,38
subsample_align,390,noisy_channel,2355436,229.4557408239914,,found,21,21
subsample_align,134,pair,2357911,164.5367617179636,,found,134,134
subsample_align,328,noisy_channel,2358361,107.41246860023108,,found,38,38
subsample_align,371,noisy_channel,2359111,163.13044935922863,,detected_misfiled,118,121
subsample_align,292,collision,2361166,177.91084927148108,16.0,found,172,172
subsample_align,292,collision,2361555,159.07842742678815,23.0,found,172,172
subsample_align,292,collision,2361935,152.7798900440008,13.0,found,172,172
subsample_align,461,easy,2362561,206.1684819980943,,found,94,94
subsample_align,328,noisy_channel,2363986,144.8298442441826,,found,38,38
subsample_align,292,collision,2364161,113.65300950285032,20.0,found,172,172
subsample_align,390,noisy_channel,2364361,222.3604107624996,,found,21,21
subsample_align,292,collision,2364961,132.37346638369826,-9.0,found,172,172
subsample_align,270,collision,2365124,160.66671539240699,-19.0,found,185,185
subsample_align,440,easy,2365486,307.7017383648963,,found,85,85
subsample_align,270,collision,2366041,108.19718383428042,-23.0,detected_misfiled,141,185
subsample_align,461,easy,2366236,202.6668177691392,,not_detected,-1,94
subsample_align,440,easy,2368711,288.02012505830874,,found,85,85
subsample_align,244,collision,2369217,183.55938030759944,12.0,found,76,76
subsample_align,413,easy,2369761,195.5300000476254,,found,51,51
subsample_align,134,pair,2370586,166.25280647832673,,found,134,134
subsample_align,186,pair,2371036,86.8451349274826,,detected_misfiled,24,103
subsample_align,440,easy,2371936,215.27737266063252,,found,85,85
subsample_align,328,noisy_channel,2372461,113.33168910005794,,not_detected,-1,38
subsample_align,134,pair,2373736,108.88215168497533,,found,134,134
subsample_align,413,easy,2374186,225.55349061734228,,found,51,51
subsample_align,440,easy,2374636,268.7226426666759,,found,85,85
subsample_align,186,pair,2375011,107.75848729200057,,detected_misfiled,64,103
subsample_align,390,noisy_channel,2375761,302.82918193793057,,detected_misfiled,22,21
subsample_align,270,collision,2378066,158.57562535902332,16.0,found,185,185
subsample_align,134,pair,2378311,146.2617412816585,,found,134,134
subsample_align,270,collision,2378793,113.03566645002807,12.0,found,185,185
subsample_align,270,collision,2382103,143.07683055989557,-17.0,detected_misfiled,92,185
subsample_align,413,easy,2382961,116.38190634179347,,detected_misfiled,31,51
subsample_align,292,collision,2383354,174.3292002714025,11.0,detected_misfiled,147,172
subsample_align,440,easy,2383786,219.88110600436954,,found,85,85
subsample_align,244,collision,2383940,156.47902941469,-8.0,found,76,76
subsample_align,186,pair,2384311,92.33823855844574,,detected_misfiled,146,103
subsample_align,163,pair,2384536,107.0216645010519,,detected_misfiled,15,135
subsample_align,440,easy,2384761,210.9278404841579,,found,85,85
subsample_align,270,collision,2385142,166.03654157636691,-14.0,found,185,185
subsample_align,270,collision,2385810,104.36845796805436,-21.0,found,185,185
subsample_align,328,noisy_channel,2386261,190.0736984519626,,found,38,38
subsample_align,371,noisy_channel,2386636,116.5927725496943,,found,121,121
subsample_align,328,noisy_channel,2387611,130.98013356223308,,detected_misfiled,196,38
subsample_align,270,collision,2388159,154.32383733371526,10.0,detected_misfiled,20,185
subsample_align,413,easy,2389036,214.8578785364749,,found,51,51
subsample_align,413,easy,2389336,268.17801866444626,,found,51,51
subsample_align,270,collision,2389757,143.5723823485821,-6.0,detected_misfiled,17,185
subsample_align,205,pair,2390161,115.15512329650603,,detected_misfiled,180,105
subsample_align,440,easy,2391511,227.26783671523873,,found,85,85
subsample_align,205,pair,2391661,125.35618640396362,,detected_misfiled,83,105
subsample_align,163,pair,2392336,117.06579976271095,,not_detected,-1,135
subsample_align,270,collision,2394752,96.13271075499449,4.0,detected_misfiled,113,185
subsample_align,244,collision,2395566,224.07690671020748,10.0,detected_misfiled,102,76
subsample_align,205,pair,2396086,107.89387849819835,,detected_misfiled,96,105
subsample_align,390,noisy_channel,2396386,252.70821276596536,,detected_misfiled,31,21
subsample_align,390,noisy_channel,2396686,297.10931626897326,,detected_misfiled,143,21
subsample_align,328,noisy_channel,2397286,165.43446023411383,,found,38,38
subsample_align,186,pair,2402161,166.06343549002077,,detected_misfiled,41,103
subsample_align,244,collision,2403047,151.78862441794132,-18.0,found,76,76
subsample_align,186,pair,2403286,117.58488960476512,,detected_misfiled,60,103
subsample_align,292,collision,2403485,139.74485672465045,13.0,found,172,172
subsample_align,186,pair,2403961,86.94100467114421,,detected_misfiled,29,103
subsample_align,205,pair,2404111,149.4757829371531,,detected_misfiled,184,105
subsample_align,390,noisy_channel,2404486,176.54462646555788,,found,21,21
subsample_align,186,pair,2405011,119.98097910019877,,found,103,103
subsample_align,244,collision,2405192,138.8873457304926,19.0,detected_misfiled,183,76
subsample_align,461,easy,2405461,160.48740128093527,,found,94,94
subsample_align,461,easy,2406961,153.81264703753425,,detected_misfiled,187,94
subsample_align,292,collision,2407787,157.15618752620077,-17.0,found,172,172
subsample_align,413,easy,2408086,182.13717905775837,,found,51,51
subsample_align,205,pair,2409436,165.86551395024244,,found,105,105
subsample_align,440,easy,2410186,240.31351946323423,,found,85,85
subsample_align,244,collision,2414200,143.45315361297918,-13.0,detected_misfiled,192,76
subsample_align,461,easy,2415886,133.46286652557956,,not_detected,-1,94
subsample_align,205,pair,2416936,122.9617844774861,,found,105,105
subsample_align,292,collision,2418462,222.12408165472237,22.0,found,172,172
subsample_align,270,collision,2420015,138.55844537799794,8.0,detected_misfiled,123,185
subsample_align,461,easy,2420386,170.46407231459818,,found,94,94
subsample_align,186,pair,2420611,84.4263676621205,,detected_misfiled,187,103
subsample_align,205,pair,2421361,183.05596632804185,,not_detected,-1,105
subsample_align,186,pair,2421586,89.6935121964219,,detected_misfiled,105,103
subsample_align,440,easy,2422111,171.99135288827915,,found,85,85
subsample_align,461,easy,2422486,188.43404484376396,,found,94,94
subsample_align,440,easy,2423686,382.60652463325334,,found,85,85
subsample_align,205,pair,2424211,128.92524916445424,,detected_misfiled,174,105
subsample_align,134,pair,2427136,186.91812091439064,,found,134,134
subsample_align,205,pair,2428786,137.92288371708597,,not_detected,-1,105
subsample_align,328,noisy_channel,2430436,129.25920413350235,,found,38,38
subsample_align,440,easy,2430961,263.40047661640256,,found,85,85
subsample_align,163,pair,2431111,164.4166666664629,,detected_misfiled,138,135
subsample_align,390,noisy_channel,2432986,261.5656505524961,,detected_misfiled,22,21
subsample_align,390,noisy_channel,2435911,249.3472865717016,,detected_misfiled,22,21
subsample_align,371,noisy_channel,2437261,114.88641243270726,,detected_misfiled,160,121
subsample_align,413,easy,2438911,177.13350613178983,,found,51,51
subsample_align,390,noisy_channel,2439436,299.7911052120437,,detected_misfiled,22,21
subsample_align,163,pair,2440486,97.02629128175313,,detected_misfiled,143,135
subsample_align,461,easy,2441086,151.54965191652963,,not_detected,-1,94
subsample_align,270,collision,2441837,151.50534395643922,9.0,found,185,185
subsample_align,413,easy,2442136,220.27916498471512,,detected_misfiled,143,51
subsample_align,292,collision,2443550,133.09104640199996,14.0,found,172,172
subsample_align,270,collision,2443845,149.63231233737451,-19.0,found,185,185
subsample_align,186,pair,2446111,79.73235328907235,,detected_misfiled,182,103
subsample_align,328,noisy_channel,2446486,145.31493010614258,,found,38,38
subsample_align,244,collision,2447364,172.75368511326957,15.0,detected_misfiled,187,76
subsample_align,461,easy,2448286,150.67749723566538,,found,94,94
subsample_align,134,pair,2449561,97.34850394626974,,detected_misfiled,135,134
subsample_align,163,pair,2450161,90.51762869700403,,detected_misfiled,181,135
subsample_align,390,noisy_channel,2452561,223.23167441160348,,detected_misfiled,22,21
subsample_align,440,easy,2453761,225.1186168378063,,found,85,85
subsample_align,186,pair,2457511,112.4060209991298,,detected_misfiled,106,103
subsample_align,244,collision,2458255,150.77501546172985,-16.0,found,76,76
subsample_align,270,collision,2458494,161.9481843903247,24.0,detected_misfiled,126,185
subsample_align,205,pair,2458786,130.24501106495347,,detected_misfiled,183,105
subsample_align,186,pair,2460286,107.23433117868015,,detected_misfiled,198,103
subsample_align,134,pair,2461711,110.36201935835543,,found,134,134
subsample_align,413,easy,2462761,221.939019309459,,detected_misfiled,147,51
subsample_align,461,easy,2464261,123.48621827743963,,detected_misfiled,196,94
subsample_align,205,pair,2465011,191.98182709797388,,found,105,105
subsample_align,270,collision,2465563,109.51561392861528,-14.0,detected_misfiled,199,185
subsample_align,371,noisy_channel,2465911,103.88474404793358,,found,121,121
subsample_align,440,easy,2466436,242.064418516385,,found,85,85
subsample_align,413,easy,2466586,204.7744239659518,,detected_misfiled,98,51
subsample_align,461,easy,2468236,116.62698528166923,,found,94,94
subsample_align,390,noisy_channel,2468611,278.18469225469187,,detected_misfiled,22,21
subsample_align,270,collision,2471234,131.43654062102297,-22.0,found,185,185
subsample_align,461,easy,2472511,169.49305418189866,,found,94,94
subsample_align,413,easy,2472886,222.6097238763914,,found,51,51
subsample_align,413,easy,2473636,271.58894314390795,,found,51,51
subsample_align,292,collision,2475075,104.13195125717901,-5.0,found,172,172
subsample_align,186,pair,2476336,113.23800205928737,,detected_misfiled,24,103
subsample_align,390,noisy_channel,2477011,243.11610600590154,,detected_misfiled,22,21
subsample_align,244,collision,2477675,134.12097135964106,-9.0,detected_misfiled,164,76
subsample_align,163,pair,2478886,113.99719216856849,,detected_misfiled,138,135
subsample_align,371,noisy_channel,2481211,166.22972866089611,,found,121,121
subsample_align,292,collision,2481685,125.18998507897015,4.0,found,172,172
subsample_align,292,collision,2482054,133.2681435997398,6.0,found,172,172
subsample_align,270,collision,2484192,122.02525198358569,7.0,found,185,185
subsample_align,186,pair,2485186,115.69497508290533,,detected_misfiled,104,103
subsample_align,186,pair,2485486,109.64381321758881,,detected_misfiled,129,103
subsample_align,163,pair,2489161,114.60913560658052,,not_detected,-1,135
subsample_align,270,collision,2490591,164.68025612132763,-12.0,found,185,185
subsample_align,270,collision,2493558,129.62725643581376,23.0,detected_misfiled,123,185
subsample_align,390,noisy_channel,2493886,230.6644235162951,,found,21,21
subsample_align,163,pair,2494711,140.77809782698992,,detected_misfiled,114,135
subsample_align,270,collision,2495371,131.2874668478711,6.0,detected_misfiled,167,185
subsample_align,163,pair,2496061,154.87854528036587,,not_detected,-1,135
subsample_align,244,collision,2499698,140.1292909463404,-22.0,detected_misfiled,113,76
subsample_align,461,easy,2503711,262.52063142106897,,found,94,94
subsample_align,440,easy,2503861,201.68515617476373,,found,85,85
subsample_align,163,pair,2504686,104.21406921411784,,not_detected,-1,135
subsample_align,461,easy,2504911,168.57058816306744,,found,94,94
subsample_align,440,easy,2505286,270.5847505431985,,found,85,85
subsample_align,390,noisy_channel,2507236,173.41924274287658,,found,21,21
subsample_align,292,collision,2509022,103.02384195887936,-22.0,found,172,172
subsample_align,244,collision,2509912,296.47385869963534,-12.0,detected_misfiled,80,76
subsample_align,292,collision,2511358,121.83124260999202,12.0,found,172,172
subsample_align,134,pair,2511511,131.78097277659467,,detected_misfiled,154,134
subsample_align,390,noisy_channel,2511736,266.10061615348855,,found,21,21
subsample_align,371,noisy_channel,2512711,153.28414384469522,,found,121,121
subsample_align,461,easy,2513761,205.49626166311913,,found,94,94
subsample_align,270,collision,2514093,189.7622676808562,-7.0,detected_misfiled,104,185
subsample_align,270,collision,2515575,128.18967155551735,5.0,found,185,185
subsample_align,328,noisy_channel,2515861,127.34878413862825,,detected_misfiled,167,38
subsample_align,292,collision,2516084,130.15938819651035,6.0,found,172,172
subsample_align,390,noisy_channel,2517061,275.46223618061737,,found,21,21
subsample_align,270,collision,2517444,129.94127097957988,-11.0,detected_misfiled,47,185
subsample_align,440,easy,2518186,222.17689453469083,,found,85,85
subsample_align,292,collision,2518627,162.43539593977334,-11.0,found,172,172
subsample_align,186,pair,2520436,96.34700660297892,,detected_misfiled,156,103
subsample_align,413,easy,2520886,251.70751877348235,,found,51,51
subsample_align,461,easy,2521111,160.5243002236585,,found,94,94
subsample_align,292,collision,2521813,169.87253994052585,-20.0,found,172,172
subsample_align,292,collision,2522084,130.92520302152246,14.0,found,172,172
subsample_align,371,noisy_channel,2522686,142.1647615134842,,found,121,121
subsample_align,390,noisy_channel,2522911,250.16722137190834,,detected_misfiled,22,21
subsample_align,292,collision,2523466,111.85966551012896,16.0,found,172,172
subsample_align,292,collision,2524225,116.53854533598263,14.0,found,172,172
subsample_align,270,collision,2524392,96.19610288057038,20.0,detected_misfiled,2,185
subsample_align,371,noisy_channel,2525236,113.0960420273405,,detected_misfiled,136,121
subsample_align,371,noisy_channel,2526061,132.07613302735666,,not_detected,-1,121
subsample_align,270,collision,2526980,113.53162913801239,-11.0,detected_misfiled,143,185
subsample_align,134,pair,2527261,145.38241356170442,,found,134,134
subsample_align,292,collision,2528651,113.94031313769506,17.0,found,172,172
subsample_align,270,collision,2529403,177.3616608223142,6.0,found,185,185
subsample_align,390,noisy_channel,2529661,205.74052118120824,,found,21,21
subsample_align,270,collision,2529846,110.28235327321212,4.0,detected_misfiled,8,185
subsample_align,244,collision,2530066,193.25404126244058,-24.0,detected_misfiled,156,76
subsample_align,292,collision,2530239,174.8830087856494,-23.0,found,172,172
subsample_align,270,collision,2531621,155.19551637759176,15.0,detected_misfiled,17,185
subsample_align,292,collision,2531778,94.64697516223889,-14.0,found,172,172
subsample_align,186,pair,2531986,132.9024273402912,,found,103,103
subsample_align,244,collision,2532392,254.1796242091249,11.0,detected_misfiled,12,76
subsample_align,270,collision,2533202,111.68836270224689,5.0,found,185,185
subsample_align,461,easy,2533861,210.94864668740007,,found,94,94
subsample_align,292,collision,2534105,140.86223357547712,22.0,found,172,172
subsample_align,390,noisy_channel,2534311,225.4818938368769,,found,21,21
subsample_align,270,collision,2534820,121.64125759848704,-21.0,detected_misfiled,14,185
subsample_align,270,collision,2535846,100.46183725176586,13.0,found,185,185
subsample_align,270,collision,2536306,154.096267211387,14.0,detected_misfiled,187,185
subsample_align,292,collision,2536692,160.2891107550658,-11.0,found,172,172
subsample_align,134,pair,2536936,157.78428797100742,,found,134,134
subsample_align,292,collision,2537545,131.9184675097641,-16.0,found,172,172
subsample_align,413,easy,2538436,186.3031092595541,,found,51,51
subsample_align,413,easy,2538886,173.05710875209712,,found,51,51
subsample_align,390,noisy_channel,2542261,207.3952050955396,,found,21,21
subsample_align,292,collision,2543025,145.6807575459362,16.0,detected_misfiled,82,172
subsample_align,270,collision,2543960,87.00669066874758,-17.0,detected_misfiled,43,185
subsample_align,270,collision,2545275,103.82051252750514,19.0,detected_misfiled,20,185
subsample_align,163,pair,2545561,163.22755744982476,,detected_misfiled,149,135
subsample_align,371,noisy_channel,2545786,122.94392916269283,,found,121,121
subsample_align,186,pair,2546611,104.91687350737504,,detected_misfiled,160,103
subsample_align,270,collision,2547414,195.6236082097617,12.0,detected_misfiled,103,185
subsample_align,205,pair,2547586,150.46056076467133,,detected_misfiled,106,105
subsample_align,270,collision,2548662,139.47911034008416,-14.0,found,185,185
subsample_align,270,collision,2549235,130.88804638476225,13.0,found,185,185
subsample_align,461,easy,2549461,237.57270718718945,,detected_misfiled,42,94
subsample_align,270,collision,2551822,126.71198532679824,23.0,found,185,185
subsample_align,440,easy,2552011,299.9082756780828,,found,85,85
subsample_align,413,easy,2552386,211.1395493539959,,found,51,51
subsample_align,186,pair,2552911,123.06333434121095,,found,103,103
subsample_align,328,noisy_channel,2553361,152.45111158898828,,found,38,38
subsample_align,270,collision,2554494,116.18051341075689,23.0,found,185,185
subsample_align,461,easy,2556361,143.21064566632998,,found,94,94
subsample_align,440,easy,2557111,261.27529383312896,,found,85,85
subsample_align,371,noisy_channel,2557411,166.87745037859008,,found,121,121
subsample_align,270,collision,2558630,116.35593534267315,-19.0,found,185,185
subsample_align,413,easy,2558911,217.42810862496015,,detected_misfiled,187,51
subsample_align,413,easy,2559361,197.13328925695603,,found,51,51
subsample_align,440,easy,2561236,243.29774645854954,,found,85,85
subsample_align,270,collision,2561556,138.71390965414494,15.0,detected_misfiled,39,185
subsample_align,413,easy,2561911,231.9559492268184,,found,51,51
subsample_align,371,noisy_channel,2563111,188.22558810031637,,found,121,121
subsample_align,134,pair,2563261,138.63962345462247,,found,134,134
subsample_align,328,noisy_channel,2563936,176.31547354194817,,found,38,38
subsample_align,440,easy,2567236,243.8104043537243,,found,85,85
subsample_align,244,collision,2567802,183.66056871077998,20.0,detected_misfiled,41,76
subsample_align,244,collision,2568399,168.56772756553036,-24.0,found,76,76
subsample_align,205,pair,2568961,141.4792374221696,,detected_misfiled,107,105
subsample_align,270,collision,2569135,112.74457615443552,-9.0,found,185,185
subsample_align,163,pair,2570161,160.68777398189542,,detected_misfiled,138,135
subsample_align,270,collision,2570731,254.8880982381487,13.0,detected_misfiled,2,185
subsample_align,292,collision,2574948,91.55393413085281,-20.0,found,172,172
subsample_align,205,pair,2575261,167.19510689124922,,detected_misfiled,71,105
subsample_align,205,pair,2575486,157.4276757593737,,detected_misfiled,47,105
subsample_align,440,easy,2577961,190.9931444611787,,detected_misfiled,167,85
subsample_align,461,easy,2578186,162.03615416296765,,found,94,94
subsample_align,134,pair,2578411,98.11636737033447,,found,134,134
subsample_align,390,noisy_channel,2579086,210.31009019518436,,found,21,21
subsample_align,440,easy,2579536,236.48507975388333,,found,85,85
subsample_align,205,pair,2580136,134.83094152749737,,found,105,105
subsample_align,186,pair,2580511,137.57217038201753,,detected_misfiled,198,103
subsample_align,328,noisy_channel,2581786,142.38047751633297,,found,38,38
subsample_align,292,collision,2582210,96.04422986409632,-9.0,found,172,172
subsample_align,205,pair,2582686,110.15806338523761,,detected_misfiled,32,105
subsample_align,205,pair,2583586,141.5687966926269,,detected_misfiled,70,105
subsample_align,413,easy,2586661,121.23940970828502,,found,51,51
subsample_align,328,noisy_channel,2587336,120.88302984923038,,detected_misfiled,199,38
subsample_align,371,noisy_channel,2587786,94.83876994654094,,found,121,121
subsample_align,134,pair,2588611,151.1065463390676,,found,134,134
subsample_align,413,easy,2589811,237.66342199046642,,found,51,51
subsample_align,134,pair,2591236,173.6572484156791,,found,134,134
subsample_align,461,easy,2591461,178.18322129359117,,found,94,94
subsample_align,270,collision,2593397,132.66055282704454,13.0,found,185,185
subsample_align,440,easy,2593786,271.2328019514859,,found,85,85
subsample_align,390,noisy_channel,2595436,225.23804874384209,,detected_misfiled,22,21
subsample_align,413,easy,2595661,188.1832437332481,,found,51,51
subsample_align,328,noisy_channel,2595886,139.818212199433,,found,38,38
subsample_align,413,easy,2596261,204.8492681280245,,found,51,51
subsample_align,461,easy,2598286,194.5182394333354,,found,94,94
subsample_align,328,noisy_channel,2598436,125.7178975122126,,found,38,38
subsample_align,371,noisy_channel,2599111,137.59736844972252,,detected_misfiled,195,121
subsample_align,205,pair,2599411,151.56674662956004,,found,105,105
subsample_align,205,pair,2599561,234.06890379857745,,found,105,105
subsample_align,270,collision,2600091,124.4546983731519,21.0,found,185,185
subsample_align,390,noisy_channel,2600986,241.08259188313775,,detected_misfiled,22,21
subsample_align,134,pair,2602786,127.85992624341989,,found,134,134
subsample_align,186,pair,2603011,139.5191509564718,,found,103,103
subsample_align,163,pair,2604661,123.11870488802208,,not_detected,-1,135
subsample_align,413,easy,2607661,190.98620803611888,,found,51,51
subsample_align,186,pair,2608186,66.71605812330348,,found,103,103
subsample_align,186,pair,2609086,105.36517281955807,,detected_misfiled,105,103
subsample_align,186,pair,2609911,91.41039856653919,,found,103,103
subsample_align,413,easy,2610511,230.6288757970364,,found,51,51
subsample_align,413,easy,2610886,194.4087565448213,,found,51,51
subsample_align,292,collision,2611275,122.41639049239457,-17.0,found,172,172
subsample_align,270,collision,2611510,99.85326359570186,-18.0,detected_misfiled,186,185
subsample_align,390,noisy_channel,2611711,228.15557072851303,,detected_misfiled,22,21
subsample_align,292,collision,2611947,131.1515777894446,22.0,found,172,172
subsample_align,413,easy,2612236,156.19105539420156,,found,51,51
subsample_align,413,easy,2615761,169.984602642315,,found,51,51
subsample_align,134,pair,2617936,128.10785401016844,,found,134,134
subsample_align,440,easy,2619286,191.32537724654892,,found,85,85
subsample_align,186,pair,2619661,120.04242079755976,,detected_misfiled,133,103
subsample_align,186,pair,2620336,124.72344805329358,,detected_misfiled,106,103
subsample_align,292,collision,2620851,162.50386082001688,-21.0,detected_misfiled,12,172
subsample_align,134,pair,2621461,148.41475608728842,,found,134,134
subsample_align,292,collision,2621814,95.73130814562393,15.0,found,172,172
subsample_align,205,pair,2621986,182.324148148316,,detected_misfiled,196,105
subsample_align,461,easy,2622661,158.59296390040484,,found,94,94
subsample_align,371,noisy_channel,2623036,118.8232762133019,,found,121,121
subsample_align,163,pair,2624011,136.34874595806838,,not_detected,-1,135
subsample_align,328,noisy_channel,2625361,92.33418924836835,,found,38,38
subsample_align,270,collision,2626354,104.2351794076993,19.0,found,185,185
subsample_align,413,easy,2628736,204.97616608596059,,found,51,51
subsample_align,163,pair,2628961,162.8446392666177,,detected_misfiled,31,135
subsample_align,186,pair,2629636,104.7141549921477,,detected_misfiled,107,103
subsample_align,440,easy,2631361,230.61378126416162,,found,85,85
subsample_align,390,noisy_channel,2633161,239.94192350112064,,found,21,21
subsample_align,244,collision,2635021,136.4576695436673,8.0,detected_misfiled,32,76
subsample_align,440,easy,2641411,212.56107646334516,,found,85,85
subsample_align,461,easy,2642086,143.9336769720232,,not_detected,-1,94
subsample_align,461,easy,2642611,146.91564115815368,,detected_misfiled,20,94
subsample_align,205,pair,2643811,140.39975630481996,,detected_misfiled,15,105
subsample_align,413,easy,2644411,218.0310272755546,,found,51,51
subsample_align,270,collision,2646274,95.94854884472241,8.0,found,185,185
subsample_align,205,pair,2647186,134.31188634374615,,detected_misfiled,167,105
subsample_align,186,pair,2648986,89.11991371874393,,detected_misfiled,107,103
subsample_align,186,pair,2649286,99.47007378666393,,detected_misfiled,143,103
subsample_align,461,easy,2650561,152.468114006019,,found,94,94
subsample_align,413,easy,2651011,215.9480856503847,,detected_misfiled,151,51
subsample_align,292,collision,2652496,174.4678558700145,-18.0,found,172,172
subsample_align,440,easy,2653186,259.441303453116,,found,85,85
subsample_align,371,noisy_channel,2653636,107.5476741236887,,found,121,121
subsample_align,244,collision,2653898,199.15363722435558,-10.0,found,76,76
subsample_align,371,noisy_channel,2654086,126.4486610429532,,detected_misfiled,32,121
subsample_align,244,collision,2654527,181.9462658327446,-12.0,found,76,76
subsample_align,371,noisy_channel,2654761,75.00004497371316,,found,121,121
subsample_align,163,pair,2655136,99.57091165230281,,detected_misfiled,39,135
subsample_align,292,collision,2655455,118.62842183507591,20.0,found,172,172
subsample_align,440,easy,2656036,266.90969958039557,,found,85,85
subsample_align,292,collision,2657822,128.40054140820249,-11.0,found,172,172
subsample_align,390,noisy_channel,2658136,233.8434033121522,,found,21,21
subsample_align,244,collision,2659024,170.68541464900576,-23.0,detected_misfiled,78,76
subsample_align,371,noisy_channel,2660236,173.03110381882723,,found,121,121
subsample_align,163,pair,2661061,168.60093191361005,,found,135,135
subsample_align,413,easy,2661211,144.15071617894534,,found,51,51
subsample_align,371,noisy_channel,2662036,128.99064037632178,,found,121,121
subsample_align,134,pair,2662711,100.58020162442762,,found,134,134
subsample_align,461,easy,2662936,149.2222905804938,,found,94,94
subsample_align,163,pair,2663311,101.02868220462412,,not_detected,-1,135
subsample_align,328,noisy_channel,2663461,194.68478983094172,,detected_misfiled,143,38
subsample_align,440,easy,2664136,320.2582436817262,,found,85,85
subsample_align,134,pair,2664286,91.76222286323353,,found,134,134
subsample_align,328,noisy_channel,2669086,153.83056199876285,,detected_misfiled,199,38
subsample_align,134,pair,2670886,160.916858600826,,found,134,134
subsample_align,244,collision,2673331,146.66223139458438,17.0,found,76,76
subsample_align,205,pair,2676436,163.86061546075786,,detected_misfiled,71,105
subsample_align,371,noisy_channel,2677636,135.0100036657539,,found,121,121
subsample_align,205,pair,2680036,134.48324331397166,,detected_misfiled,34,105
subsample_align,292,collision,2680966,103.55527487708105,11.0,found,172,172
subsample_align,270,collision,2682430,113.01720276863837,-9.0,detected_misfiled,126,185
subsample_align,244,collision,2682956,217.5222184998034,-17.0,detected_misfiled,31,76
subsample_align,390,noisy_channel,2683711,227.10602073014323,,found,21,21
subsample_align,205,pair,2685361,106.9911883934191,,not_detected,-1,105
subsample_align,413,easy,2686936,198.8728001242874,,found,51,51
subsample_align,163,pair,2688736,153.9305086173162,,detected_misfiled,64,135
subsample_align,163,pair,2689561,101.05542896673393,,detected_misfiled,15,135
subsample_align,390,noisy_channel,2690686,243.22532701832267,,detected_misfiled,22,21
subsample_align,440,easy,2693761,192.43643218680697,,found,85,85
subsample_align,390,noisy_channel,2695411,274.4392757375837,,detected_misfiled,22,21
subsample_align,270,collision,2695854,111.09338353476204,6.0,found,185,185
subsample_align,163,pair,2696311,131.97171551553166,,detected_misfiled,67,135
subsample_align,461,easy,2698786,144.43867409673487,,detected_misfiled,47,94
subsample_align,163,pair,2698936,115.96027052431859,,not_detected,-1,135
subsample_align,371,noisy_channel,2699086,156.6933501639263,,detected_misfiled,54,121
subsample_align,205,pair,2699311,121.77461937666544,,detected_misfiled,47,105
subsample_align,134,pair,2701111,126.27814868207338,,found,134,134
subsample_align,186,pair,2701261,100.23205208744415,,detected_misfiled,42,103
subsample_align,440,easy,2703361,203.4820596730512,,found,85,85
subsample_align,328,noisy_channel,2703586,114.37823257908897,,found,38,38
subsample_align,413,easy,2704111,238.6228660727191,,found,51,51
subsample_align,134,pair,2706586,99.98743318198215,,found,134,134
subsample_align,205,pair,2707561,154.23592683461965,,detected_misfiled,106,105
subsample_align,244,collision,2709228,110.60937702919972,-9.0,not_detected,-1,76
subsample_align,371,noisy_channel,2709661,151.13414596595211,,detected_misfiled,141,121
subsample_align,205,pair,2710186,145.64985917179808,,found,105,105
subsample_align,328,noisy_channel,2710861,126.51246775899449,,found,38,38
subsample_align,371,noisy_channel,2712286,211.00852044752293,,detected_misfiled,27,121
subsample_align,134,pair,2713336,153.47346454051112,,found,134,134
subsample_align,270,collision,2713568,127.90354014774768,-24.0,found,185,185
subsample_align,413,easy,2714611,189.73078644561582,,detected_misfiled,36,51
subsample_align,440,easy,2716711,235.02453465461863,,found,85,85
subsample_align,328,noisy_channel,2717236,109.05183580276005,,detected_misfiled,33,38
subsample_align,186,pair,2717986,105.07146339261055,,detected_misfiled,105,103
subsample_align,413,easy,2720461,174.77644528115536,,found,51,51
subsample_align,205,pair,2721361,188.74920566639707,,found,105,105
subsample_align,205,pair,2722261,148.8466694038621,,detected_misfiled,81,105
subsample_align,371,noisy_channel,2723161,148.42634337959453,,detected_misfiled,34,121
subsample_align,244,collision,2723895,170.07675530797374,-20.0,detected_misfiled,80,76
subsample_align,134,pair,2724511,118.34362753008733,,found,134,134
subsample_align,163,pair,2725111,114.11641917955106,,detected_misfiled,126,135
subsample_align,413,easy,2726686,214.73455994956348,,found,51,51
subsample_align,440,easy,2727061,267.9855528473551,,found,85,85
subsample_align,163,pair,2728036,185.0549459079246,,not_detected,-1,135
subsample_align,270,collision,2728687,150.05073630672263,22.0,found,185,185
subsample_align,413,easy,2728936,184.85903091291794,,found,51,51
subsample_align,244,collision,2729924,154.92210028132774,-24.0,found,76,76
subsample_align,163,pair,2731111,127.36879371409427,,detected_misfiled,24,135
subsample_align,205,pair,2733061,143.05843849060867,,found,105,105
subsample_align,134,pair,2733511,105.69869608959092,,found,134,134
subsample_align,413,easy,2733886,199.2414154278307,,found,51,51
subsample_align,328,noisy_channel,2734261,95.77843955122053,,not_detected,-1,38
subsample_align,390,noisy_channel,2734861,199.3167507763398,,found,21,21
subsample_align,292,collision,2735617,122.51905568932298,22.0,found,172,172
subsample_align,163,pair,2735836,113.36351031455825,,detected_misfiled,196,135
subsample_align,186,pair,2735986,96.03589386700224,,detected_misfiled,196,103
subsample_align,413,easy,2736586,176.38489191274687,,detected_misfiled,196,51
subsample_align,134,pair,2737036,112.24905986944896,,found,134,134
subsample_align,461,easy,2738386,149.04282032474276,,found,94,94
subsample_align,244,collision,2738893,132.28836275227695,7.0,detected_misfiled,34,76
subsample_align,186,pair,2740486,97.92289977621607,,not_detected,-1,103
subsample_align,440,easy,2742661,221.48509943112703,,found,85,85
subsample_align,390,noisy_channel,2745586,247.35226071456097,,detected_misfiled,22,21
subsample_align,390,noisy_channel,2746186,226.7278242980955,,detected_misfiled,22,21
subsample_align,134,pair,2749111,132.09753443641262,,found,134,134
subsample_align,371,noisy_channel,2752636,140.24944574588525,,found,121,121
subsample_align,186,pair,2753386,89.19241159587563,,found,103,103
subsample_align,390,noisy_channel,2753611,237.13229184309387,,detected_misfiled,22,21
subsample_align,292,collision,2754955,115.58385920582812,-6.0,found,172,172
subsample_align,270,collision,2757139,153.26803876180753,-23.0,found,185,185
subsample_align,134,pair,2758786,113.58498954681784,,found,134,134
subsample_align,244,collision,2759727,121.81714721735048,16.0,detected_misfiled,18,76
subsample_align,461,easy,2760586,137.34039904028143,,found,94,94
subsample_align,390,noisy_channel,2761486,195.65187735024898,,found,21,21
subsample_align,371,noisy_channel,2761711,101.15126188078912,,detected_misfiled,196,121
subsample_align,163,pair,2762611,151.6593897377275,,not_detected,-1,135
subsample_align,270,collision,2763866,107.66928200314882,5.0,found,185,185
subsample_align,440,easy,2765086,265.05245071721214,,found,85,85
subsample_align,163,pair,2765461,160.61176392879645,,found,135,135
subsample_align,134,pair,2765911,132.37817856496278,,found,134,134
subsample_align,134,pair,2768911,187.0373974566694,,found,134,134
subsample_align,205,pair,2769511,134.7837171461274,,not_detected,-1,105
subsample_align,390,noisy_channel,2770561,318.3662437021724,,detected_misfiled,22,21
subsample_align,292,collision,2772060,123.56982499857182,24.0,found,172,172
subsample_align,461,easy,2772361,170.37161357977857,,detected_misfiled,50,94
subsample_align,134,pair,2772661,104.02346848600479,,found,134,134
subsample_align,390,noisy_channel,2773561,249.5714167689764,,found,21,21
subsample_align,163,pair,2774011,111.35354677303107,,detected_misfiled,143,135
subsample_align,413,easy,2775736,196.28084581214966,,found,51,51
subsample_align,371,noisy_channel,2776861,118.94623534676936,,not_detected,-1,121
subsample_align,205,pair,2777386,156.36798983822214,,found,105,105
subsample_align,163,pair,2781436,139.52714264186505,,detected_misfiled,13,135
subsample_align,390,noisy_channel,2781586,235.7860199709882,,detected_misfiled,139,21
subsample_align,390,noisy_channel,2781961,264.7694820501669,,found,21,21
subsample_align,163,pair,2783536,105.81147709359752,,detected_misfiled,99,135
subsample_align,371,noisy_channel,2786011,84.66456451153813,,found,121,121
subsample_align,186,pair,2786611,99.71981432575795,,detected_misfiled,106,103
subsample_align,413,easy,2787961,154.88134645302105,,found,51,51
subsample_align,134,pair,2789686,92.6823073165416,,found,134,134
subsample_align,186,pair,2790436,144.9314039202768,,detected_misfiled,104,103
subsample_align,134,pair,2790886,154.98318170366022,,found,134,134
subsample_align,461,easy,2791561,178.41997780597157,,found,94,94
subsample_align,163,pair,2792311,115.38008674939573,,not_detected,-1,135
subsample_align,461,easy,2792761,157.98885301902715,,detected_misfiled,167,94
subsample_align,134,pair,2794411,169.4825131468872,,found,134,134
subsample_align,134,pair,2795161,105.93665552625374,,found,134,134
subsample_align,390,noisy_channel,2795536,236.79188685306883,,detected_misfiled,22,21
subsample_align,328,noisy_channel,2797186,143.5687479477431,,detected_misfiled,39,38
subsample_align,205,pair,2797411,148.77885818273364,,detected_misfiled,199,105
subsample_align,390,noisy_channel,2800111,240.46688712327028,,detected_misfiled,22,21
subsample_align,390,noisy_channel,2800261,273.7751102046291,,found,21,21
subsample_align,244,collision,2801150,230.22733258199378,-24.0,detected_misfiled,75,76
subsample_align,292,collision,2801764,107.55090855454571,10.0,found,172,172
subsample_align,390,noisy_channel,2802436,189.701024515094,,found,21,21
subsample_align,270,collision,2803726,138.59721935223288,19.0,found,185,185
subsample_align,440,easy,2805961,274.3968905913438,,found,85,85
subsample_align,390,noisy_channel,2808511,270.50310597508565,,detected_misfiled,25,21
subsample_align,163,pair,2809036,154.2764529589643,,found,135,135
subsample_align,390,noisy_channel,2812186,208.38819931537375,,found,21,21
subsample_align,205,pair,2812636,167.39147100257787,,found,105,105
subsample_align,186,pair,2814061,101.89886656459151,,detected_misfiled,99,103
subsample_align,270,collision,2814264,159.32897423245674,-14.0,found,185,185
subsample_align,163,pair,2816161,141.37437016670677,,detected_misfiled,3,135
subsample_align,186,pair,2822611,84.8469598234033,,not_detected,-1,103
subsample_align,205,pair,2822761,154.23966675840194,,detected_misfiled,70,105
subsample_align,270,collision,2823314,152.11685276612826,-4.0,found,185,185
subsample_align,371,noisy_channel,2823661,107.93990543076512,,detected_misfiled,159,121
subsample_align,205,pair,2825011,120.67551063283173,,detected_misfiled,143,105
subsample_align,390,noisy_channel,2825311,274.189665563634,,detected_misfiled,22,21
subsample_align,244,collision,2825570,164.242411166301,-13.0,not_detected,-1,76
subsample_align,163,pair,2826136,128.3818009654639,,detected_misfiled,100,135
subsample_align,163,pair,2826661,141.41850100679298,,not_detected,-1,135
subsample_align,270,collision,2827707,129.3052172339764,16.0,detected_misfiled,198,185
subsample_align,371,noisy_channel,2828461,126.90624186994309,,found,121,121
subsample_align,461,easy,2830261,155.3492626605734,,not_detected,-1,94
subsample_align,371,noisy_channel,2831161,113.39395116843009,,detected_misfiled,137,121
subsample_align,371,noisy_channel,2833261,128.71108259090659,,found,121,121
subsample_align,186,pair,2835586,107.18398049513716,,detected_misfiled,9,103
subsample_align,163,pair,2837986,147.40172703034563,,not_detected,-1,135
subsample_align,390,noisy_channel,2838586,243.4872304431303,,detected_misfiled,22,21
subsample_align,244,collision,2839588,181.0369878521221,-24.0,detected_misfiled,96,76
subsample_align,163,pair,2840011,125.91947053152896,,detected_misfiled,186,135
subsample_align,390,noisy_channel,2840686,268.54433102527923,,detected_misfiled,22,21
subsample_align,205,pair,2840986,126.81438475077819,,found,105,105
subsample_align,163,pair,2842111,113.29132292649464,,detected_misfiled,18,135
subsample_align,205,pair,2843086,144.39719641204786,,found,105,105
subsample_align,371,noisy_channel,2844286,146.96493030852812,,found,121,121
subsample_align,461,easy,2844886,167.22640810234503,,found,94,94
subsample_align,371,noisy_channel,2845411,143.1403501398213,,found,121,121
subsample_align,134,pair,2847511,116.93479653889835,,found,134,134
subsample_align,163,pair,2848186,143.382759165587,,detected_misfiled,34,135
subsample_align,440,easy,2848936,218.49099411166827,,found,85,85
subsample_align,292,collision,2849238,145.26735276183916,-5.0,found,172,172
subsample_align,134,pair,2851711,164.07096888567483,,detected_misfiled,58,134
subsample_align,163,pair,2852836,184.4945637976342,,detected_misfiled,148,135
subsample_align,205,pair,2855761,147.82596747306002,,detected_misfiled,106,105
subsample_align,205,pair,2858386,154.7159020670392,,detected_misfiled,29,105
subsample_align,270,collision,2858724,116.31142556662795,9.0,found,185,185
subsample_align,244,collision,2859872,159.00618877115423,17.0,detected_misfiled,114,76
subsample_align,440,easy,2860486,193.12381659397948,,found,85,85
subsample_align,413,easy,2861611,187.7747837807592,,found,51,51
subsample_align,186,pair,2861986,126.97247487444042,,not_detected,-1,103
subsample_align,440,easy,2862361,175.29072483784742,,found,85,85
subsample_align,163,pair,2863336,98.37361930347707,,not_detected,-1,135
subsample_align,328,noisy_channel,2863786,125.6197354427805,,detected_misfiled,105,38
subsample_align,440,easy,2865961,167.45050699683196,,found,85,85
subsample_align,413,easy,2866711,244.49689552319356,,found,51,51
subsample_align,461,easy,2867761,149.7043296970482,,found,94,94
subsample_align,390,noisy_channel,2869936,290.42808372573523,,detected_misfiled,22,21
subsample_align,186,pair,2870536,137.3073735605182,,detected_misfiled,76,103
subsample_align,134,pair,2871136,127.73840532511014,,found,134,134
subsample_align,163,pair,2872336,106.36810587433916,,detected_misfiled,42,135
subsample_align,244,collision,2873159,144.66506865885447,14.0,detected_misfiled,17,76
subsample_align,205,pair,2873311,161.36187884515886,,detected_misfiled,21,105
subsample_align,186,pair,2873836,134.69658502787786,,not_detected,-1,103
subsample_align,371,noisy_channel,2875936,159.9932308943194,,found,121,121
subsample_align,134,pair,2877436,104.85157002133042,,detected_misfiled,36,134
subsample_align,371,noisy_channel,2877661,142.5760245830555,,detected_misfiled,70,121
subsample_align,292,collision,2878372,118.09812247326121,-8.0,found,172,172
subsample_align,134,pair,2879386,165.48589883696366,,found,134,134
subsample_align,390,noisy_channel,2880286,250.78202417559874,,found,21,21
subsample_align,440,easy,2881711,201.9066893956399,,found,85,85
subsample_align,413,easy,2882011,239.22167246056512,,found,51,51
subsample_align,205,pair,2885761,131.61582732942213,,detected_misfiled,71,105
subsample_align,390,noisy_channel,2886511,230.5419465414725,,detected_misfiled,22,21
subsample_align,292,collision,2887912,101.87433268603507,-12.0,found,172,172
subsample_align,292,collision,2889595,118.94209115699087,-16.0,found,172,172
subsample_align,413,easy,2890636,202.2503144466042,,found,51,51
subsample_align,328,noisy_channel,2891161,141.90780122285472,,detected_misfiled,44,38
subsample_align,328,noisy_channel,2891386,228.48976039051104,,found,38,38
subsample_align,390,noisy_channel,2892136,176.05261117423944,,found,21,21
subsample_align,270,collision,2893861,119.21589166655995,-20.0,found,185,185
subsample_align,461,easy,2894611,133.9735815248883,,detected_misfiled,15,94
subsample_align,461,easy,2894761,197.2676215401321,,found,94,94
subsample_align,292,collision,2895657,183.9667899160803,-13.0,found,172,172
subsample_align,371,noisy_channel,2896861,128.3775851637526,,detected_misfiled,36,121
subsample_align,371,noisy_channel,2898136,162.61464474343876,,found,121,121
subsample_align,440,easy,2898961,253.6060193035368,,found,85,85
subsample_align,186,pair,2899411,107.8379397838086,,detected_misfiled,169,103
subsample_align,440,easy,2900236,143.39645689861518,,found,85,85
subsample_align,134,pair,2900386,134.29806308605015,,found,134,134
subsample_align,244,collision,2901875,185.63468227394878,8.0,found,76,76
subsample_align,413,easy,2902111,261.7909108715262,,found,51,51
subsample_align,461,easy,2902786,170.18047153667436,,found,94,94
subsample_align,413,easy,2903386,292.42096993545283,,found,51,51
subsample_align,390,noisy_channel,2903836,273.992474486064,,found,21,21
subsample_align,134,pair,2905186,121.20807902183228,,found,134,134
subsample_align,292,collision,2905767,146.4724926274878,-23.0,found,172,172
subsample_align,163,pair,2906536,112.87197109281828,,not_detected,-1,135
subsample_align,270,collision,2908073,98.32967095692965,22.0,found,185,185
subsample_align,371,noisy_channel,2909986,245.302680714205,,found,121,121
subsample_align,371,noisy_channel,2910511,144.97265076463768,,not_detected,-1,121
subsample_align,163,pair,2912911,162.76790696589265,,detected_misfiled,33,135
subsample_align,413,easy,2913511,140.68389541153093,,found,51,51
subsample_align,440,easy,2913961,268.2507821391469,,found,85,85
subsample_align,413,easy,2915086,178.09838662843225,,found,51,51
subsample_align,244,collision,2915322,132.31385564561663,-4.0,detected_misfiled,74,76
subsample_align,390,noisy_channel,2918386,220.26396844369475,,found,21,21
subsample_align,413,easy,2918911,126.80981444058061,,found,51,51
subsample_align,292,collision,2922459,132.85844927750856,-17.0,found,172,172
subsample_align,270,collision,2925034,103.21841710764653,12.0,found,185,185
subsample_align,371,noisy_channel,2925586,119.96148506152946,,found,121,121
subsample_align,413,easy,2925886,212.19499194643384,,found,51,51
subsample_align,440,easy,2927911,244.95850986068768,,found,85,85
subsample_align,390,noisy_channel,2928061,211.49413204950207,,found,21,21
subsample_align,371,noisy_channel,2929261,120.09805441678816,,found,121,121
subsample_align,461,easy,2930086,152.10201057897524,,found,94,94
subsample_align,292,collision,2930363,122.92821704555915,-13.0,found,172,172
subsample_align,440,easy,2931211,274.412730668563,,found,85,85
subsample_align,205,pair,2931361,93.88489009808296,,not_detected,-1,105
subsample_align,328,noisy_channel,2931811,137.7964982517728,,found,38,38
subsample_align,413,easy,2932186,159.23635023496405,,found,51,51
subsample_align,292,collision,2932741,95.15197761096357,-11.0,found,172,172
subsample_align,440,easy,2933836,255.0857210729925,,found,85,85
subsample_align,205,pair,2936461,176.38025402221731,,detected_misfiled,24,105
subsample_align,205,pair,2936761,130.600737526195,,not_detected,-1,105
subsample_align,205,pair,2938111,176.68861200214332,,found,105,105
subsample_align,292,collision,2938493,138.32547925006668,20.0,found,172,172
subsample_align,163,pair,2939386,112.20049027193221,,not_detected,-1,135
subsample_align,413,easy,2942086,219.28891210182863,,found,51,51
subsample_align,413,easy,2942611,243.3970407945494,,found,51,51
subsample_align,205,pair,2943436,140.4595617423456,,not_detected,-1,105
subsample_align,292,collision,2945315,140.35685789058502,-17.0,found,172,172
subsample_align,371,noisy_channel,2945761,124.87802114178496,,found,121,121
subsample_align,270,collision,2946615,87.40626375476837,-5.0,detected_misfiled,36,185
subsample_align,134,pair,2947186,130.25904344574704,,found,134,134
subsample_align,328,noisy_channel,2947411,98.19811058501591,,detected_misfiled,56,38
subsample_align,390,noisy_channel,2947861,175.107795987957,,found,21,21
subsample_align,461,easy,2948011,157.78165550028285,,detected_misfiled,192,94
subsample_align,390,noisy_channel,2950861,195.04819616183158,,detected_misfiled,22,21
subsample_align,328,noisy_channel,2952661,95.82014589285552,,found,38,38
subsample_align,390,noisy_channel,2953486,301.3651636083285,,detected_misfiled,22,21
subsample_align,186,pair,2954236,86.92375935913837,,detected_misfiled,100,103
subsample_align,134,pair,2954836,185.09899180250642,,found,134,134
subsample_align,205,pair,2955811,145.2520073848168,,detected_misfiled,106,105
subsample_align,413,easy,2956336,228.7724758159194,,found,51,51
subsample_align,205,pair,2957086,127.89987153912854,,detected_misfiled,20,105
subsample_align,461,easy,2957236,189.02912622018405,,found,94,94
subsample_align,390,noisy_channel,2957761,221.44761187967788,,found,21,21
subsample_align,371,noisy_channel,2958286,118.0595532675232,,found,121,121
subsample_align,205,pair,2958586,191.36407674636044,,detected_misfiled,111,105
subsample_align,244,collision,2959889,163.34311118551682,23.0,detected_misfiled,8,76
subsample_align,328,noisy_channel,2962111,95.13977062514161,,found,38,38
subsample_align,186,pair,2962711,502.91722482759894,,detected_misfiled,101,103
subsample_align,390,noisy_channel,2963461,267.41538383180665,,detected_misfiled,131,21
subsample_align,134,pair,2963836,150.20895690137775,,found,134,134
subsample_align,328,noisy_channel,2964061,178.28547319983858,,found,38,38
subsample_align,292,collision,2964287,129.8217012922138,14.0,found,172,172
subsample_align,461,easy,2964586,189.78013933241556,,found,94,94
subsample_align,270,collision,2964805,130.45094878250995,22.0,detected_misfiled,167,185
subsample_align,186,pair,2965861,130.71494373700529,,found,103,103
subsample_align,205,pair,2966086,116.35510021334424,,found,105,105
subsample_align,328,noisy_channel,2966536,119.21425447547688,,detected_misfiled,39,38
subsample_align,390,noisy_channel,2967436,205.8344137473331,,detected_misfiled,22,21
subsample_align,328,noisy_channel,2969386,142.61711603707099,,detected_misfiled,194,38
subsample_align,292,collision,2969649,146.36171464788436,19.0,detected_misfiled,141,172
subsample_align,390,noisy_channel,2970511,250.1322357023135,,found,21,21
subsample_align,134,pair,2971336,193.37459642034537,,found,134,134
subsample_align,205,pair,2971486,129.78796683560117,,found,105,105
subsample_align,413,easy,2972161,194.78663507975864,,detected_misfiled,0,51
subsample_align,163,pair,2973436,143.7920674664545,,found,135,135
subsample_align,413,easy,2974036,170.47265984216563,,found,51,51
subsample_align,205,pair,2975611,149.74136632925828,,detected_misfiled,106,105
subsample_align,440,easy,2977411,272.3428141131198,,found,85,85
subsample_align,461,easy,2979736,207.84824706350523,,not_detected,-1,94
subsample_align,440,easy,2980186,269.4498568741592,,found,85,85
subsample_align,186,pair,2980636,71.792151771163,,detected_misfiled,17,103
subsample_align,134,pair,2983411,92.38051586854472,,found,134,134
subsample_align,440,easy,2985736,228.9873775704967,,found,85,85
subsample_align,205,pair,2986486,115.31193549060677,,detected_misfiled,171,105
subsample_align,440,easy,2986861,297.65117961766174,,found,85,85
subsample_align,390,noisy_channel,2989111,275.2733184676722,,found,21,21
subsample_align,371,noisy_channel,2989261,135.3781890427042,,found,121,121
subsample_align,205,pair,2990911,177.9893414037858,,found,105,105
subsample_align,413,easy,2991211,226.90833122758468,,found,51,51
subsample_align,390,noisy_channel,2991436,170.3827050127362,,found,21,21
subsample_align,292,collision,2991920,111.56174632737552,14.0,found,172,172
subsample_align,328,noisy_channel,2992411,121.63192513745884,,detected_misfiled,64,38
subsample_align,292,collision,2992724,142.37404664147533,-15.0,found,172,172
subsample_align,163,pair,2993086,112.42768342060765,,detected_misfiled,112,135
subsample_align,371,noisy_channel,2994661,373.4666690120165,,detected_misfiled,117,121
subsample_align,134,pair,2997286,104.8647308793681,,found,134,134
subsample_align,390,noisy_channel,2999086,212.34017779269124,,detected_misfiled,123,21
subsample_align,371,noisy_channel,2999461,152.32465837347019,,found,121,121
subsample_align,413,easy,2999686,219.74178301558032,,found,51,51
subsample_align,390,noisy_channel,3000436,224.35518688919348,,found,21,21
subsample_align,270,collision,3000850,116.77084493349771,-7.0,detected_misfiled,189,185
subsample_align,205,pair,3001786,152.21326062654424,,detected_misfiled,107,105
subsample_align,244,collision,3002844,115.91597393581694,15.0,detected_misfiled,133,76
subsample_align,371,noisy_channel,3003136,109.40254883361735,,found,121,121
subsample_align,270,collision,3005106,122.56907542613024,14.0,detected_misfiled,64,185
subsample_align,270,collision,3006034,155.91712465458477,7.0,found,185,185
subsample_align,134,pair,3006511,136.56337647060911,,found,134,134
subsample_align,292,collision,3008544,131.57985205846774,24.0,found,172,172
subsample_align,461,easy,3009361,159.48534477305685,,detected_misfiled,196,94
subsample_align,390,noisy_channel,3011011,215.90165891156394,,found,21,21
subsample_align,163,pair,3011161,122.05179226675058,,detected_misfiled,157,135
subsample_align,292,collision,3012204,146.54034411770334,12.0,found,172,172
subsample_align,440,easy,3012811,206.68507920262707,,found,85,85
subsample_align,292,collision,3013619,134.216172206944,-7.0,found,172,172
subsample_align,186,pair,3014461,143.8587260105703,,detected_misfiled,47,103
subsample_align,390,noisy_channel,3016486,256.663687078596,,found,21,21
subsample_align,292,collision,3017261,142.8836414245427,-12.0,found,172,172
subsample_align,163,pair,3017461,138.3607222513263,,detected_misfiled,99,135
subsample_align,163,pair,3017836,142.6638146012482,,detected_misfiled,117,135
subsample_align,413,easy,3018661,210.35155253058377,,found,51,51
subsample_align,270,collision,3019854,210.62968244179012,20.0,found,185,185
subsample_align,328,noisy_channel,3020311,107.76660291631441,,detected_misfiled,167,38
subsample_align,371,noisy_channel,3020611,142.98612214417227,,found,121,121
subsample_align,163,pair,3020911,109.77747888686237,,detected_misfiled,34,135
subsample_align,163,pair,3021511,141.28656797503214,,detected_misfiled,199,135
subsample_align,292,collision,3021990,128.76829316587822,23.0,found,172,172
subsample_align,371,noisy_channel,3023911,99.5441545196565,,detected_misfiled,199,121
subsample_align,292,collision,3026013,99.02469645399034,-18.0,found,172,172
subsample_align,461,easy,3026236,220.47661920282826,,found,94,94
subsample_align,186,pair,3026386,93.11756469232148,,detected_misfiled,106,103
subsample_align,413,easy,3026611,147.77729389248887,,found,51,51
subsample_align,186,pair,3028411,105.14670975487223,,detected_misfiled,106,103
subsample_align,371,noisy_channel,3028636,129.1834454877027,,found,121,121
subsample_align,134,pair,3029461,130.46699398166936,,found,134,134
subsample_align,328,noisy_channel,3030211,160.08743338885546,,found,38,38
subsample_align,292,collision,3030380,117.1196356918451,14.0,found,172,172
subsample_align,440,easy,3030661,265.00891486969215,,found,85,85
subsample_align,390,noisy_channel,3031861,256.2353591658465,,found,21,21
subsample_align,371,noisy_channel,3034636,123.20276261526364,,found,121,121
subsample_align,244,collision,3037098,86.94143400750878,8.0,detected_misfiled,54,76
subsample_align,461,easy,3037786,125.92347680004795,,found,94,94
subsample_align,440,easy,3038536,239.36190296381088,,detected_misfiled,117,85
subsample_align,163,pair,3038761,146.8828033643395,,detected_misfiled,136,135
subsample_align,205,pair,3041086,151.0592962004455,,detected_misfiled,114,105
subsample_align,390,noisy_channel,3041236,255.87095173247081,,found,21,21
subsample_align,270,collision,3044536,155.12121766814045,21.0,found,185,185
subsample_align,186,pair,3045886,66.15671203585444,,detected_misfiled,125,103
subsample_align,461,easy,3046261,199.5633942177868,,found,94,94
subsample_align,461,easy,3048886,143.3786719213478,,detected_misfiled,21,94
subsample_align,186,pair,3049186,112.07468015346267,,detected_misfiled,31,103
subsample_align,440,easy,3049786,229.76287727482958,,detected_misfiled,194,85
subsample_align,163,pair,3050236,109.42373620287827,,detected_misfiled,137,135
subsample_align,461,easy,3052036,176.14858618220677,,detected_misfiled,28,94
subsample_align,413,easy,3052186,124.69623030241321,,found,51,51
subsample_align,270,collision,3052379,98.32324588179831,9.0,found,185,185
subsample_align,205,pair,3052786,157.74615849169385,,detected_misfiled,101,105
subsample_align,440,easy,3053086,211.0362654777457,,found,85,85
subsample_align,244,collision,3053293,178.25075251661997,-13.0,found,76,76
subsample_align,134,pair,3058036,223.02826493263623,,found,134,134
subsample_align,440,easy,3058261,289.4554759370152,,found,85,85
subsample_align,134,pair,3059911,123.40181609441706,,found,134,134
subsample_align,440,easy,3061411,303.02106747212883,,found,85,85
subsample_align,371,noisy_channel,3061861,138.7264291948337,,found,121,121
subsample_align,163,pair,3064561,117.24536272420751,,detected_misfiled,125,135
subsample_align,440,easy,3064711,226.98365450935484,,found,85,85
subsample_align,134,pair,3066436,137.14903424658843,,detected_misfiled,8,134
subsample_align,163,pair,3066736,128.72068275085127,,detected_misfiled,69,135
subsample_align,244,collision,3069110,179.4119762863555,9.0,detected_misfiled,17,76
subsample_align,371,noisy_channel,3069361,163.08818361811387,,found,121,121
subsample_align,244,collision,3070364,177.63316456259383,-4.0,found,76,76
subsample_align,163,pair,3071611,124.70454107011379,,detected_misfiled,89,135
subsample_align,205,pair,3072886,180.6945998156204,,found,105,105
subsample_align,328,noisy_channel,3074311,170.22000817880985,,found,38,38
subsample_align,328,noisy_channel,3076861,104.2893712062168,,found,38,38
subsample_align,163,pair,3077161,143.74654594407008,,detected_misfiled,114,135
subsample_align,371,noisy_channel,3077386,87.46946837499178,,found,121,121
subsample_align,186,pair,3079186,90.39573490445231,,detected_misfiled,36,103
subsample_align,440,easy,3080161,254.34556522865876,,found,85,85
subsample_align,134,pair,3082261,102.40712656971589,,found,134,134
subsample_align,244,collision,3082883,153.04120529516484,-6.0,detected_misfiled,75,76
subsample_align,134,pair,3083311,102.8243421343343,,found,134,134
subsample_align,134,pair,3083686,96.16769264788968,,found,134,134
subsample_align,270,collision,3084289,191.07750345892973,12.0,detected_misfiled,121,185
subsample_align,328,noisy_channel,3085561,113.86813662129262,,found,38,38
subsample_align,244,collision,3086334,118.95208407663841,-20.0,detected_misfiled,36,76
subsample_align,292,collision,3088702,148.7170164991688,-15.0,found,172,172
subsample_align,371,noisy_channel,3089611,208.06747659527005,,detected_misfiled,117,121
subsample_align,371,noisy_channel,3089836,115.36280904710549,,not_detected,-1,121
subsample_align,328,noisy_channel,3090136,160.13409786471817,,detected_misfiled,199,38
subsample_align,186,pair,3091186,115.18893386053749,,detected_misfiled,152,103
subsample_align,371,noisy_channel,3091711,104.89252313903424,,found,121,121
subsample_align,244,collision,3092066,170.03726669466926,-24.0,not_detected,-1,76
subsample_align,163,pair,3092311,151.3691480565667,,not_detected,-1,135
subsample_align,328,noisy_channel,3093811,132.2011057876498,,found,38,38
subsample_align,440,easy,3094111,224.35608473173522,,found,85,85
subsample_align,371,noisy_channel,3095086,145.4173411564133,,detected_misfiled,164,121
subsample_align,163,pair,3095386,107.47745732800014,,detected_misfiled,143,135
subsample_align,205,pair,3097261,146.1272425437091,,detected_misfiled,7,105
subsample_align,163,pair,3097486,173.5951497602333,,detected_misfiled,39,135
subsample_align,270,collision,3098350,124.11577889344929,20.0,found,185,185
subsample_align,390,noisy_channel,3100636,178.66377249137358,,detected_misfiled,119,21
subsample_align,440,easy,3101986,246.45196453231898,,found,85,85
subsample_align,440,easy,3102211,269.2991852376897,,found,85,85
subsample_align,371,noisy_channel,3104536,109.3055876377185,,found,121,121
subsample_align,440,easy,3106186,284.0758228376535,,found,85,85
subsample_align,186,pair,3106561,124.38677023871543,,not_detected,-1,103
subsample_align,186,pair,3106861,97.80830865150287,,not_detected,-1,103
subsample_align,292,collision,3107050,129.42247631088475,15.0,found,172,172
subsample_align,186,pair,3107461,82.97053078574177,,found,103,103
subsample_align,413,easy,3108736,183.57599805919517,,detected_misfiled,170,51
subsample_align,163,pair,3110236,146.2518080759554,,detected_misfiled,112,135
subsample_align,205,pair,3111361,152.3791357523095,,not_detected,-1,105
subsample_align,390,noisy_channel,3112936,215.82524730041345,,found,21,21
subsample_align,186,pair,3114286,108.27497450285709,,detected_misfiled,34,103
subsample_align,390,noisy_channel,3114661,259.40740210019806,,found,21,21
subsample_align,205,pair,3114886,153.60861087078783,,found,105,105
subsample_align,270,collision,3115089,170.03085542714607,20.0,found,185,185
subsample_align,461,easy,3115486,153.2033885532593,,found,94,94
subsample_align,390,noisy_channel,3115636,279.76330676701986,,detected_misfiled,22,21
subsample_align,244,collision,3116265,142.7212920939475,-24.0,detected_misfiled,14,76
subsample_align,134,pair,3118186,165.6475419171337,,found,134,134
subsample_align,270,collision,3118398,178.2034541597435,4.0,detected_misfiled,25,185
subsample_align,413,easy,3120211,258.91313666284856,,found,51,51
subsample_align,134,pair,3120436,109.1852694490762,,found,134,134
subsample_align,413,easy,3122686,139.51397390609975,,found,51,51
subsample_align,440,easy,3123586,236.64362098084737,,found,85,85
subsample_align,244,collision,3125015,139.89054529053232,-13.0,detected_misfiled,118,76
subsample_align,134,pair,3125236,129.82699690837183,,found,134,134
subsample_align,461,easy,3125461,174.25358988529052,,found,94,94
subsample_align,134,pair,3126886,123.25837860556362,,found,134,134
subsample_align,371,noisy_channel,3127336,114.11524240864954,,detected_misfiled,141,121
subsample_align,186,pair,3129061,97.44547562637104,,detected_misfiled,18,103
subsample_align,186,pair,3132061,101.88385626411278,,not_detected,-1,103
subsample_align,244,collision,3133225,186.16234351923237,-17.0,found,76,76
subsample_align,244,collision,3133587,102.27831752074178,15.0,detected_misfiled,175,76
subsample_align,134,pair,3133861,99.2491075275888,,found,134,134
subsample_align,134,pair,3134011,99.27208779890645,,found,134,134
subsample_align,440,easy,3134236,284.7875401901027,,found,85,85
subsample_align,205,pair,3135511,121.32595261834095,,detected_misfiled,148,105
subsample_align,440,easy,3135736,304.6758712002905,,found,85,85
subsample_align,328,noisy_channel,3136486,141.94472292964255,,found,38,38
subsample_align,270,collision,3138047,98.34086106776255,-20.0,detected_misfiled,121,185
subsample_align,413,easy,3138586,223.98653903757503,,detected_misfiled,129,51
subsample_align,134,pair,3140011,114.74372342493155,,found,134,134
subsample_align,270,collision,3140788,158.86717236971987,20.0,detected_misfiled,60,185
subsample_align,413,easy,3141511,254.73103563118048,,found,51,51
subsample_align,163,pair,3141811,118.13972679315948,,detected_misfiled,29,135
subsample_align,205,pair,3142786,141.2531695592145,,found,105,105
subsample_align,186,pair,3143611,103.17579649647733,,detected_misfiled,107,103
subsample_align,134,pair,3145111,83.1387884693037,,found,134,134
subsample_align,390,noisy_channel,3145336,210.3796091756766,,found,21,21
subsample_align,390,noisy_channel,3145486,199.68265363200294,,found,21,21
subsample_align,371,noisy_channel,3147061,113.35736961087832,,found,121,121
subsample_align,328,noisy_channel,3147361,118.10407058465293,,found,38,38
subsample_align,390,noisy_channel,3149386,219.20691482418022,,detected_misfiled,22,21
subsample_align,461,easy,3150286,181.90192493308143,,found,94,94
subsample_align,292,collision,3150496,134.21352523291495,-7.0,found,172,172
subsample_align,328,noisy_channel,3151111,206.86682247941135,,found,38,38
subsample_align,440,easy,3151336,310.0044046662284,,detected_misfiled,143,85
subsample_align,413,easy,3152161,260.112769745931,,found,51,51
subsample_align,390,noisy_channel,3152611,226.2191818157367,,found,21,21
subsample_align,413,easy,3152911,160.17620622040442,,detected_misfiled,18,51
subsample_align,270,collision,3153658,95.96284316463152,-16.0,detected_misfiled,28,185
subsample_align,244,collision,3154717,216.57977834173408,10.0,found,76,76
subsample_align,270,collision,3156221,91.58173982789717,-6.0,detected_misfiled,115,185
subsample_align,186,pair,3156736,112.22413722674801,,detected_misfiled,154,103
subsample_align,328,noisy_channel,3156886,136.25662120555143,,found,38,38
subsample_align,371,noisy_channel,3161611,158.00250417494698,,detected_misfiled,52,121
subsample_align,134,pair,3162661,187.0326145626795,,found,134,134
subsample_align,328,noisy_channel,3163111,121.40156045669076,,found,38,38
subsample_align,163,pair,3163786,114.3438126230931,,detected_misfiled,119,135
subsample_align,371,noisy_channel,3167086,138.0697239620061,,found,121,121
subsample_align,163,pair,3167386,123.89969834863066,,not_detected,-1,135
subsample_align,413,easy,3168061,228.7995464319947,,found,51,51
subsample_align,134,pair,3170761,135.43454685643522,,found,134,134
subsample_align,371,noisy_channel,3171286,115.97594306307889,,found,121,121
subsample_align,390,noisy_channel,3172861,267.087075488499,,found,21,21
subsample_align,186,pair,3173086,116.9931125495865,,detected_misfiled,39,103
subsample_align,461,easy,3174961,138.5973023388301,,found,94,94
subsample_align,461,easy,3176311,141.88690437139792,,detected_misfiled,34,94
subsample_align,328,noisy_channel,3177361,117.57009454222268,,not_detected,-1,38
subsample_align,371,noisy_channel,3178036,102.61282930606674,,detected_misfiled,75,121
subsample_align,413,easy,3178336,215.36800258910813,,found,51,51
subsample_align,461,easy,3179386,198.19452075793066,,found,94,94
subsample_align,371,noisy_channel,3179836,142.97324374636187,,detected_misfiled,102,121
subsample_align,371,noisy_channel,3181036,124.74891821898589,,detected_misfiled,14,121
subsample_align,328,noisy_channel,3181486,121.94278733781675,,detected_misfiled,9,38
subsample_align,413,easy,3182536,207.46095945043385,,found,51,51
subsample_align,163,pair,3183361,128.47475193697744,,detected_misfiled,18,135
subsample_align,134,pair,3183586,160.4739225947763,,found,134,134
subsample_align,134,pair,3185836,149.55607024313542,,found,134,134
subsample_align,390,noisy_channel,3186136,225.45081660410517,,found,21,21
subsample_align,440,easy,3186361,234.62515649394282,,found,85,85
subsample_align,440,easy,3187261,198.9353158916052,,found,85,85
subsample_align,461,easy,3187411,246.92482826887806,,found,94,94
subsample_align,328,noisy_channel,3188761,186.487614665708,,found,38,38
subsample_align,390,noisy_channel,3188911,228.460574419014,,detected_misfiled,22,21
subsample_align,413,easy,3190036,176.06883780245153,,found,51,51
subsample_align,244,collision,3194998,188.5042240034051,-18.0,detected_misfiled,67,76
subsample_align,461,easy,3198436,175.58357033475795,,detected_misfiled,17,94
subsample_align,244,collision,3199300,172.01277513961725,-24.0,detected_misfiled,4,76
subsample_align,163,pair,3200761,137.3219579198658,,found,135,135
subsample_align,328,noisy_channel,3201136,115.05012249007584,,found,38,38
subsample_align,390,noisy_channel,3202411,232.66573173004133,,found,21,21
subsample_align,371,noisy_channel,3203236,164.02888577721512,,found,121,121
subsample_align,328,noisy_channel,3204961,199.6840258607428,,found,38,38
subsample_align,163,pair,3205411,135.96429825849526,,detected_misfiled,155,135
subsample_align,270,collision,3207529,124.7154528211295,-15.0,detected_misfiled,71,185
subsample_align,270,collision,3209648,149.4644203303527,-8.0,found,185,185
subsample_align,461,easy,3210061,150.17579359465327,,found,94,94
subsample_align,292,collision,3210266,152.7877363818322,20.0,found,172,172
subsample_align,134,pair,3211336,161.3454037010676,,found,134,134
subsample_align,134,pair,3212836,101.88174591526057,,detected_misfiled,129,134
subsample_align,440,easy,3213061,201.2996938625056,,found,85,85
subsample_align,244,collision,3213335,140.2166248198574,14.0,detected_misfiled,143,76
subsample_align,244,collision,3219439,133.88423239474827,10.0,detected_misfiled,34,76
subsample_align,461,easy,3220411,106.66239597309453,,not_detected,-1,94
subsample_align,186,pair,3220636,64.5115330432439,,detected_misfiled,123,103
subsample_align,371,noisy_channel,3221086,122.37227146025974,,detected_misfiled,199,121
subsample_align,390,noisy_channel,3221986,256.90000923042334,,detected_misfiled,22,21
subsample_align,163,pair,3222436,127.97203807363599,,detected_misfiled,119,135
subsample_align,270,collision,3223409,129.77779977723395,-19.0,found,185,185
subsample_align,413,easy,3224311,227.84054749841903,,found,51,51
subsample_align,413,easy,3227986,210.50516207323537,,found,51,51
subsample_align,461,easy,3228211,151.63758997035214,,found,94,94
subsample_align,371,noisy_channel,3231286,144.8318457234769,,found,121,121
subsample_align,328,noisy_channel,3232786,98.04306224893074,,found,38,38
subsample_align,328,noisy_channel,3234436,101.64402248657194,,detected_misfiled,89,38
subsample_align,461,easy,3234811,183.56254092710788,,found,94,94
subsample_align,163,pair,3236161,170.88987140137516,,detected_misfiled,119,135
subsample_align,205,pair,3237736,119.71487528931539,,detected_misfiled,143,105
subsample_align,328,noisy_channel,3239236,154.79947599869925,,found,38,38
subsample_align,205,pair,3239611,116.17800168161587,,detected_misfiled,112,105
subsample_align,205,pair,3240136,156.4755594693363,,detected_misfiled,135,105
subsample_align,371,noisy_channel,3240436,110.2034390071018,,found,121,121
subsample_align,163,pair,3245161,126.439743824631,,detected_misfiled,153,135
subsample_align,461,easy,3245611,182.02547745635025,,detected_misfiled,114,94
subsample_align,440,easy,3245836,199.54735545063656,,found,85,85
subsample_align,186,pair,3246736,97.00169638326553,,detected_misfiled,104,103
subsample_align,328,noisy_channel,3247111,137.54634519066428,,detected_misfiled,40,38
subsample_align,413,easy,3249436,169.60800366740284,,found,51,51
subsample_align,413,easy,3250186,216.60755261669027,,found,51,51
subsample_align,440,easy,3251536,234.0653823478719,,found,85,85
subsample_align,390,noisy_channel,3254986,277.2231270437357,,found,21,21
subsample_align,205,pair,3255661,230.60144930631716,,found,105,105
subsample_align,390,noisy_channel,3255811,273.94009830742186,,detected_misfiled,22,21
subsample_align,328,noisy_channel,3256711,141.70319872226577,,found,38,38
subsample_align,461,easy,3257086,185.37663784693498,,found,94,94
subsample_align,413,easy,3257986,182.42190425750215,,found,51,51
subsample_align,461,easy,3260686,149.87090991948952,,found,94,94
subsample_align,163,pair,3261361,255.100513752023,,found,135,135
subsample_align,461,easy,3261961,158.31220792423505,,detected_misfiled,20,94
subsample_align,328,noisy_channel,3262186,195.09767216041286,,found,38,38
subsample_align,134,pair,3270436,165.7521218931185,,found,134,134
subsample_align,371,noisy_channel,3270586,92.13179325673808,,found,121,121
subsample_align,461,easy,3270736,186.64637872497855,,found,94,94
subsample_align,163,pair,3271636,131.75728842363125,,detected_misfiled,45,135
subsample_align,163,pair,3272986,135.31390410380044,,not_detected,-1,135
subsample_align,328,noisy_channel,3273211,150.90065496021361,,detected_misfiled,199,38
subsample_align,186,pair,3273961,115.10176830129254,,detected_misfiled,196,103
subsample_align,328,noisy_channel,3274861,101.91042647681286,,detected_misfiled,37,38
subsample_align,371,noisy_channel,3277486,117.4045601806724,,found,121,121
subsample_align,244,collision,3277827,171.98260558209262,-12.0,found,76,76
subsample_align,163,pair,3281686,126.79048975926624,,detected_misfiled,54,135
subsample_align,186,pair,3281986,97.60756437853746,,found,103,103
subsample_align,186,pair,3282661,94.70136484241182,,detected_misfiled,99,103
subsample_align,163,pair,3284161,130.70240971605918,,found,135,135
subsample_align,413,easy,3285586,202.05826372527162,,found,51,51
subsample_align,328,noisy_channel,3286186,163.86774825309323,,detected_misfiled,67,38
subsample_align,461,easy,3287236,193.60287976251897,,found,94,94
subsample_align,134,pair,3291511,199.6701420659333,,found,134,134
subsample_align,205,pair,3292861,128.2140864725804,,detected_misfiled,156,105
subsample_align,371,noisy_channel,3294436,108.7232431699884,,not_detected,-1,121
subsample_align,134,pair,3295111,144.78587652008594,,found,134,134
subsample_align,371,noisy_channel,3295411,128.0881650405412,,found,121,121
subsample_align,390,noisy_channel,3296611,231.06479618635848,,found,21,21
subsample_align,134,pair,3296911,117.19948070535736,,found,134,134
subsample_align,440,easy,3297211,333.9986676792036,,found,85,85
subsample_align,371,noisy_channel,3297886,142.38380406480968,,found,121,121
subsample_align,186,pair,3298561,122.8251515120854,,found,103,103
subsample_align,186,pair,3298786,116.20447459807147,,detected_misfiled,136,103
subsample_align,390,noisy_channel,3303886,263.7864189909957,,detected_misfiled,22,21
subsample_align,440,easy,3305236,207.06584211477494,,found,85,85
subsample_align,371,noisy_channel,3305611,145.2815275030654,,found,121,121
subsample_align,163,pair,3306286,151.23187994765073,,found,135,135
subsample_align,186,pair,3306436,92.98964932391232,,detected_misfiled,74,103
subsample_align,440,easy,3306961,250.2298332114416,,found,85,85
subsample_align,461,easy,3307861,142.75336076207395,,found,94,94
subsample_align,163,pair,3308536,132.38697821865617,,detected_misfiled,151,135
subsample_align,270,collision,3309163,145.80241193661348,6.0,detected_misfiled,141,185
subsample_align,328,noisy_channel,3310486,149.50132452702005,,found,38,38
subsample_align,244,collision,3311643,230.905419794858,17.0,detected_misfiled,143,76
subsample_align,163,pair,3312361,122.8200786263853,,detected_misfiled,117,135
subsample_align,413,easy,3313186,169.2800947221415,,found,51,51
subsample_align,440,easy,3313861,165.2357540828525,,found,85,85
subsample_align,134,pair,3315136,115.69175233997612,,found,134,134
subsample_align,390,noisy_channel,3315811,224.92098808380564,,found,21,21
subsample_align,292,collision,3316780,107.8558144292039,-10.0,found,172,172
subsample_align,244,collision,3317664,181.3087177606326,17.0,detected_misfiled,105,76
subsample_align,413,easy,3318436,271.1884811188726,,found,51,51
subsample_align,244,collision,3319106,138.70166868156667,-15.0,found,76,76
subsample_align,390,noisy_channel,3319636,186.6330947409569,,found,21,21
subsample_align,413,easy,3319786,194.42103570958562,,detected_misfiled,136,51
subsample_align,371,noisy_channel,3320536,141.51358091117265,,found,121,121
subsample_align,163,pair,3322561,92.06358846802644,,detected_misfiled,199,135
subsample_align,413,easy,3323086,170.30856391837887,,found,51,51
subsample_align,390,noisy_channel,3323311,231.62556678811794,,detected_misfiled,22,21
subsample_align,390,noisy_channel,3323536,247.57473364110928,,detected_misfiled,22,21
subsample_align,244,collision,3323823,151.58803368040623,-18.0,detected_misfiled,118,76
subsample_align,163,pair,3325261,158.01474973874988,,detected_misfiled,39,135
subsample_align,461,easy,3328411,119.89673710722431,,detected_misfiled,123,94
subsample_align,134,pair,3332236,154.74013462485527,,found,134,134
subsample_align,270,collision,3332575,101.28851842905702,8.0,found,185,185
subsample_align,244,collision,3333177,237.67034993492035,21.0,not_detected,-1,76
subsample_align,413,easy,3334486,214.36537493837136,,found,51,51
subsample_align,134,pair,3337111,168.65585088191116,,found,134,134
subsample_align,163,pair,3338086,140.19805756286001,,detected_misfiled,23,135
subsample_align,371,noisy_channel,3338536,168.0067895946574,,detected_misfiled,36,121
subsample_align,413,easy,3338911,277.9072425163273,,detected_misfiled,195,51
subsample_align,244,collision,3339650,208.51085811549797,18.0,found,76,76
subsample_align,205,pair,3339886,171.67025594700772,,found,105,105
subsample_align,461,easy,3341161,144.64930882882925,,found,94,94
subsample_align,134,pair,3341311,113.74165206651388,,found,134,134
subsample_align,328,noisy_channel,3341686,128.0453362118412,,found,38,38
subsample_align,134,pair,3342736,99.70218905821565,,found,134,134
subsample_align,371,noisy_channel,3343486,128.41369399653317,,not_detected,-1,121
subsample_align,390,noisy_channel,3345961,214.8193247501482,,detected_misfiled,22,21
subsample_align,270,collision,3346357,138.2909985322417,-7.0,found,185,185
subsample_align,461,easy,3347236,194.57195383743277,,found,94,94
subsample_align,134,pair,3347986,79.36139215655353,,found,134,134
subsample_align,328,noisy_channel,3348361,165.14694832349886,,found,38,38
subsample_align,440,easy,3349261,248.93524367091464,,found,85,85
subsample_align,440,easy,3349936,252.4380285786263,,found,85,85
subsample_align,461,easy,3350986,129.5068253584575,,detected_misfiled,34,94
subsample_align,244,collision,3351479,140.208984494152,-23.0,detected_misfiled,194,76
subsample_align,292,collision,3354992,115.18178297726038,-23.0,found,172,172
subsample_align,186,pair,3355261,82.3219874176952,,found,103,103
subsample_align,292,collision,3357403,114.38618331978255,-18.0,found,172,172
subsample_align,461,easy,3358111,160.60322180444217,,found,94,94
subsample_align,371,noisy_channel,3360136,146.59521722871523,,found,121,121
subsample_align,205,pair,3362086,137.54597631798987,,found,105,105
subsample_align,371,noisy_channel,3362536,108.51019382871768,,found,121,121
subsample_align,163,pair,3362761,111.3859939174914,,found,135,135
subsample_align,328,noisy_channel,3363136,127.04392114283304,,found,38,38
subsample_align,244,collision,3365135,236.57063536111605,-12.0,detected_misfiled,80,76
subsample_align,292,collision,3365543,137.86395806660843,-11.0,found,172,172
subsample_align,371,noisy_channel,3367186,124.21899859696519,,not_detected,-1,121
subsample_align,270,collision,3367447,121.21403241540034,4.0,detected_misfiled,183,185
subsample_align,205,pair,3368536,119.33563538109354,,found,105,105
subsample_align,461,easy,3368986,142.14499744200418,,detected_misfiled,141,94
subsample_align,205,pair,3369886,129.53354572172407,,not_detected,-1,105
subsample_align,413,easy,3370561,197.10858302151047,,found,51,51
subsample_align,292,collision,3370990,121.32480133819628,-6.0,found,172,172
subsample_align,244,collision,3373776,175.34127009674745,16.0,detected_misfiled,9,76
subsample_align,292,collision,3374293,198.23847193482555,19.0,found,172,172
subsample_align,163,pair,3374611,110.72452177163296,,detected_misfiled,64,135
subsample_align,461,easy,3374911,199.61225556297737,,found,94,94
subsample_align,328,noisy_channel,3376786,115.83585433945859,,found,38,38
subsample_align,244,collision,3377739,130.6834826870405,9.0,detected_misfiled,75,76
subsample_align,205,pair,3381811,183.7724250679757,,found,105,105
subsample_align,390,noisy_channel,3382636,265.08295536873715,,detected_misfiled,22,21
subsample_align,163,pair,3383611,133.95060878593466,,not_detected,-1,135
subsample_align,371,noisy_channel,3384511,183.27934928328096,,found,121,121
subsample_align,244,collision,3385273,244.2288419823135,-10.0,found,76,76
subsample_align,205,pair,3386911,158.91454941147555,,found,105,105
subsample_align,244,collision,3387767,115.10316545115555,4.0,found,76,76
subsample_align,163,pair,3389536,191.99653146074655,,detected_misfiled,21,135
subsample_align,328,noisy_channel,3389986,101.73936284211925,,found,38,38
subsample_align,186,pair,3390661,86.68069705991603,,detected_misfiled,46,103
subsample_align,440,easy,3391336,188.27488725498998,,detected_misfiled,76,85
subsample_align,163,pair,3393061,140.82993705787788,,not_detected,-1,135
subsample_align,205,pair,3394861,124.98431022012505,,detected_misfiled,24,105
subsample_align,413,easy,3395311,161.7491690266905,,found,51,51
subsample_align,440,easy,3395461,203.15510343520913,,found,85,85
subsample_align,371,noisy_channel,3396961,115.09620702783609,,found,121,121
subsample_align,390,noisy_channel,3398311,242.47166698879818,,detected_misfiled,22,21
subsample_align,371,noisy_channel,3400861,128.94538329552424,,found,121,121
subsample_align,440,easy,3401461,241.1922266895607,,found,85,85
subsample_align,328,noisy_channel,3401611,129.9918927685911,,found,38,38
subsample_align,134,pair,3407386,147.21441546051412,,found,134,134
subsample_align,371,noisy_channel,3408361,172.46704091987192,,detected_misfiled,45,121
subsample_align,461,easy,3408586,162.93929938685264,,detected_misfiled,95,94
subsample_align,134,pair,3408736,143.48528139008178,,found,134,134
subsample_align,205,pair,3410086,168.598241474244,,detected_misfiled,196,105
subsample_align,440,easy,3411586,216.9478413949331,,found,85,85
subsample_align,244,collision,3412087,125.75845482499861,12.0,not_detected,-1,76
subsample_align,292,collision,3417299,117.1719115414181,19.0,found,172,172
subsample_align,461,easy,3418861,170.3093896650338,,found,94,94
subsample_align,292,collision,3419426,143.1999985238978,22.0,found,172,172
subsample_align,371,noisy_channel,3421486,200.23397886614816,,found,121,121
subsample_align,186,pair,3422011,86.02974077859375,,detected_misfiled,15,103
subsample_align,205,pair,3422236,191.33429847877144,,detected_misfiled,103,105
subsample_align,244,collision,3426408,147.04416526019628,-17.0,not_detected,-1,76
subsample_align,440,easy,3431011,202.85068344284656,,found,85,85
subsample_align,292,collision,3433276,104.65781495667946,-4.0,found,172,172
subsample_align,440,easy,3434011,196.80523536043592,,found,85,85
subsample_align,163,pair,3434686,118.13469925772186,,not_detected,-1,135
subsample_align,292,collision,3435048,147.59835242718708,-6.0,detected_misfiled,160,172
subsample_align,413,easy,3438961,158.11753168212115,,found,51,51
subsample_align,413,easy,3439411,222.4920372939754,,found,51,51
subsample_align,371,noisy_channel,3439636,111.39221931508058,,found,121,121
subsample_align,186,pair,3440836,142.28181627820692,,detected_misfiled,20,103
subsample_align,244,collision,3441784,143.15991815840752,-5.0,detected_misfiled,118,76
subsample_align,244,collision,3442565,164.04743759338024,24.0,detected_misfiled,74,76
subsample_align,134,pair,3443761,128.51052646197746,,detected_misfiled,135,134
subsample_align,440,easy,3445186,304.97832411767627,,found,85,85
subsample_align,163,pair,3446386,97.8916913013249,,detected_misfiled,59,135
subsample_align,205,pair,3446536,152.3654098339003,,detected_misfiled,126,105
subsample_align,134,pair,3447286,131.80250912226893,,found,134,134
subsample_align,270,collision,3448679,171.36817881440172,18.0,found,185,185
subsample_align,328,noisy_channel,3449386,146.15875606636502,,found,38,38
subsample_align,163,pair,3449611,144.66148335806918,,detected_misfiled,46,135
subsample_align,270,collision,3451775,123.683097165721,-11.0,found,185,185
subsample_align,205,pair,3452236,134.30956935439926,,found,105,105
subsample_align,328,noisy_channel,3452386,152.98312741980521,,found,38,38
subsample_align,244,collision,3453117,209.99519719156757,14.0,detected_misfiled,2,76
subsample_align,205,pair,3453361,146.49257460991316,,detected_misfiled,136,105
subsample_align,390,noisy_channel,3454711,222.77493520146382,,found,21,21
subsample_align,461,easy,3455311,213.51712240046083,,found,94,94
subsample_align,390,noisy_channel,3455686,287.7741723286817,,detected_misfiled,22,21
subsample_align,205,pair,3456361,128.13189454881052,,not_detected,-1,105
subsample_align,461,easy,3457186,157.77906909411655,,found,94,94
subsample_align,328,noisy_channel,3457711,114.1269848434294,,found,38,38
subsample_align,205,pair,3457936,155.83693712776676,,found,105,105
subsample_align,440,easy,3458461,257.80369991110064,,found,85,85
subsample_align,205,pair,3458686,128.32990227977143,,not_detected,-1,105
subsample_align,328,noisy_channel,3459136,168.60661001107715,,detected_misfiled,31,38
subsample_align,390,noisy_channel,3459811,270.49389559181964,,detected_misfiled,22,21
subsample_align,186,pair,3461911,95.08252353833538,,detected_misfiled,20,103
subsample_align,270,collision,3463927,173.96859565958263,6.0,detected_misfiled,189,185
subsample_align,371,noisy_channel,3465211,137.1864769661409,,found,121,121
subsample_align,163,pair,3465661,124.49135196180926,,detected_misfiled,123,135
subsample_align,461,easy,3466036,185.91952429375328,,found,94,94
subsample_align,205,pair,3466486,133.45983829300448,,found,105,105
subsample_align,371,noisy_channel,3466711,128.00949836351685,,not_detected,-1,121
subsample_align,371,noisy_channel,3469111,90.61384304455099,,found,121,121
subsample_align,186,pair,3470911,89.09869382414101,,detected_misfiled,100,103
subsample_align,440,easy,3472186,234.52300703106798,,found,85,85
subsample_align,134,pair,3472561,152.56045345600836,,found,134,134
subsample_align,328,noisy_channel,3474061,106.66637505471931,,found,38,38
subsample_align,186,pair,3474361,105.14940787897237,,detected_misfiled,137,103
subsample_align,440,easy,3474586,241.19432563904033,,found,85,85
subsample_align,186,pair,3475111,84.76040186545414,,detected_misfiled,105,103
subsample_align,134,pair,3475411,185.99605904508468,,found,134,134
subsample_align,328,noisy_channel,3477736,180.80890437130836,,found,38,38
subsample_align,413,easy,3478636,106.85900501040726,,found,51,51
subsample_align,413,easy,3479461,177.5360322010763,,found,51,51
subsample_align,292,collision,3479806,198.25930238953356,9.0,found,172,172
subsample_align,328,noisy_channel,3481036,112.25362552011666,,detected_misfiled,117,38
subsample_align,328,noisy_channel,3481186,200.6564218766331,,found,38,38
subsample_align,205,pair,3481861,157.66961592459296,,detected_misfiled,32,105
subsample_align,163,pair,3482011,127.0702055955515,,detected_misfiled,180,135
subsample_align,413,easy,3483661,186.71658910657186,,found,51,51
subsample_align,292,collision,3483834,125.06415940861416,13.0,detected_misfiled,143,172
subsample_align,163,pair,3487336,125.59922152496385,,not_detected,-1,135
subsample_align,244,collision,3487987,230.7512291459696,-6.0,detected_misfiled,78,76
subsample_align,440,easy,3490336,274.96552373517994,,found,85,85
subsample_align,292,collision,3490490,141.55329742595188,23.0,found,172,172
subsample_align,244,collision,3493976,152.60226022526973,-12.0,detected_misfiled,82,76
subsample_align,163,pair,3495511,107.79513134621945,,not_detected,-1,135
subsample_align,440,easy,3497011,211.32805760381004,,found,85,85
subsample_align,461,easy,3500611,132.44550416127362,,found,94,94
subsample_align,461,easy,3501286,131.18526676415422,,detected_misfiled,167,94
subsample_align,186,pair,3501961,97.7100065292776,,detected_misfiled,17,103
subsample_align,371,noisy_channel,3504511,314.84550615794285,,found,121,121
subsample_align,292,collision,3505503,96.6782081616811,16.0,found,172,172
subsample_align,328,noisy_channel,3505936,140.16683456479456,,found,38,38
subsample_align,413,easy,3510211,129.07955673551868,,found,51,51
subsample_align,134,pair,3512236,79.65210761474698,,found,134,134
subsample_align,134,pair,3513061,145.05951237202223,,found,134,134
subsample_align,461,easy,3514411,146.91231992713034,,not_detected,-1,94
subsample_align,461,easy,3515911,214.10025602863863,,found,94,94
subsample_align,413,easy,3516661,195.12251001896053,,found,51,51
subsample_align,328,noisy_channel,3517411,124.53139080437384,,found,38,38
subsample_align,244,collision,3518762,121.99892135744354,9.0,detected_misfiled,194,76
subsample_align,134,pair,3520486,133.6371957902823,,found,134,134
subsample_align,390,noisy_channel,3525136,191.20940647326145,,found,21,21
subsample_align,461,easy,3525886,175.36673818062195,,found,94,94
subsample_align,390,noisy_channel,3527611,196.28681791078066,,detected_misfiled,26,21
subsample_align,163,pair,3527761,147.38965097131302,,detected_misfiled,8,135
subsample_align,461,easy,3529111,211.80928605475196,,found,94,94
subsample_align,186,pair,3531811,91.52025607490286,,detected_misfiled,104,103
subsample_align,186,pair,3532786,95.2126971479905,,not_detected,-1,103
subsample_align,244,collision,3533852,198.3212680272244,-5.0,detected_misfiled,196,76
subsample_align,205,pair,3534436,139.3510243699653,,detected_misfiled,198,105
subsample_align,440,easy,3535111,232.46116478986355,,found,85,85
subsample_align,186,pair,3535936,158.4243311630301,,detected_misfiled,106,103
subsample_align,413,easy,3537736,191.52250792870996,,found,51,51
subsample_align,390,noisy_channel,3538261,242.231996590984,,detected_misfiled,22,21
subsample_align,244,collision,3541013,193.76664222929483,-9.0,found,76,76
subsample_align,328,noisy_channel,3541636,196.97206461746953,,found,38,38
subsample_align,244,collision,3541924,187.02641268290344,19.0,found,76,76
subsample_align,244,collision,3546937,142.52122885440738,21.0,detected_misfiled,53,76
subsample_align,292,collision,3548306,130.96571509038301,-12.0,found,172,172
subsample_align,244,collision,3548583,203.19197857323311,-20.0,detected_misfiled,74,76
subsample_align,440,easy,3548761,219.92029707821487,,found,85,85
subsample_align,186,pair,3550336,114.34602033378627,,detected_misfiled,106,103
subsample_align,413,easy,3551611,167.13887175880703,,found,51,51
subsample_align,371,noisy_channel,3552136,83.71818220326742,,found,121,121
subsample_align,163,pair,3552736,124.2553067522087,,detected_misfiled,138,135
subsample_align,413,easy,3553186,142.19460815204724,,found,51,51
subsample_align,244,collision,3553456,146.2484431796337,14.0,detected_misfiled,198,76
subsample_align,461,easy,3554536,178.96362486617303,,found,94,94
subsample_align,413,easy,3556111,219.67297293474599,,found,51,51
subsample_align,163,pair,3556336,111.37865441496405,,detected_misfiled,75,135
subsample_align,461,easy,3557686,306.0663253255468,,found,94,94
subsample_align,328,noisy_channel,3557911,156.03157261184938,,detected_misfiled,123,38
subsample_align,371,noisy_channel,3558811,158.03905953026128,,found,121,121
subsample_align,244,collision,3560972,168.8701613884954,-22.0,detected_misfiled,195,76
subsample_align,461,easy,3562486,190.24678621352393,,detected_misfiled,41,94
subsample_align,244,collision,3562706,135.29731770767302,15.0,detected_misfiled,70,76
subsample_align,244,collision,3564943,146.50090825516446,7.0,detected_misfiled,56,76
subsample_align,244,collision,3565561,184.4771530937367,-15.0,detected_misfiled,53,76
subsample_align,205,pair,3565711,177.28214006842933,,detected_misfiled,15,105
subsample_align,292,collision,3566264,93.56099527247903,11.0,found,172,172
subsample_align,134,pair,3568036,160.2835030590437,,found,134,134
subsample_align,270,collision,3574000,144.1904463474216,-4.0,found,185,185
subsample_align,134,pair,3574411,170.90800823806796,,found,134,134
subsample_align,292,collision,3575162,125.26945172479027,14.0,found,172,172
subsample_align,205,pair,3575386,120.93080486613125,,found,105,105
subsample_align,186,pair,3575761,87.00052024358604,,detected_misfiled,114,103
subsample_align,292,collision,3578235,141.43216484342585,-19.0,found,172,172
subsample_align,461,easy,3578536,117.651657682192,,detected_misfiled,129,94
subsample_align,244,collision,3579343,168.18154080350956,-14.0,found,76,76
subsample_align,134,pair,3581311,138.6202458031533,,found,134,134
subsample_align,440,easy,3581986,191.64603820547828,,found,85,85
subsample_align,134,pair,3583486,102.73057697968534,,found,134,134
subsample_align,134,pair,3583711,128.60768631246276,,found,134,134
subsample_align,440,easy,3584236,217.96075810295866,,found,85,85
subsample_align,371,noisy_channel,3587311,157.0009994364817,,found,121,121
subsample_align,440,easy,3587986,189.25935590980706,,found,85,85
subsample_align,270,collision,3588585,85.78961674952942,-8.0,found,185,185
subsample_align,244,collision,3588943,142.09319129924114,-22.0,found,76,76
subsample_align,134,pair,3589111,109.54255073611677,,found,134,134
subsample_align,413,easy,3590836,194.34912963080868,,found,51,51
subsample_align,186,pair,3591061,143.34785168379517,,found,103,103
subsample_align,186,pair,3591811,112.65180354043798,,detected_misfiled,107,103
subsample_align,163,pair,3591961,138.37314428049683,,detected_misfiled,3,135
subsample_align,292,collision,3594765,146.52093655172183,-9.0,found,172,172
subsample_align,292,collision,3596185,133.24265623359145,19.0,found,172,172
subsample_align,134,pair,3598861,89.85041988693567,,found,134,134
subsample_align,244,collision,3599456,194.81738315701588,19.0,detected_misfiled,98,76
